0,1,2,3,4,5,Placement
0.22949885918507837,0.40878378378378366,9.0,1.0,0.0,1.0,0
-0.7665539131469916,0.08108108108108092,2.0,0.0,1.0,1.0,0
-0.23532576790322096,0.4138513513513512,3.0,1.0,0.0,4.0,0
-1.5633961310126476,0.28378378378378366,1.0,0.0,1.0,1.0,0
0.6943234862733777,0.5945945945945946,1.0,0.0,1.0,2.0,0
-2.2938348307228322,0.47804054054054046,5.0,1.0,0.0,0.0,0
-1.231378540235291,0.7989864864864863,8.0,1.0,0.0,5.0,0
-0.9657644676134056,0.6655405405405405,6.0,0.0,1.0,0.0,0
0.4951129318069637,0.599662162162162,5.0,1.0,0.0,5.0,0
-0.7665539131469916,0.41891891891891875,2.0,1.0,0.0,5.0,0
-0.633746876836049,0.6047297297297295,5.0,0.0,1.0,0.0,0
-0.23532576790322096,0.7753378378378378,4.0,0.0,1.0,0.0,0
-0.832957431302463,0.7668918918918918,3.0,0.0,1.0,5.0,0
-0.3681328042141636,0.6858108108108106,2.0,1.0,0.0,3.0,1
-0.16892224974774964,0.3260135135135135,9.0,1.0,0.0,5.0,0
0.4287094136514924,0.9273648648648646,9.0,1.0,0.0,4.0,1
0.9599375588952631,0.125,3.0,1.0,0.0,0.0,0
0.36230589549602105,0.6182432432432429,1.0,1.0,0.0,0.0,0
0.4287094136514924,0.8023648648648646,0.0,1.0,0.0,0.0,0
-0.43453632236963496,0.24493243243243235,5.0,1.0,0.0,4.0,0
0.36230589549602105,0.8429054054054052,0.0,0.0,1.0,5.0,0
-1.3641855765462336,0.233108108108108,5.0,1.0,0.0,3.0,0
-0.1025187315922783,0.5895270270270269,4.0,0.0,1.0,3.0,0
-0.23532576790322096,0.13344594594594594,8.0,1.0,0.0,3.0,0
-0.9657644676134056,0.8192567567567567,4.0,1.0,0.0,2.0,0
-1.5633961310126476,0.6841216216216214,3.0,1.0,0.0,2.0,0
0.561516449962435,0.5760135135135135,7.0,1.0,0.0,0.0,0
-0.7665539131469916,0.46114864864864835,1.0,1.0,0.0,4.0,0
-0.5009398405251063,0.15202702702702708,2.0,0.0,1.0,2.0,0
-0.3681328042141636,0.5270270270270269,1.0,0.0,1.0,3.0,0
0.16309534102960704,0.26858108108108103,0.0,0.0,1.0,2.0,0
0.22949885918507837,0.05067567567567566,6.0,0.0,1.0,1.0,0
0.2959023773405497,0.8445945945945942,7.0,0.0,1.0,0.0,0
0.36230589549602105,0.5253378378378378,2.0,0.0,1.0,1.0,0
-2.825062975966603,0.5777027027027025,1.0,1.0,0.0,0.0,0
0.0966918228741357,0.42567567567567555,9.0,1.0,0.0,5.0,0
1.2255516315171484,0.35304054054054046,1.0,1.0,0.0,2.0,0
-1.032167985768877,0.4341216216216216,0.0,0.0,1.0,0.0,0
0.03028830471866437,0.5692567567567567,8.0,1.0,0.0,0.0,0
0.8271305225843204,0.07939189189189177,0.0,0.0,1.0,1.0,0
-0.5009398405251063,0.6824324324324323,4.0,1.0,0.0,5.0,0
0.4951129318069637,0.6756756756756753,9.0,1.0,0.0,3.0,1
0.6943234862733777,0.06756756756756754,7.0,1.0,0.0,2.0,0
0.6943234862733777,0.25506756756756743,5.0,0.0,1.0,0.0,0
0.561516449962435,0.8175675675675674,4.0,1.0,0.0,4.0,0
-0.9657644676134056,0.7212837837837837,3.0,0.0,1.0,3.0,1
0.36230589549602105,0.48479729729729726,6.0,0.0,1.0,0.0,0
0.8271305225843204,0.4966216216216216,3.0,1.0,0.0,5.0,0
-0.9657644676134056,0.1807432432432432,8.0,1.0,0.0,4.0,0
-0.5009398405251063,0.295608108108108,8.0,0.0,1.0,4.0,0
-0.7665539131469916,0.787162162162162,6.0,0.0,1.0,1.0,0
-2.360238348878304,0.1875,5.0,1.0,0.0,3.0,0
0.22949885918507837,0.5979729729729729,3.0,0.0,1.0,3.0,0
-1.0985715039243482,0.06587837837837829,9.0,1.0,0.0,5.0,0
-1.6962031673235902,0.5574324324324323,1.0,0.0,1.0,2.0,0
-0.832957431302463,0.11993243243243235,1.0,1.0,0.0,5.0,0
-0.633746876836049,0.10979729729729726,6.0,0.0,1.0,4.0,0
-1.032167985768877,0.5608108108108106,3.0,1.0,0.0,2.0,0
-0.633746876836049,0.1182432432432432,4.0,1.0,0.0,5.0,0
0.561516449962435,0.28716216216216217,1.0,1.0,0.0,2.0,0
-0.16892224974774964,0.4307432432432431,6.0,1.0,0.0,1.0,0
0.2959023773405497,0.32094594594594594,2.0,1.0,0.0,2.0,0
0.7607270044288491,0.26351351351351326,5.0,0.0,1.0,4.0,1
0.36230589549602105,0.16216216216216206,6.0,1.0,0.0,5.0,0
-0.43453632236963496,0.3969594594594593,7.0,0.0,1.0,0.0,0
-0.43453632236963496,0.5050675675675674,2.0,1.0,0.0,0.0,0
-0.036115213436806966,0.3023648648648648,6.0,1.0,0.0,4.0,0
0.4287094136514924,0.5979729729729729,6.0,1.0,0.0,1.0,0
-1.8954137217900044,0.6199324324324323,8.0,1.0,0.0,3.0,0
0.6279199681179064,0.23141891891891886,9.0,1.0,0.0,2.0,0
-0.5009398405251063,0.815878378378378,1.0,0.0,1.0,2.0,0
0.4951129318069637,0.6385135135135135,3.0,0.0,1.0,2.0,0
-0.832957431302463,0.2854729729729729,3.0,1.0,0.0,4.0,0
-1.7626066854790616,0.1807432432432432,4.0,1.0,0.0,3.0,0
0.36230589549602105,0.19594594594594594,1.0,1.0,0.0,1.0,0
0.561516449962435,0.6469594594594591,3.0,1.0,0.0,0.0,0
0.6279199681179064,0.1148648648648648,3.0,0.0,1.0,0.0,0
0.561516449962435,0.29054054054054046,4.0,1.0,0.0,5.0,0
-0.1025187315922783,0.46283783783783783,3.0,0.0,1.0,4.0,0
-0.43453632236963496,0.10472972972972971,0.0,0.0,1.0,1.0,0
-0.633746876836049,0.8513513513513512,8.0,0.0,1.0,4.0,0
-0.43453632236963496,0.518581081081081,5.0,1.0,0.0,3.0,0
0.4951129318069637,0.5962837837837837,1.0,0.0,1.0,3.0,1
-1.1649750220798196,0.35641891891891897,0.0,1.0,0.0,3.0,0
-0.036115213436806966,0.3057432432432431,3.0,1.0,0.0,3.0,0
0.03028830471866437,0.3158783783783784,8.0,1.0,0.0,5.0,0
0.6943234862733777,0.22635135135135132,0.0,0.0,1.0,3.0,0
0.4951129318069637,0.537162162162162,7.0,1.0,0.0,1.0,0
1.0927445952062058,0.2820945945945944,7.0,0.0,1.0,1.0,0
0.16309534102960704,0.47128378378378366,0.0,0.0,1.0,2.0,0
-1.7626066854790616,0.49493243243243235,6.0,1.0,0.0,3.0,0
-1.7626066854790616,0.15709459459459452,0.0,1.0,0.0,2.0,0
0.9599375588952631,0.606418918918919,8.0,0.0,1.0,4.0,1
-0.16892224974774964,0.5777027027027025,4.0,0.0,1.0,5.0,0
0.16309534102960704,0.599662162162162,5.0,0.0,1.0,1.0,0
-0.3681328042141636,0.6891891891891889,2.0,1.0,0.0,4.0,1
-1.3641855765462336,0.07263513513513509,0.0,0.0,1.0,5.0,0
1.358358667828091,0.29729729729729726,7.0,1.0,0.0,5.0,0
0.6943234862733777,0.3158783783783784,5.0,1.0,0.0,5.0,0
-0.1025187315922783,0.3124999999999999,3.0,1.0,0.0,4.0,0
-0.036115213436806966,0.483108108108108,2.0,0.0,1.0,4.0,0
-0.7001503949915203,0.3293918918918918,2.0,0.0,1.0,1.0,0
-0.8993609494579343,0.6570945945945944,0.0,1.0,0.0,2.0,0
-1.032167985768877,0.7787162162162161,1.0,1.0,0.0,0.0,0
-0.8993609494579343,0.6520270270270269,1.0,1.0,0.0,3.0,0
-0.832957431302463,0.5777027027027025,4.0,1.0,0.0,5.0,0
-0.43453632236963496,0.8564189189189185,5.0,1.0,0.0,0.0,0
-0.5673433586805776,0.5979729729729729,0.0,0.0,1.0,1.0,0
-0.5673433586805776,0.7516891891891891,3.0,1.0,0.0,4.0,0
0.8935340407397917,0.27027027027027006,8.0,0.0,1.0,2.0,1
0.2959023773405497,0.6249999999999999,6.0,0.0,1.0,5.0,0
-0.3017292860586923,0.5219594594594593,6.0,1.0,0.0,0.0,0
-0.036115213436806966,0.5202702702702701,0.0,1.0,0.0,0.0,0
0.6943234862733777,0.4341216216216216,4.0,1.0,0.0,0.0,0
0.22949885918507837,0.27195945945945954,1.0,0.0,1.0,0.0,0
-0.3017292860586923,0.41216216216216217,1.0,1.0,0.0,3.0,0
0.22949885918507837,0.6030405405405402,9.0,1.0,0.0,2.0,0
-0.1025187315922783,0.008445945945945943,9.0,1.0,0.0,0.0,0
0.16309534102960704,0.420608108108108,1.0,1.0,0.0,0.0,0
0.561516449962435,0.027027027027026973,5.0,1.0,0.0,3.0,0
-1.0985715039243482,0.6824324324324323,2.0,1.0,0.0,5.0,0
-0.5673433586805776,0.40202702702702686,5.0,0.0,1.0,3.0,0
0.16309534102960704,0.22972972972972971,4.0,1.0,0.0,1.0,0
-0.832957431302463,0.9104729729729727,6.0,0.0,1.0,0.0,0
-0.1025187315922783,0.5337837837837837,9.0,1.0,0.0,5.0,0
0.6279199681179064,0.21283783783783772,2.0,0.0,1.0,2.0,0
-1.0985715039243482,0.5793918918918918,1.0,1.0,0.0,4.0,0
-1.231378540235291,0.8192567567567567,6.0,0.0,1.0,4.0,0
-0.7665539131469916,0.5439189189189187,9.0,0.0,1.0,3.0,0
0.4951129318069637,0.4932432432432431,8.0,0.0,1.0,3.0,0
0.4951129318069637,0.5608108108108106,6.0,1.0,0.0,5.0,0
-1.032167985768877,0.3293918918918918,7.0,1.0,0.0,0.0,0
-0.23532576790322096,0.7854729729729727,0.0,0.0,1.0,0.0,0
-0.832957431302463,0.7635135135135135,4.0,0.0,1.0,2.0,0
0.7607270044288491,0.5895270270270269,5.0,1.0,0.0,0.0,1
-0.23532576790322096,0.44932432432432423,7.0,0.0,1.0,0.0,0
-1.3641855765462336,0.9999999999999999,0.0,0.0,1.0,5.0,1
1.0927445952062058,0.108108108108108,5.0,1.0,0.0,3.0,1
-0.1025187315922783,0.30405405405405384,4.0,1.0,0.0,4.0,0
1.159148113361677,0.5304054054054052,6.0,0.0,1.0,2.0,1
-1.032167985768877,0.3057432432432431,4.0,1.0,0.0,1.0,0
-1.4969926128571762,0.30743243243243235,9.0,0.0,1.0,5.0,0
-1.0985715039243482,0.4510135135135135,8.0,1.0,0.0,1.0,0
-0.16892224974774964,0.3479729729729729,9.0,1.0,0.0,5.0,0
-0.23532576790322096,0.7584459459459457,1.0,0.0,1.0,4.0,0
-0.633746876836049,0.8209459459459457,9.0,1.0,0.0,5.0,0
0.8271305225843204,0.2010135135135135,3.0,0.0,1.0,3.0,0
0.6943234862733777,0.6756756756756753,2.0,1.0,0.0,1.0,0
0.0966918228741357,0.8040540540540541,4.0,1.0,0.0,5.0,0
-1.0985715039243482,0.6249999999999999,9.0,1.0,0.0,1.0,0
-0.9657644676134056,0.7702702702702701,4.0,1.0,0.0,4.0,0
1.0927445952062058,0.447635135135135,8.0,0.0,1.0,5.0,0
-0.8993609494579343,0.6503378378378378,7.0,1.0,0.0,1.0,0
0.4951129318069637,0.20270270270270263,0.0,1.0,0.0,1.0,0
-0.43453632236963496,0.5152027027027025,2.0,1.0,0.0,4.0,0
1.0263410770507344,0.233108108108108,5.0,1.0,0.0,5.0,1
-1.1649750220798196,0.4391891891891889,3.0,1.0,0.0,2.0,0
-2.16102779441189,0.9070945945945944,4.0,1.0,0.0,4.0,0
-0.16892224974774964,0.5945945945945946,9.0,1.0,0.0,4.0,1
0.03028830471866437,0.49831081081081063,4.0,0.0,1.0,2.0,0
0.6943234862733777,0.42905405405405406,3.0,1.0,0.0,0.0,0
-1.2977820583907622,0.7820945945945944,3.0,1.0,0.0,5.0,0
0.16309534102960704,0.2567567567567567,5.0,0.0,1.0,3.0,0
1.2255516315171484,0.10472972972972971,0.0,0.0,1.0,4.0,0
0.8271305225843204,0.9054054054054054,6.0,1.0,0.0,4.0,1
0.7607270044288491,0.6790540540540541,5.0,1.0,0.0,3.0,1
-0.8993609494579343,0.8682432432432431,3.0,0.0,1.0,1.0,0
-1.6962031673235902,0.8429054054054052,6.0,1.0,0.0,3.0,0
0.8271305225843204,0.6874999999999997,8.0,0.0,1.0,5.0,1
-1.430589094701705,0.6317567567567565,7.0,0.0,1.0,0.0,0
-0.5009398405251063,0.733108108108108,4.0,0.0,1.0,0.0,0
-0.3017292860586923,0.3834459459459457,5.0,1.0,0.0,3.0,0
0.7607270044288491,0.32094594594594594,9.0,0.0,1.0,5.0,0
-0.16892224974774964,0.7398648648648646,8.0,1.0,0.0,1.0,0
0.22949885918507837,0.447635135135135,5.0,1.0,0.0,5.0,0
-0.832957431302463,0.4763513513513512,3.0,1.0,0.0,4.0,0
-1.3641855765462336,0.28378378378378366,2.0,1.0,0.0,1.0,0
-0.9657644676134056,0.5743243243243242,3.0,0.0,1.0,2.0,0
0.6279199681179064,0.13344594594594594,5.0,0.0,1.0,3.0,0
-0.5009398405251063,0.5168918918918918,6.0,0.0,1.0,2.0,0
0.16309534102960704,0.7635135135135135,6.0,0.0,1.0,3.0,0
1.8231832949163904,0.24155405405405384,7.0,0.0,1.0,4.0,0
0.6279199681179064,0.5709459459459457,5.0,0.0,1.0,5.0,0
-0.3681328042141636,0.3124999999999999,4.0,1.0,0.0,0.0,0
0.4951129318069637,0.7567567567567565,5.0,0.0,1.0,0.0,0
0.4951129318069637,0.41891891891891875,6.0,0.0,1.0,1.0,0
-0.16892224974774964,0.7162162162162159,5.0,1.0,0.0,4.0,1
-0.16892224974774964,0.7787162162162161,4.0,0.0,1.0,4.0,1
-1.3641855765462336,0.322635135135135,5.0,0.0,1.0,0.0,0
3.151253658025817,0.5675675675675674,5.0,0.0,1.0,1.0,0
1.2255516315171484,0.733108108108108,6.0,0.0,1.0,0.0,0
-0.3017292860586923,0.7449324324324321,7.0,1.0,0.0,2.0,1
0.561516449962435,0.6402027027027025,7.0,0.0,1.0,4.0,0
-2.2938348307228322,0.21114864864864857,3.0,1.0,0.0,2.0,0
-0.7665539131469916,0.27027027027027006,8.0,1.0,0.0,1.0,0
1.0927445952062058,0.21114864864864857,7.0,0.0,1.0,0.0,0
-0.43453632236963496,0.3124999999999999,0.0,1.0,0.0,3.0,0
0.8935340407397917,0.8074324324324323,3.0,1.0,0.0,4.0,1
-1.032167985768877,0.8648648648648648,7.0,0.0,1.0,2.0,1
-1.8954137217900044,0.8885135135135135,2.0,0.0,1.0,0.0,0
0.7607270044288491,0.733108108108108,2.0,0.0,1.0,2.0,1
0.0966918228741357,0.6165540540540538,5.0,1.0,0.0,0.0,0
1.0263410770507344,0.787162162162162,5.0,1.0,0.0,2.0,1
-0.16892224974774964,0.8733108108108109,8.0,1.0,0.0,4.0,0
-0.23532576790322096,0.46283783783783783,9.0,1.0,0.0,4.0,0
0.2959023773405497,0.8817567567567565,9.0,1.0,0.0,1.0,0
0.8271305225843204,0.7314189189189185,4.0,1.0,0.0,2.0,1
0.6943234862733777,0.724662162162162,5.0,1.0,0.0,1.0,0
-1.3641855765462336,0.37331081081081063,5.0,1.0,0.0,4.0,0
-0.832957431302463,0.19256756756756743,0.0,0.0,1.0,3.0,0
0.8935340407397917,0.6790540540540541,9.0,0.0,1.0,0.0,1
0.7607270044288491,0.5287162162162161,9.0,1.0,0.0,5.0,0
0.2959023773405497,0.7652027027027025,8.0,0.0,1.0,5.0,1
0.4287094136514924,0.4966216216216216,5.0,1.0,0.0,0.0,0
0.9599375588952631,0.35641891891891897,0.0,1.0,0.0,0.0,0
1.6903762586054478,0.027027027027026973,6.0,0.0,1.0,3.0,1
1.0263410770507344,0.6114864864864863,3.0,1.0,0.0,4.0,1
-0.1025187315922783,0.09459459459459452,3.0,0.0,1.0,5.0,0
-0.7665539131469916,0.358108108108108,0.0,1.0,0.0,4.0,0
-0.036115213436806966,0.6554054054054052,7.0,0.0,1.0,4.0,0
0.561516449962435,0.4527027027027025,3.0,0.0,1.0,4.0,0
-1.629799649168119,0.8344594594594593,7.0,1.0,0.0,3.0,0
0.36230589549602105,0.260135135135135,2.0,1.0,0.0,4.0,0
-0.036115213436806966,0.8682432432432431,1.0,0.0,1.0,0.0,0
-0.3017292860586923,0.21959459459459452,1.0,0.0,1.0,0.0,0
0.4287094136514924,0.6317567567567565,3.0,1.0,0.0,2.0,1
-0.5009398405251063,0.05067567567567566,9.0,0.0,1.0,1.0,0
1.358358667828091,0.36655405405405406,6.0,1.0,0.0,5.0,0
-0.3017292860586923,0.1148648648648648,3.0,0.0,1.0,4.0,0
1.4911657041390338,0.7010135135135133,2.0,1.0,0.0,4.0,1
-0.036115213436806966,0.4054054054054054,4.0,1.0,0.0,3.0,0
-0.7665539131469916,0.4797297297297295,5.0,0.0,1.0,1.0,0
-0.16892224974774964,0.21959459459459452,9.0,0.0,1.0,2.0,0
-0.3681328042141636,0.4510135135135135,7.0,0.0,1.0,5.0,0
1.2255516315171484,0.2364864864864865,1.0,1.0,0.0,1.0,0
-0.5673433586805776,0.43581081081081063,2.0,0.0,1.0,2.0,0
-0.7001503949915203,0.6114864864864863,5.0,0.0,1.0,1.0,0
-0.3017292860586923,0.8429054054054052,1.0,1.0,0.0,1.0,0
-0.633746876836049,0.20270270270270263,8.0,0.0,1.0,0.0,0
-0.43453632236963496,0.822635135135135,6.0,1.0,0.0,5.0,0
0.8935340407397917,0.1739864864864865,7.0,1.0,0.0,4.0,0
-0.832957431302463,0.08614864864864857,4.0,1.0,0.0,3.0,0
-0.9657644676134056,0.7212837837837837,2.0,0.0,1.0,2.0,0
1.4247621859835624,0.358108108108108,8.0,0.0,1.0,5.0,0
1.6903762586054478,0.8648648648648648,1.0,1.0,0.0,1.0,0
0.36230589549602105,0.9155405405405405,1.0,1.0,0.0,4.0,1
1.2919551496726198,0.125,0.0,1.0,0.0,5.0,0
1.2255516315171484,0.48141891891891875,9.0,1.0,0.0,0.0,0
-1.231378540235291,0.4898648648648648,6.0,1.0,0.0,3.0,0
0.8271305225843204,0.5016891891891889,7.0,0.0,1.0,1.0,0
-0.16892224974774964,0.6790540540540541,5.0,0.0,1.0,1.0,0
0.6943234862733777,0.7550675675675674,0.0,1.0,0.0,2.0,1
0.0966918228741357,0.7601351351351348,3.0,1.0,0.0,2.0,1
0.2959023773405497,0.2499999999999999,0.0,1.0,0.0,3.0,0
-0.5009398405251063,0.7364864864864863,4.0,1.0,0.0,2.0,1
0.9599375588952631,0.3682432432432431,2.0,1.0,0.0,5.0,0
-0.633746876836049,0.8209459459459457,6.0,1.0,0.0,5.0,0
-0.7001503949915203,0.7668918918918918,4.0,0.0,1.0,5.0,0
-0.7001503949915203,0.5489864864864863,6.0,1.0,0.0,3.0,0
-1.0985715039243482,0.7094594594594593,9.0,1.0,0.0,0.0,0
0.8935340407397917,0.9442567567567567,8.0,1.0,0.0,1.0,0
-0.16892224974774964,0.46452702702702686,7.0,0.0,1.0,1.0,0
-0.3017292860586923,0.7837837837837837,7.0,0.0,1.0,5.0,1
0.7607270044288491,0.038851351351351204,2.0,0.0,1.0,0.0,0
-0.7665539131469916,0.699324324324324,0.0,1.0,0.0,2.0,0
0.22949885918507837,0.2804054054054054,1.0,1.0,0.0,0.0,0
0.6279199681179064,0.45608108108108103,0.0,1.0,0.0,4.0,0
1.358358667828091,0.16891891891891886,4.0,0.0,1.0,4.0,1
0.4951129318069637,0.8057432432432431,4.0,1.0,0.0,5.0,1
-0.1025187315922783,0.9273648648648646,0.0,0.0,1.0,5.0,0
1.0927445952062058,0.46114864864864835,8.0,1.0,0.0,3.0,0
1.6239727404499764,0.07263513513513509,1.0,1.0,0.0,3.0,0
-0.036115213436806966,0.886824324324324,3.0,1.0,0.0,0.0,0
-1.1649750220798196,0.7027027027027025,8.0,0.0,1.0,5.0,1
0.16309534102960704,0.9273648648648646,6.0,1.0,0.0,2.0,0
-0.16892224974774964,0.8445945945945942,1.0,0.0,1.0,0.0,0
0.4287094136514924,0.6097972972972973,5.0,1.0,0.0,3.0,1
2.022393849382804,0.6047297297297295,3.0,0.0,1.0,3.0,1
0.0966918228741357,0.15202702702702708,3.0,1.0,0.0,1.0,0
-1.1649750220798196,0.07263513513513509,3.0,0.0,1.0,2.0,0
-1.0985715039243482,0.8935810810810808,1.0,0.0,1.0,3.0,0
-1.0985715039243482,0.10304054054054057,4.0,0.0,1.0,1.0,0
1.159148113361677,0.19932432432432423,0.0,1.0,0.0,3.0,0
0.0966918228741357,0.4374999999999999,3.0,0.0,1.0,3.0,0
0.2959023773405497,0.6182432432432429,3.0,1.0,0.0,5.0,1
0.4951129318069637,0.36655405405405406,9.0,0.0,1.0,4.0,0
0.6943234862733777,0.36317567567567555,2.0,0.0,1.0,5.0,0
-1.430589094701705,0.7195945945945946,7.0,0.0,1.0,2.0,0
0.6943234862733777,0.6351351351351352,4.0,1.0,0.0,4.0,0
0.6943234862733777,0.4797297297297295,6.0,1.0,0.0,2.0,0
0.2959023773405497,0.39527027027027006,1.0,0.0,1.0,3.0,0
-1.4969926128571762,0.5591216216216214,4.0,0.0,1.0,5.0,0
0.4287094136514924,0.233108108108108,1.0,0.0,1.0,5.0,0
-1.0985715039243482,0.25506756756756743,3.0,1.0,0.0,1.0,0
-0.633746876836049,0.5135135135135135,7.0,1.0,0.0,5.0,0
-2.2938348307228322,0.4341216216216216,6.0,1.0,0.0,5.0,0
-0.1025187315922783,0.16047297297297292,4.0,1.0,0.0,1.0,0
-0.633746876836049,0.5168918918918918,4.0,0.0,1.0,4.0,0
-0.5009398405251063,0.7094594594594593,2.0,1.0,0.0,0.0,0
-0.633746876836049,0.22128378378378366,2.0,1.0,0.0,1.0,0
-0.3017292860586923,0.831081081081081,4.0,0.0,1.0,1.0,0
0.7607270044288491,0.16554054054054046,4.0,0.0,1.0,0.0,0
-1.1649750220798196,0.24155405405405384,7.0,0.0,1.0,1.0,0
-1.430589094701705,0.3614864864864863,0.0,1.0,0.0,2.0,0
0.16309534102960704,0.5118243243243242,1.0,1.0,0.0,0.0,0
-1.1649750220798196,0.6841216216216214,1.0,0.0,1.0,3.0,0
-0.7665539131469916,0.4932432432432431,9.0,0.0,1.0,0.0,0
-0.1025187315922783,0.7567567567567565,9.0,0.0,1.0,1.0,0
-1.0985715039243482,0.6385135135135135,2.0,0.0,1.0,3.0,0
-0.7001503949915203,0.8581081081081078,9.0,1.0,0.0,0.0,0
-0.23532576790322096,0.4104729729729729,2.0,1.0,0.0,5.0,0
0.9599375588952631,0.8682432432432431,3.0,0.0,1.0,0.0,0
-0.5009398405251063,0.14864864864864857,1.0,1.0,0.0,4.0,0
2.952043103559403,0.6047297297297295,3.0,0.0,1.0,5.0,1
-0.1025187315922783,0.16554054054054046,4.0,1.0,0.0,1.0,0
-0.23532576790322096,0.32432432432432423,4.0,0.0,1.0,4.0,0
-0.7001503949915203,0.5152027027027025,0.0,1.0,0.0,5.0,0
1.557569222294505,0.7668918918918918,5.0,0.0,1.0,5.0,1
1.0263410770507344,0.0557432432432432,6.0,0.0,1.0,5.0,1
-0.7001503949915203,0.7787162162162161,6.0,1.0,0.0,5.0,0
-0.5673433586805776,0.3682432432432431,3.0,0.0,1.0,5.0,0
0.36230589549602105,0.22804054054054046,6.0,0.0,1.0,1.0,0
0.16309534102960704,0.5608108108108106,6.0,0.0,1.0,5.0,0
-1.1649750220798196,0.13344594594594594,1.0,0.0,1.0,5.0,0
-0.9657644676134056,0.17567567567567566,7.0,0.0,1.0,3.0,0
-0.036115213436806966,0.41891891891891875,6.0,1.0,0.0,2.0,0
0.03028830471866437,0.22466216216216206,7.0,1.0,0.0,1.0,0
-1.4969926128571762,0.6925675675675674,6.0,1.0,0.0,1.0,0
-0.3681328042141636,0.8800675675675674,1.0,1.0,0.0,3.0,0
-1.8954137217900044,0.170608108108108,6.0,1.0,0.0,3.0,0
0.22949885918507837,0.7567567567567565,3.0,1.0,0.0,4.0,1
1.756779776760919,0.08108108108108092,2.0,0.0,1.0,4.0,0
0.36230589549602105,0.40202702702702686,1.0,1.0,0.0,2.0,0
-0.7001503949915203,0.22297297297297292,0.0,1.0,0.0,3.0,0
1.0927445952062058,0.14358108108108092,8.0,1.0,0.0,2.0,1
0.6943234862733777,0.510135135135135,3.0,0.0,1.0,0.0,0
-1.430589094701705,0.07432432432432434,7.0,0.0,1.0,1.0,0
0.6943234862733777,0.8952702702702701,5.0,0.0,1.0,4.0,0
0.4951129318069637,0.03378378378378377,4.0,1.0,0.0,0.0,0
0.8935340407397917,0.7195945945945946,2.0,1.0,0.0,0.0,0
1.358358667828091,0.22635135135135132,7.0,0.0,1.0,1.0,0
0.6943234862733777,0.7804054054054052,9.0,1.0,0.0,1.0,0
0.36230589549602105,0.8040540540540541,4.0,1.0,0.0,5.0,1
1.2919551496726198,0.6790540540540541,1.0,0.0,1.0,4.0,1
0.16309534102960704,0.537162162162162,2.0,1.0,0.0,3.0,0
-0.3017292860586923,0.4527027027027025,6.0,0.0,1.0,0.0,0
-1.032167985768877,0.6368243243243242,3.0,1.0,0.0,3.0,1
0.2959023773405497,0.10641891891891886,9.0,1.0,0.0,1.0,0
3.8152888395805307,0.6739864864864863,3.0,1.0,0.0,0.0,0
-1.0985715039243482,0.5168918918918918,3.0,1.0,0.0,0.0,0
1.557569222294505,0.125,6.0,1.0,0.0,2.0,1
-0.16892224974774964,0.4729729729729729,7.0,1.0,0.0,4.0,0
1.756779776760919,0.46790540540540515,3.0,1.0,0.0,4.0,1
1.2919551496726198,0.3412162162162161,4.0,1.0,0.0,0.0,0
0.36230589549602105,0.7989864864864863,6.0,0.0,1.0,5.0,1
-0.036115213436806966,0.6520270270270269,0.0,1.0,0.0,1.0,0
-0.3017292860586923,0.5912162162162159,4.0,0.0,1.0,4.0,0
0.561516449962435,0.5472972972972973,6.0,1.0,0.0,2.0,0
-0.3017292860586923,0.5439189189189187,7.0,0.0,1.0,4.0,0
-1.8954137217900044,0.40878378378378366,7.0,1.0,0.0,5.0,0
-0.8993609494579343,0.5016891891891889,8.0,1.0,0.0,4.0,0
0.03028830471866437,0.49493243243243235,6.0,0.0,1.0,4.0,0
-0.3681328042141636,0.27533783783783783,6.0,1.0,0.0,4.0,0
-0.036115213436806966,0.26858108108108103,9.0,0.0,1.0,1.0,0
0.2959023773405497,0.606418918918919,5.0,1.0,0.0,2.0,0
-0.633746876836049,0.22297297297297292,7.0,0.0,1.0,2.0,0
-0.16892224974774964,0.8091216216216214,6.0,0.0,1.0,0.0,0
-0.23532576790322096,0.30067567567567555,6.0,0.0,1.0,1.0,0
0.6279199681179064,0.44256756756756743,0.0,0.0,1.0,1.0,0
1.358358667828091,0.23479729729729726,2.0,1.0,0.0,0.0,0
-0.5009398405251063,0.19256756756756743,9.0,0.0,1.0,4.0,0
0.561516449962435,0.3766891891891889,9.0,1.0,0.0,2.0,0
-0.832957431302463,0.1976351351351351,1.0,1.0,0.0,4.0,0
-0.5009398405251063,0.2499999999999999,2.0,0.0,1.0,4.0,0
1.0927445952062058,0.8682432432432431,4.0,0.0,1.0,5.0,1
0.2959023773405497,0.3766891891891889,6.0,0.0,1.0,1.0,0
-0.9657644676134056,0.15540540540540537,1.0,1.0,0.0,5.0,0
1.2919551496726198,0.4999999999999999,9.0,1.0,0.0,2.0,0
2.620025512782046,0.15709459459459452,3.0,0.0,1.0,1.0,0
0.03028830471866437,0.510135135135135,3.0,0.0,1.0,0.0,0
-0.036115213436806966,0.14864864864864857,1.0,0.0,1.0,1.0,0
1.2255516315171484,0.7770270270270269,8.0,1.0,0.0,4.0,1
-1.032167985768877,0.1739864864864865,6.0,1.0,0.0,4.0,0
-0.16892224974774964,0.7753378378378378,2.0,0.0,1.0,4.0,1
2.088797367538276,0.5895270270270269,9.0,0.0,1.0,1.0,0
-1.1649750220798196,0.6807432432432431,9.0,0.0,1.0,5.0,1
0.9599375588952631,0.8108108108108106,8.0,0.0,1.0,3.0,1
-1.829010203634533,0.5439189189189187,8.0,1.0,0.0,1.0,0
0.36230589549602105,0.35304054054054046,2.0,0.0,1.0,4.0,0
-1.8954137217900044,0.1841216216216215,8.0,1.0,0.0,4.0,0
1.358358667828091,0.46790540540540515,2.0,0.0,1.0,0.0,0
1.0927445952062058,0.42567567567567555,5.0,1.0,0.0,0.0,0
-2.227431312567361,0.6655405405405405,4.0,0.0,1.0,1.0,0
1.4247621859835624,0.47128378378378366,3.0,1.0,0.0,3.0,0
1.557569222294505,0.12668918918918914,4.0,0.0,1.0,4.0,0
-0.7001503949915203,0.4239864864864863,0.0,1.0,0.0,5.0,0
-1.6962031673235902,0.5304054054054052,8.0,0.0,1.0,5.0,0
0.36230589549602105,0.36317567567567555,6.0,1.0,0.0,5.0,0
0.4951129318069637,0.5641891891891891,6.0,0.0,1.0,1.0,0
1.8231832949163904,0.15709459459459452,9.0,0.0,1.0,4.0,1
-0.16892224974774964,0.6790540540540541,0.0,1.0,0.0,2.0,0
-0.8993609494579343,0.672297297297297,2.0,1.0,0.0,0.0,0
-0.8993609494579343,0.3902027027027025,5.0,1.0,0.0,2.0,0
-0.7665539131469916,0.7685810810810808,4.0,1.0,0.0,3.0,1
-0.5673433586805776,0.6537162162162161,7.0,0.0,1.0,3.0,1
0.7607270044288491,0.9391891891891889,7.0,0.0,1.0,5.0,1
1.159148113361677,0.4104729729729729,5.0,1.0,0.0,4.0,0
2.553621994626575,0.05405405405405406,0.0,1.0,0.0,3.0,0
-0.633746876836049,0.6689189189189187,1.0,0.0,1.0,0.0,0
1.2919551496726198,0.797297297297297,0.0,0.0,1.0,1.0,0
-0.9657644676134056,0.44932432432432423,1.0,0.0,1.0,5.0,0
0.16309534102960704,0.7888513513513512,9.0,0.0,1.0,3.0,0
-1.6962031673235902,0.8716216216216214,0.0,0.0,1.0,4.0,1
-0.1025187315922783,0.17229729729729715,6.0,0.0,1.0,5.0,0
-1.3641855765462336,0.6418918918918918,5.0,0.0,1.0,1.0,0
0.9599375588952631,0.447635135135135,8.0,1.0,0.0,2.0,0
-0.036115213436806966,0.6841216216216214,5.0,1.0,0.0,5.0,0
-1.430589094701705,0.9662162162162159,3.0,1.0,0.0,2.0,0
2.553621994626575,0.7804054054054052,5.0,1.0,0.0,0.0,0
0.4951129318069637,0.11317567567567566,1.0,1.0,0.0,2.0,0
0.4951129318069637,0.20945945945945943,2.0,1.0,0.0,3.0,0
1.6903762586054478,0.46452702702702686,9.0,0.0,1.0,3.0,0
-0.3681328042141636,0.7719594594594591,9.0,1.0,0.0,1.0,0
-1.829010203634533,0.6756756756756753,5.0,1.0,0.0,2.0,0
-0.7001503949915203,0.15709459459459452,2.0,1.0,0.0,4.0,0
-0.43453632236963496,0.3682432432432431,2.0,1.0,0.0,5.0,0
0.561516449962435,0.6604729729729727,0.0,0.0,1.0,3.0,0
0.6943234862733777,0.24831081081081063,6.0,1.0,0.0,3.0,0
-0.832957431302463,0.1385135135135135,4.0,1.0,0.0,5.0,0
0.7607270044288491,0.35641891891891897,7.0,0.0,1.0,5.0,0
1.557569222294505,0.8243243243243242,9.0,0.0,1.0,3.0,1
-0.5009398405251063,0.49493243243243235,3.0,1.0,0.0,5.0,0
1.4247621859835624,0.4763513513513512,3.0,1.0,0.0,2.0,1
-1.6962031673235902,0.5760135135135135,2.0,1.0,0.0,1.0,0
1.6903762586054478,0.2398648648648648,8.0,1.0,0.0,2.0,0
0.7607270044288491,0.5844594594594593,2.0,1.0,0.0,0.0,0
-0.1025187315922783,0.8783783783783782,4.0,1.0,0.0,3.0,0
-1.3641855765462336,0.3817567567567567,1.0,0.0,1.0,1.0,0
-0.16892224974774964,0.7652027027027025,4.0,0.0,1.0,2.0,0
1.6239727404499764,0.8530405405405402,4.0,0.0,1.0,4.0,1
-0.5673433586805776,0.6587837837837834,7.0,1.0,0.0,0.0,0
0.8271305225843204,0.4729729729729729,4.0,0.0,1.0,3.0,1
1.2919551496726198,0.1773648648648648,2.0,0.0,1.0,4.0,0
-0.9657644676134056,0.17905405405405395,3.0,1.0,0.0,3.0,0
0.36230589549602105,0.6503378378378378,4.0,1.0,0.0,1.0,0
0.9599375588952631,0.6621621621621622,9.0,1.0,0.0,1.0,0
0.0966918228741357,0.518581081081081,1.0,1.0,0.0,0.0,0
-0.23532576790322096,0.42567567567567555,0.0,1.0,0.0,1.0,0
1.2255516315171484,0.6030405405405402,6.0,1.0,0.0,5.0,1
0.4951129318069637,0.8023648648648646,9.0,0.0,1.0,3.0,0
-1.032167985768877,0.5439189189189187,2.0,0.0,1.0,5.0,0
1.4911657041390338,0.30405405405405384,4.0,1.0,0.0,5.0,0
1.2255516315171484,0.3783783783783784,8.0,0.0,1.0,4.0,0
-0.036115213436806966,0.25506756756756743,3.0,1.0,0.0,1.0,0
1.8231832949163904,0.26858108108108103,7.0,1.0,0.0,3.0,0
-0.3017292860586923,0.49831081081081063,5.0,1.0,0.0,5.0,0
-2.4930453851892462,0.6216216216216216,9.0,1.0,0.0,4.0,0
-0.16892224974774964,0.8192567567567567,2.0,1.0,0.0,5.0,0
-1.7626066854790616,0.6655405405405405,8.0,0.0,1.0,1.0,0
1.358358667828091,0.17567567567567566,1.0,1.0,0.0,4.0,0
-1.032167985768877,0.47128378378378366,8.0,1.0,0.0,3.0,0
1.358358667828091,0.2854729729729729,2.0,1.0,0.0,1.0,0
0.22949885918507837,0.706081081081081,3.0,0.0,1.0,0.0,0
-0.036115213436806966,0.8462837837837837,9.0,1.0,0.0,2.0,0
1.2255516315171484,0.5557432432432431,1.0,1.0,0.0,2.0,1
0.8271305225843204,0.5675675675675674,7.0,1.0,0.0,5.0,0
1.2255516315171484,0.8902027027027025,1.0,0.0,1.0,3.0,1
0.561516449962435,0.6368243243243242,0.0,0.0,1.0,4.0,1
-1.032167985768877,0.40878378378378366,7.0,0.0,1.0,4.0,0
-0.9657644676134056,0.45608108108108103,0.0,1.0,0.0,3.0,0
1.756779776760919,0.16047297297297292,1.0,1.0,0.0,3.0,0
0.9599375588952631,0.21959459459459452,3.0,0.0,1.0,1.0,0
-0.23532576790322096,0.45608108108108103,4.0,1.0,0.0,2.0,0
-1.4969926128571762,0.8429054054054052,2.0,1.0,0.0,0.0,0
-0.036115213436806966,0.5793918918918918,5.0,0.0,1.0,0.0,0
0.6943234862733777,0.8885135135135135,3.0,1.0,0.0,0.0,0
0.22949885918507837,0.7584459459459457,6.0,0.0,1.0,1.0,0
0.6279199681179064,0.7820945945945944,2.0,0.0,1.0,3.0,0
0.6279199681179064,0.3479729729729729,8.0,0.0,1.0,0.0,0
-1.231378540235291,0.7854729729729727,5.0,1.0,0.0,1.0,0
2.022393849382804,0.6655405405405405,1.0,1.0,0.0,1.0,0
0.4287094136514924,0.4138513513513512,8.0,1.0,0.0,4.0,0
0.2959023773405497,0.7398648648648646,5.0,0.0,1.0,5.0,1
-0.16892224974774964,0.6925675675675674,3.0,0.0,1.0,3.0,0
0.6943234862733777,0.17567567567567566,3.0,0.0,1.0,4.0,0
1.4247621859835624,0.670608108108108,1.0,1.0,0.0,4.0,1
0.7607270044288491,0.5152027027027025,1.0,1.0,0.0,4.0,1
-1.231378540235291,0.23817567567567555,3.0,0.0,1.0,4.0,0
-0.3017292860586923,0.16891891891891886,6.0,0.0,1.0,0.0,0
-0.5009398405251063,0.5827702702702701,0.0,1.0,0.0,4.0,0
-0.23532576790322096,0.2922297297297295,2.0,1.0,0.0,3.0,0
-0.23532576790322096,0.8851351351351348,7.0,0.0,1.0,3.0,1
1.6239727404499764,0.5388513513513512,2.0,1.0,0.0,4.0,1
0.8935340407397917,0.21283783783783772,8.0,0.0,1.0,0.0,0
0.6943234862733777,0.12162162162162149,5.0,0.0,1.0,5.0,0
-0.7001503949915203,0.572635135135135,3.0,1.0,0.0,5.0,0
0.36230589549602105,0.46114864864864835,1.0,1.0,0.0,3.0,0
2.022393849382804,0.08614864864864857,0.0,1.0,0.0,2.0,1
-0.036115213436806966,0.6351351351351352,5.0,1.0,0.0,3.0,0
1.557569222294505,0.5016891891891889,3.0,1.0,0.0,1.0,0
-1.032167985768877,0.8006756756756753,4.0,0.0,1.0,1.0,0
0.6279199681179064,0.7128378378378376,5.0,0.0,1.0,2.0,1
-1.0985715039243482,0.8091216216216214,5.0,0.0,1.0,1.0,0
-1.2977820583907622,0.5439189189189187,0.0,0.0,1.0,2.0,0
-2.8914664941220742,0.21114864864864857,1.0,1.0,0.0,1.0,0
1.0263410770507344,0.1908783783783783,3.0,1.0,0.0,3.0,1
-0.3681328042141636,0.7533783783783782,0.0,1.0,0.0,0.0,0
2.088797367538276,0.16047297297297292,3.0,1.0,0.0,0.0,0
0.9599375588952631,0.545608108108108,1.0,1.0,0.0,0.0,0
1.159148113361677,0.1317567567567568,6.0,1.0,0.0,5.0,0
1.358358667828091,0.7398648648648646,4.0,0.0,1.0,2.0,1
-1.0985715039243482,0.47466216216216195,6.0,0.0,1.0,0.0,0
-1.032167985768877,0.608108108108108,3.0,1.0,0.0,2.0,1
1.0263410770507344,0.5929054054054054,9.0,0.0,1.0,0.0,1
-0.8993609494579343,0.7888513513513512,7.0,1.0,0.0,5.0,1
0.8271305225843204,0.5777027027027025,0.0,1.0,0.0,5.0,1
-1.0985715039243482,0.15540540540540537,9.0,0.0,1.0,5.0,0
2.155200885693747,0.027027027027026973,8.0,0.0,1.0,1.0,0
0.4287094136514924,0.25844594594594594,2.0,0.0,1.0,1.0,0
1.4247621859835624,0.7584459459459457,7.0,1.0,0.0,5.0,1
0.2959023773405497,0.5844594594594593,5.0,1.0,0.0,0.0,0
0.16309534102960704,0.2820945945945944,8.0,0.0,1.0,3.0,0
0.4951129318069637,0.5152027027027025,5.0,1.0,0.0,3.0,0
-1.0985715039243482,0.6942567567567567,0.0,0.0,1.0,2.0,1
0.8271305225843204,0.7922297297297297,0.0,1.0,0.0,5.0,1
0.03028830471866437,0.6621621621621622,3.0,0.0,1.0,2.0,0
-0.43453632236963496,0.5929054054054054,3.0,1.0,0.0,2.0,0
-0.23532576790322096,0.2736486486486486,3.0,1.0,0.0,0.0,0
1.4247621859835624,0.27195945945945954,9.0,0.0,1.0,1.0,0
0.4287094136514924,0.4104729729729729,2.0,1.0,0.0,0.0,0
-1.5633961310126476,0.20439189189189177,8.0,0.0,1.0,4.0,0
1.2919551496726198,0.35304054054054046,0.0,1.0,0.0,5.0,0
1.4911657041390338,0.6908783783783784,0.0,1.0,0.0,2.0,1
0.4951129318069637,0.46790540540540515,4.0,1.0,0.0,2.0,0
0.03028830471866437,0.6486486486486486,3.0,0.0,1.0,1.0,0
1.2919551496726198,0.0625,5.0,1.0,0.0,0.0,0
0.6943234862733777,0.5135135135135135,4.0,0.0,1.0,3.0,0
0.2959023773405497,0.8192567567567567,9.0,0.0,1.0,4.0,1
-0.633746876836049,0.20270270270270263,2.0,0.0,1.0,5.0,0
1.358358667828091,0.26858108108108103,5.0,1.0,0.0,1.0,0
0.03028830471866437,0.787162162162162,6.0,1.0,0.0,2.0,0
0.9599375588952631,0.07601351351351349,2.0,0.0,1.0,0.0,0
-2.028220758100947,0.5675675675675674,2.0,1.0,0.0,0.0,0
-1.1649750220798196,0.4459459459459457,1.0,1.0,0.0,3.0,0
0.6943234862733777,0.7280405405405402,9.0,1.0,0.0,4.0,0
-0.5673433586805776,0.2432432432432433,1.0,1.0,0.0,4.0,0
1.557569222294505,0.4459459459459457,9.0,0.0,1.0,1.0,0
-0.5009398405251063,0.5050675675675674,0.0,0.0,1.0,0.0,0
0.0966918228741357,0.14864864864864857,9.0,1.0,0.0,2.0,0
0.03028830471866437,0.8716216216216214,7.0,1.0,0.0,2.0,0
1.0927445952062058,0.572635135135135,6.0,0.0,1.0,0.0,0
-0.1025187315922783,0.831081081081081,3.0,1.0,0.0,0.0,0
-0.9657644676134056,0.12162162162162149,1.0,1.0,0.0,4.0,0
0.4951129318069637,0.9290540540540536,9.0,0.0,1.0,4.0,1
0.16309534102960704,0.15202702702702708,2.0,0.0,1.0,4.0,0
1.159148113361677,0.9374999999999997,6.0,1.0,0.0,2.0,1
-1.1649750220798196,0.6959459459459457,2.0,1.0,0.0,2.0,1
0.7607270044288491,0.28378378378378366,3.0,1.0,0.0,4.0,1
-0.7665539131469916,0.8597972972972973,3.0,1.0,0.0,3.0,1
-2.825062975966603,0.24155405405405384,1.0,1.0,0.0,0.0,0
0.0966918228741357,0.6756756756756753,8.0,0.0,1.0,2.0,0
-0.633746876836049,0.40033783783783783,4.0,0.0,1.0,1.0,0
1.0927445952062058,0.17567567567567566,7.0,0.0,1.0,3.0,1
-1.2977820583907622,0.7415540540540538,7.0,0.0,1.0,1.0,0
-0.832957431302463,0.7347972972972973,5.0,1.0,0.0,2.0,1
0.4287094136514924,0.6266891891891891,3.0,0.0,1.0,0.0,0
-0.1025187315922783,0.6587837837837834,8.0,1.0,0.0,4.0,1
-0.5673433586805776,0.8597972972972973,5.0,0.0,1.0,1.0,0
1.6903762586054478,0.5962837837837837,9.0,1.0,0.0,0.0,0
1.358358667828091,0.6824324324324323,7.0,0.0,1.0,4.0,1
0.9599375588952631,0.510135135135135,1.0,1.0,0.0,3.0,1
0.03028830471866437,0.3057432432432431,3.0,1.0,0.0,5.0,0
-0.8993609494579343,0.5152027027027025,1.0,0.0,1.0,4.0,0
1.159148113361677,0.20608108108108103,0.0,1.0,0.0,0.0,0
-0.3681328042141636,0.6756756756756753,1.0,1.0,0.0,5.0,0
0.4287094136514924,0.4527027027027025,1.0,1.0,0.0,4.0,0
-0.3681328042141636,0.3192567567567567,1.0,1.0,0.0,5.0,0
-0.5673433586805776,0.672297297297297,6.0,0.0,1.0,1.0,0
2.022393849382804,0.19594594594594594,9.0,1.0,0.0,3.0,1
0.6279199681179064,0.5506756756756755,2.0,1.0,0.0,3.0,0
0.2959023773405497,0.42905405405405406,0.0,1.0,0.0,2.0,0
0.03028830471866437,0.03378378378378377,7.0,0.0,1.0,2.0,0
-1.0985715039243482,0.8513513513513512,0.0,1.0,0.0,5.0,0
0.16309534102960704,0.22804054054054046,1.0,0.0,1.0,5.0,0
1.2255516315171484,0.3344594594594593,3.0,1.0,0.0,0.0,0
1.2255516315171484,0.29054054054054046,9.0,1.0,0.0,0.0,0
0.8271305225843204,0.233108108108108,0.0,0.0,1.0,4.0,0
2.752832549092989,0.1638513513513512,3.0,1.0,0.0,0.0,0
-1.2977820583907622,0.170608108108108,6.0,1.0,0.0,5.0,0
0.6279199681179064,0.5641891891891891,6.0,1.0,0.0,0.0,0
-0.036115213436806966,0.8412162162162159,0.0,1.0,0.0,0.0,0
-0.7001503949915203,0.6908783783783784,5.0,1.0,0.0,0.0,0
-1.4969926128571762,0.31756756756756743,3.0,1.0,0.0,2.0,0
1.557569222294505,0.8682432432432431,8.0,0.0,1.0,3.0,1
-0.7001503949915203,0.5777027027027025,3.0,0.0,1.0,5.0,0
0.6279199681179064,0.31081081081081063,3.0,1.0,0.0,1.0,0
0.03028830471866437,0.7939189189189187,3.0,0.0,1.0,2.0,0
-2.227431312567361,0.9104729729729727,6.0,0.0,1.0,0.0,0
-0.43453632236963496,0.8040540540540541,6.0,0.0,1.0,3.0,0
0.22949885918507837,0.8935810810810808,9.0,1.0,0.0,5.0,0
2.553621994626575,0.8378378378378376,7.0,0.0,1.0,4.0,1
0.6279199681179064,0.5489864864864863,6.0,1.0,0.0,1.0,0
-0.633746876836049,0.16722972972972971,8.0,0.0,1.0,5.0,0
-0.3681328042141636,0.6334459459459457,5.0,1.0,0.0,3.0,0
-2.16102779441189,0.07939189189189177,0.0,1.0,0.0,4.0,0
-0.16892224974774964,0.7162162162162159,1.0,1.0,0.0,0.0,0
-0.036115213436806966,0.7195945945945946,2.0,0.0,1.0,1.0,0
-0.16892224974774964,0.14527027027027029,6.0,1.0,0.0,5.0,0
-2.825062975966603,0.8192567567567567,0.0,1.0,0.0,4.0,1
1.0927445952062058,0.9391891891891889,4.0,0.0,1.0,0.0,1
1.159148113361677,0.8023648648648646,7.0,1.0,0.0,5.0,1
0.36230589549602105,0.2888513513513512,4.0,1.0,0.0,2.0,0
-3.024273530433017,0.8952702702702701,1.0,1.0,0.0,4.0,0
0.561516449962435,0.6689189189189187,0.0,1.0,0.0,2.0,1
-0.1025187315922783,0.25506756756756743,8.0,1.0,0.0,1.0,0
-0.5009398405251063,0.5152027027027025,5.0,1.0,0.0,2.0,0
2.354411440160161,0.8344594594594593,8.0,1.0,0.0,3.0,1
-0.1025187315922783,0.7483108108108109,0.0,1.0,0.0,1.0,0
-0.832957431302463,0.4898648648648648,3.0,1.0,0.0,5.0,0
0.36230589549602105,0.31756756756756743,3.0,1.0,0.0,4.0,0
-1.3641855765462336,0.6469594594594591,2.0,1.0,0.0,5.0,0
0.03028830471866437,0.49155405405405406,4.0,1.0,0.0,4.0,0
-1.0985715039243482,0.7111486486486486,3.0,0.0,1.0,1.0,0
0.16309534102960704,0.18243243243243235,6.0,1.0,0.0,0.0,0
1.0927445952062058,0.41554054054054046,5.0,0.0,1.0,4.0,0
-1.1649750220798196,0.46452702702702686,8.0,1.0,0.0,3.0,0
-0.1025187315922783,0.17229729729729715,2.0,1.0,0.0,4.0,0
-0.7001503949915203,0.3682432432432431,4.0,0.0,1.0,3.0,0
1.0927445952062058,0.22635135135135132,7.0,1.0,0.0,0.0,0
-1.4969926128571762,0.3614864864864863,7.0,1.0,0.0,0.0,0
-0.5673433586805776,0.7804054054054052,3.0,0.0,1.0,1.0,0
-2.0946242762564182,0.44932432432432423,2.0,0.0,1.0,0.0,0
1.4247621859835624,0.5354729729729729,0.0,1.0,0.0,3.0,1
-0.633746876836049,0.22972972972972971,5.0,1.0,0.0,1.0,0
0.561516449962435,0.4054054054054054,0.0,1.0,0.0,1.0,0
-0.832957431302463,0.24831081081081063,0.0,0.0,1.0,3.0,0
0.2959023773405497,0.18918918918918914,5.0,1.0,0.0,2.0,0
-1.4969926128571762,0.7432432432432431,2.0,0.0,1.0,5.0,1
0.6943234862733777,0.7280405405405402,1.0,1.0,0.0,3.0,1
-2.0946242762564182,0.33783783783783783,8.0,1.0,0.0,0.0,0
-0.16892224974774964,0.7567567567567565,3.0,1.0,0.0,0.0,0
0.8935340407397917,0.9577702702702703,7.0,1.0,0.0,1.0,0
1.4247621859835624,0.518581081081081,8.0,1.0,0.0,1.0,0
-1.0985715039243482,0.5945945945945946,5.0,1.0,0.0,4.0,1
-0.1025187315922783,0.5422297297297295,4.0,1.0,0.0,2.0,0
0.03028830471866437,0.1841216216216215,4.0,1.0,0.0,4.0,0
0.03028830471866437,0.9037162162162161,6.0,0.0,1.0,5.0,0
-0.23532576790322096,0.2466216216216216,8.0,1.0,0.0,0.0,0
-1.5633961310126476,0.1317567567567568,6.0,1.0,0.0,3.0,0
-0.036115213436806966,0.3091216216216216,7.0,0.0,1.0,3.0,0
0.16309534102960704,0.48141891891891875,3.0,0.0,1.0,0.0,0
0.22949885918507837,0.3817567567567567,3.0,0.0,1.0,5.0,0
0.6279199681179064,0.8783783783783782,8.0,0.0,1.0,0.0,0
-0.23532576790322096,0.19932432432432423,9.0,0.0,1.0,5.0,0
1.4247621859835624,0.5912162162162159,6.0,1.0,0.0,2.0,1
-1.6962031673235902,0.4070945945945946,8.0,1.0,0.0,3.0,0
-0.16892224974774964,0.4070945945945946,9.0,0.0,1.0,1.0,0
0.4951129318069637,0.17905405405405395,2.0,1.0,0.0,1.0,0
3.084850139870346,0.09797297297297292,3.0,1.0,0.0,5.0,0
-0.1025187315922783,0.8783783783783782,5.0,1.0,0.0,3.0,0
0.16309534102960704,0.7432432432432431,4.0,0.0,1.0,4.0,0
0.36230589549602105,0.787162162162162,4.0,1.0,0.0,4.0,0
-1.1649750220798196,0.32432432432432423,9.0,1.0,0.0,1.0,0
1.955990331227333,0.31418918918918914,6.0,1.0,0.0,5.0,0
0.4951129318069637,0.6959459459459457,5.0,0.0,1.0,0.0,0
-1.0985715039243482,0.25844594594594594,3.0,0.0,1.0,5.0,0
-0.9657644676134056,0.3091216216216216,7.0,1.0,0.0,0.0,0
1.0927445952062058,0.537162162162162,0.0,1.0,0.0,1.0,0
-0.633746876836049,0.7314189189189185,1.0,1.0,0.0,0.0,0
-1.829010203634533,0.4172297297297295,0.0,1.0,0.0,3.0,0
-0.5009398405251063,0.6739864864864863,4.0,1.0,0.0,4.0,1
-1.829010203634533,0.608108108108108,8.0,0.0,1.0,4.0,0
0.6279199681179064,0.3192567567567567,2.0,0.0,1.0,4.0,0
-0.8993609494579343,0.5135135135135135,7.0,1.0,0.0,0.0,0
-1.430589094701705,0.31081081081081063,2.0,1.0,0.0,3.0,0
-0.9657644676134056,0.5236486486486486,9.0,0.0,1.0,3.0,0
-0.16892224974774964,0.6655405405405405,1.0,1.0,0.0,4.0,0
-1.9618172399454756,0.6689189189189187,1.0,1.0,0.0,0.0,0
0.16309534102960704,0.4695945945945946,9.0,0.0,1.0,5.0,0
-1.032167985768877,0.7027027027027025,1.0,1.0,0.0,4.0,0
-1.629799649168119,0.6858108108108106,5.0,0.0,1.0,5.0,0
0.6943234862733777,0.420608108108108,8.0,0.0,1.0,3.0,0
0.561516449962435,0.545608108108108,0.0,1.0,0.0,2.0,0
-0.7001503949915203,0.41554054054054046,4.0,1.0,0.0,3.0,0
0.4287094136514924,0.35641891891891897,8.0,1.0,0.0,2.0,0
0.8935340407397917,0.724662162162162,0.0,1.0,0.0,0.0,1
0.16309534102960704,0.21790540540540537,9.0,1.0,0.0,4.0,0
-0.16892224974774964,0.3293918918918918,0.0,0.0,1.0,3.0,0
-0.5009398405251063,0.7685810810810808,3.0,0.0,1.0,3.0,0
0.6943234862733777,0.5067567567567567,5.0,0.0,1.0,5.0,0
0.4951129318069637,0.125,2.0,0.0,1.0,2.0,0
0.8271305225843204,0.8631756756756755,6.0,1.0,0.0,3.0,1
-0.43453632236963496,0.17905405405405395,9.0,0.0,1.0,5.0,0
-0.3681328042141636,0.7010135135135133,1.0,1.0,0.0,0.0,0
-0.036115213436806966,0.599662162162162,0.0,1.0,0.0,2.0,1
0.4951129318069637,0.7499999999999999,6.0,1.0,0.0,3.0,0
0.4287094136514924,0.31756756756756743,5.0,1.0,0.0,4.0,0
0.36230589549602105,0.28378378378378366,3.0,1.0,0.0,4.0,0
0.561516449962435,0.8581081081081078,8.0,1.0,0.0,1.0,0
0.36230589549602105,0.09628378378378377,9.0,1.0,0.0,0.0,0
0.22949885918507837,0.6554054054054052,4.0,1.0,0.0,1.0,0
0.8271305225843204,0.4054054054054054,9.0,0.0,1.0,1.0,0
2.487218476471104,0.8851351351351348,3.0,0.0,1.0,3.0,1
1.4911657041390338,0.5743243243243242,4.0,0.0,1.0,0.0,0
-1.2977820583907622,0.1638513513513512,3.0,1.0,0.0,4.0,0
-1.629799649168119,0.4459459459459457,1.0,1.0,0.0,0.0,0
0.4287094136514924,0.23817567567567555,8.0,1.0,0.0,1.0,0
0.36230589549602105,0.2989864864864863,6.0,0.0,1.0,2.0,0
-0.633746876836049,0.4442567567567567,9.0,1.0,0.0,2.0,0
2.354411440160161,0.6756756756756753,5.0,1.0,0.0,2.0,1
1.358358667828091,0.11993243243243235,8.0,1.0,0.0,0.0,0
-0.3017292860586923,0.6655405405405405,8.0,1.0,0.0,2.0,0
-0.7001503949915203,0.7449324324324321,6.0,0.0,1.0,1.0,0
0.03028830471866437,0.15202702702702708,6.0,1.0,0.0,3.0,0
0.16309534102960704,0.3124999999999999,9.0,1.0,0.0,5.0,0
-0.23532576790322096,0.8412162162162159,4.0,0.0,1.0,0.0,0
0.22949885918507837,0.08277027027027029,7.0,1.0,0.0,4.0,0
1.358358667828091,0.0557432432432432,0.0,1.0,0.0,2.0,0
1.8231832949163904,0.09459459459459452,0.0,0.0,1.0,0.0,0
-1.430589094701705,0.16216216216216206,7.0,0.0,1.0,2.0,0
1.159148113361677,0.21790540540540537,1.0,0.0,1.0,1.0,0
1.8231832949163904,0.33108108108108103,7.0,0.0,1.0,5.0,0
-0.5673433586805776,0.47804054054054046,2.0,0.0,1.0,3.0,0
1.0263410770507344,0.5777027027027025,6.0,1.0,0.0,1.0,0
-0.7001503949915203,0.8277027027027025,1.0,1.0,0.0,2.0,0
2.553621994626575,0.06418918918918914,8.0,0.0,1.0,1.0,0
0.4287094136514924,0.46790540540540515,0.0,0.0,1.0,2.0,0
0.6279199681179064,0.04729729729729726,4.0,0.0,1.0,1.0,0
-0.16892224974774964,0.27533783783783783,6.0,1.0,0.0,3.0,0
0.36230589549602105,0.7584459459459457,3.0,1.0,0.0,1.0,0
-0.3017292860586923,0.6638513513513512,2.0,1.0,0.0,3.0,1
0.4287094136514924,0.2567567567567567,2.0,0.0,1.0,0.0,0
0.03028830471866437,0.447635135135135,8.0,1.0,0.0,2.0,0
0.0966918228741357,0.9037162162162161,0.0,0.0,1.0,1.0,0
-0.5673433586805776,0.5016891891891889,4.0,1.0,0.0,5.0,0
0.7607270044288491,0.7263513513513512,4.0,0.0,1.0,1.0,0
0.9599375588952631,0.37331081081081063,9.0,0.0,1.0,3.0,0
-0.7665539131469916,0.831081081081081,9.0,1.0,0.0,0.0,0
-2.0946242762564182,0.7499999999999999,3.0,1.0,0.0,2.0,0
-0.1025187315922783,0.16722972972972971,0.0,1.0,0.0,0.0,0
-0.832957431302463,0.3445945945945944,7.0,1.0,0.0,4.0,0
-1.0985715039243482,0.9577702702702703,1.0,0.0,1.0,3.0,0
0.03028830471866437,0.49155405405405406,2.0,0.0,1.0,4.0,0
0.16309534102960704,0.5540540540540541,0.0,1.0,0.0,1.0,0
-0.1025187315922783,0.6216216216216216,8.0,1.0,0.0,2.0,0
1.159148113361677,0.31756756756756743,4.0,1.0,0.0,3.0,0
-0.832957431302463,0.46114864864864835,2.0,0.0,1.0,4.0,0
1.0263410770507344,0.1908783783783783,3.0,1.0,0.0,2.0,1
1.557569222294505,0.26858108108108103,8.0,0.0,1.0,0.0,0
-1.2977820583907622,0.4070945945945946,7.0,1.0,0.0,4.0,0
-0.5673433586805776,0.023648648648648574,7.0,0.0,1.0,0.0,0
-0.1025187315922783,0.43243243243243235,8.0,1.0,0.0,3.0,0
-0.036115213436806966,0.7432432432432431,6.0,1.0,0.0,1.0,0
-1.4969926128571762,0.7922297297297297,0.0,1.0,0.0,2.0,1
-1.032167985768877,0.7263513513513512,4.0,1.0,0.0,0.0,0
-1.4969926128571762,0.3918918918918918,5.0,1.0,0.0,4.0,0
0.8271305225843204,0.5793918918918918,6.0,1.0,0.0,3.0,1
-0.633746876836049,0.14864864864864857,1.0,1.0,0.0,5.0,0
0.22949885918507837,0.7449324324324321,3.0,1.0,0.0,5.0,0
-0.036115213436806966,0.5337837837837837,6.0,1.0,0.0,4.0,0
-0.16892224974774964,0.16891891891891886,4.0,1.0,0.0,5.0,0
1.159148113361677,0.3918918918918918,6.0,1.0,0.0,3.0,1
0.16309534102960704,0.39527027027027006,3.0,0.0,1.0,4.0,0
0.03028830471866437,0.9459459459459457,0.0,1.0,0.0,5.0,0
0.6943234862733777,0.706081081081081,8.0,1.0,0.0,5.0,0
-1.1649750220798196,0.6418918918918918,5.0,1.0,0.0,0.0,0
0.8271305225843204,0.8749999999999999,0.0,0.0,1.0,2.0,1
-0.633746876836049,0.5861486486486486,6.0,0.0,1.0,3.0,0
-0.8993609494579343,0.4408783783783784,4.0,1.0,0.0,0.0,0
0.22949885918507837,0.17229729729729715,9.0,0.0,1.0,1.0,0
-0.832957431302463,0.30067567567567555,3.0,1.0,0.0,2.0,0
0.4287094136514924,0.706081081081081,5.0,0.0,1.0,5.0,0
-0.3017292860586923,0.2787162162162161,6.0,1.0,0.0,5.0,0
0.4951129318069637,0.8631756756756755,4.0,1.0,0.0,1.0,0
-1.4969926128571762,0.2398648648648648,7.0,1.0,0.0,3.0,0
0.561516449962435,0.6283783783783782,6.0,1.0,0.0,0.0,0
-0.5009398405251063,0.48817567567567555,2.0,1.0,0.0,5.0,0
-0.832957431302463,0.47466216216216195,6.0,1.0,0.0,4.0,0
0.2959023773405497,0.36655405405405406,1.0,0.0,1.0,4.0,0
0.8935340407397917,0.5152027027027025,5.0,1.0,0.0,3.0,0
0.6279199681179064,0.6908783783783784,1.0,1.0,0.0,4.0,0
1.6903762586054478,0.49831081081081063,6.0,1.0,0.0,5.0,0
0.6943234862733777,0.10472972972972971,6.0,1.0,0.0,5.0,0
1.159148113361677,0.33277027027027006,4.0,0.0,1.0,3.0,0
-0.5009398405251063,0.7415540540540538,7.0,0.0,1.0,1.0,0
-0.1025187315922783,0.1739864864864865,4.0,0.0,1.0,2.0,0
0.6943234862733777,0.29054054054054046,1.0,0.0,1.0,1.0,0
0.8935340407397917,0.4307432432432431,7.0,1.0,0.0,2.0,0
-1.7626066854790616,0.7736486486486484,6.0,1.0,0.0,2.0,1
0.03028830471866437,0.545608108108108,0.0,1.0,0.0,1.0,0
-0.16892224974774964,0.2989864864864863,3.0,1.0,0.0,4.0,0
0.4287094136514924,0.699324324324324,5.0,1.0,0.0,3.0,0
0.16309534102960704,0.9594594594594593,0.0,1.0,0.0,5.0,0
-0.16892224974774964,0.7685810810810808,5.0,1.0,0.0,5.0,0
-0.23532576790322096,0.572635135135135,3.0,0.0,1.0,2.0,0
0.6943234862733777,0.32094594594594594,4.0,0.0,1.0,0.0,0
0.4951129318069637,0.420608108108108,6.0,1.0,0.0,4.0,0
0.36230589549602105,0.6300675675675674,7.0,0.0,1.0,1.0,0
-1.2977820583907622,0.5439189189189187,1.0,1.0,0.0,2.0,0
-0.3017292860586923,0.545608108108108,2.0,0.0,1.0,2.0,0
-1.629799649168119,0.7280405405405402,8.0,0.0,1.0,3.0,1
-0.8993609494579343,0.5557432432432431,5.0,0.0,1.0,3.0,0
-0.3681328042141636,0.42229729729729726,2.0,1.0,0.0,0.0,0
2.354411440160161,0.8006756756756753,8.0,0.0,1.0,1.0,0
0.4951129318069637,0.358108108108108,4.0,0.0,1.0,3.0,0
1.8231832949163904,0.8462837837837837,1.0,1.0,0.0,4.0,1
-1.430589094701705,0.6858108108108106,7.0,1.0,0.0,5.0,0
-0.832957431302463,0.5236486486486486,9.0,1.0,0.0,2.0,0
-0.23532576790322096,0.3057432432432431,6.0,0.0,1.0,3.0,0
1.557569222294505,0.581081081081081,1.0,1.0,0.0,0.0,0
0.2959023773405497,0.1841216216216215,9.0,1.0,0.0,1.0,0
-1.1649750220798196,0.15709459459459452,1.0,0.0,1.0,4.0,0
0.7607270044288491,0.46452702702702686,7.0,0.0,1.0,0.0,0
-0.5673433586805776,0.7347972972972973,8.0,1.0,0.0,1.0,0
-0.1025187315922783,0.6908783783783784,9.0,1.0,0.0,5.0,1
-0.7001503949915203,0.7179054054054052,7.0,1.0,0.0,5.0,0
-0.9657644676134056,0.2668918918918918,8.0,0.0,1.0,2.0,0
0.8935340407397917,0.6891891891891889,4.0,1.0,0.0,3.0,1
0.36230589549602105,0.7736486486486484,0.0,0.0,1.0,1.0,0
-2.4930453851892462,0.2533783783783784,6.0,1.0,0.0,3.0,0
0.03028830471866437,0.670608108108108,2.0,0.0,1.0,3.0,1
0.22949885918507837,0.5506756756756755,0.0,1.0,0.0,5.0,0
0.7607270044288491,0.1638513513513512,7.0,1.0,0.0,0.0,0
-2.16102779441189,0.7584459459459457,6.0,0.0,1.0,4.0,1
-0.3681328042141636,0.358108108108108,5.0,1.0,0.0,0.0,0
0.9599375588952631,0.8631756756756755,1.0,1.0,0.0,1.0,0
-0.1025187315922783,0.33277027027027006,7.0,1.0,0.0,5.0,0
-0.7665539131469916,0.6317567567567565,5.0,1.0,0.0,5.0,1
-0.633746876836049,0.358108108108108,0.0,1.0,0.0,5.0,0
-0.3017292860586923,0.7652027027027025,7.0,0.0,1.0,2.0,0
0.22949885918507837,0.6385135135135135,7.0,0.0,1.0,5.0,0
0.0966918228741357,0.8277027027027025,3.0,1.0,0.0,1.0,0
-0.8993609494579343,0.4527027027027025,3.0,1.0,0.0,4.0,0
-0.1025187315922783,0.9594594594594593,2.0,1.0,0.0,1.0,0
0.03028830471866437,0.14864864864864857,0.0,1.0,0.0,4.0,0
0.6943234862733777,0.815878378378378,8.0,0.0,1.0,1.0,0
-1.430589094701705,0.07432432432432434,9.0,1.0,0.0,2.0,0
-0.43453632236963496,0.25506756756756743,2.0,1.0,0.0,1.0,0
-0.9657644676134056,0.39527027027027006,2.0,0.0,1.0,3.0,0
0.6279199681179064,0.2854729729729729,1.0,1.0,0.0,0.0,0
0.9599375588952631,0.4797297297297295,6.0,1.0,0.0,1.0,0
-1.5633961310126476,0.8479729729729729,5.0,1.0,0.0,0.0,0
-0.3681328042141636,0.4662162162162161,4.0,1.0,0.0,0.0,0
-0.832957431302463,0.3023648648648648,9.0,1.0,0.0,3.0,0
-1.8954137217900044,0.6030405405405402,5.0,1.0,0.0,0.0,0
-0.5673433586805776,0.2989864864864863,3.0,1.0,0.0,4.0,0
-1.1649750220798196,0.8361486486486486,0.0,0.0,1.0,2.0,0
-1.0985715039243482,0.08952702702702697,8.0,0.0,1.0,2.0,0
0.22949885918507837,0.3614864864864863,4.0,1.0,0.0,1.0,0
-1.032167985768877,0.030405405405405372,9.0,1.0,0.0,0.0,0
0.8271305225843204,0.6013513513513512,3.0,0.0,1.0,5.0,1
1.6239727404499764,0.5692567567567567,9.0,1.0,0.0,1.0,0
-0.3017292860586923,0.1182432432432432,9.0,1.0,0.0,5.0,0
-0.7001503949915203,0.795608108108108,1.0,1.0,0.0,3.0,0
0.561516449962435,0.4932432432432431,4.0,1.0,0.0,1.0,0
-0.3017292860586923,0.7128378378378376,3.0,1.0,0.0,5.0,1
-0.3681328042141636,0.9087837837837837,6.0,0.0,1.0,4.0,0
-0.5009398405251063,0.3834459459459457,7.0,1.0,0.0,1.0,0
-1.430589094701705,0.6689189189189187,1.0,0.0,1.0,3.0,1
-2.825062975966603,0.815878378378378,8.0,0.0,1.0,2.0,0
-1.3641855765462336,0.7010135135135133,6.0,1.0,0.0,3.0,0
-0.3017292860586923,0.447635135135135,6.0,1.0,0.0,4.0,0
-0.633746876836049,0.5287162162162161,6.0,0.0,1.0,5.0,0
-0.633746876836049,0.5033783783783782,2.0,0.0,1.0,2.0,0
2.022393849382804,0.7212837837837837,9.0,1.0,0.0,2.0,1
0.36230589549602105,0.6503378378378378,4.0,1.0,0.0,4.0,0
0.22949885918507837,0.5979729729729729,3.0,0.0,1.0,0.0,0
-0.5673433586805776,0.16891891891891886,5.0,0.0,1.0,0.0,0
0.16309534102960704,0.6435810810810808,3.0,1.0,0.0,2.0,0
0.4287094136514924,0.2820945945945944,2.0,0.0,1.0,1.0,0
-1.1649750220798196,0.6503378378378378,9.0,1.0,0.0,5.0,0
1.358358667828091,0.3766891891891889,2.0,1.0,0.0,3.0,0
-1.4969926128571762,0.3648648648648648,7.0,0.0,1.0,3.0,0
-0.7665539131469916,0.6503378378378378,0.0,0.0,1.0,4.0,0
-0.3681328042141636,0.2736486486486486,0.0,1.0,0.0,1.0,0
-0.23532576790322096,0.6351351351351352,6.0,1.0,0.0,4.0,1
-1.3641855765462336,0.3513513513513512,3.0,1.0,0.0,2.0,0
0.6943234862733777,0.7364864864864863,2.0,0.0,1.0,4.0,0
0.2959023773405497,0.4999999999999999,1.0,1.0,0.0,2.0,0
2.553621994626575,0.5016891891891889,2.0,1.0,0.0,2.0,0
-0.43453632236963496,0.42567567567567555,5.0,0.0,1.0,2.0,0
-0.8993609494579343,0.5557432432432431,5.0,0.0,1.0,0.0,0
0.03028830471866437,0.572635135135135,2.0,1.0,0.0,4.0,0
0.4951129318069637,0.8074324324324323,3.0,1.0,0.0,0.0,0
1.2919551496726198,0.36317567567567555,1.0,1.0,0.0,2.0,1
-0.832957431302463,0.22128378378378366,0.0,0.0,1.0,5.0,0
-1.6962031673235902,0.1773648648648648,8.0,1.0,0.0,5.0,0
-1.8954137217900044,0.7027027027027025,3.0,1.0,0.0,4.0,1
0.6279199681179064,0.7212837837837837,1.0,1.0,0.0,0.0,0
-0.1025187315922783,0.8124999999999997,7.0,0.0,1.0,3.0,0
0.8271305225843204,0.4763513513513512,0.0,1.0,0.0,1.0,0
0.2959023773405497,0.260135135135135,5.0,1.0,0.0,0.0,0
-0.1025187315922783,0.10641891891891886,7.0,1.0,0.0,2.0,0
-0.5009398405251063,0.4527027027027025,1.0,0.0,1.0,0.0,0
0.16309534102960704,0.7280405405405402,4.0,1.0,0.0,3.0,0
0.6279199681179064,0.7483108108108109,8.0,1.0,0.0,2.0,0
-1.0985715039243482,0.4138513513513512,0.0,1.0,0.0,5.0,0
-0.5009398405251063,0.24155405405405384,5.0,0.0,1.0,3.0,0
-0.16892224974774964,0.9054054054054054,0.0,1.0,0.0,4.0,0
1.159148113361677,0.7263513513513512,3.0,1.0,0.0,5.0,1
0.16309534102960704,0.670608108108108,7.0,0.0,1.0,2.0,0
-1.0985715039243482,0.6368243243243242,8.0,1.0,0.0,0.0,0
-1.3641855765462336,0.5287162162162161,3.0,0.0,1.0,3.0,0
0.16309534102960704,0.24493243243243235,0.0,0.0,1.0,3.0,0
0.4951129318069637,0.09628378378378377,9.0,0.0,1.0,5.0,0
-0.3017292860586923,0.6418918918918918,7.0,0.0,1.0,1.0,0
-0.9657644676134056,0.912162162162162,7.0,0.0,1.0,4.0,1
0.8271305225843204,0.9020270270270269,5.0,0.0,1.0,2.0,1
0.6943234862733777,0.9864864864864863,3.0,1.0,0.0,0.0,0
-0.5009398405251063,0.385135135135135,3.0,1.0,0.0,3.0,0
0.0966918228741357,0.5084459459459457,1.0,0.0,1.0,2.0,0
1.6239727404499764,0.36993243243243235,4.0,1.0,0.0,2.0,0
-0.832957431302463,0.7212837837837837,9.0,1.0,0.0,3.0,0
-0.633746876836049,0.2466216216216216,3.0,1.0,0.0,1.0,0
-0.832957431302463,0.7027027027027025,1.0,1.0,0.0,3.0,0
1.2919551496726198,0.17229729729729715,3.0,1.0,0.0,5.0,1
-1.3641855765462336,0.8124999999999997,6.0,0.0,1.0,2.0,0
-1.4969926128571762,0.20945945945945943,4.0,0.0,1.0,1.0,0
0.16309534102960704,0.13344594594594594,9.0,0.0,1.0,0.0,0
-1.4969926128571762,0.1908783783783783,6.0,0.0,1.0,0.0,0
1.2255516315171484,0.42905405405405406,8.0,1.0,0.0,4.0,0
0.2959023773405497,0.8429054054054052,4.0,1.0,0.0,2.0,1
-2.227431312567361,0.14020270270270263,2.0,1.0,0.0,2.0,0
1.159148113361677,0.7195945945945946,8.0,1.0,0.0,2.0,1
0.6943234862733777,0.5472972972972973,5.0,0.0,1.0,3.0,0
-0.7001503949915203,0.6334459459459457,4.0,0.0,1.0,5.0,1
-0.3681328042141636,0.05067567567567566,3.0,1.0,0.0,5.0,0
-1.829010203634533,0.3547297297297295,5.0,1.0,0.0,3.0,0
-1.829010203634533,0.20270270270270263,8.0,1.0,0.0,3.0,0
-0.8993609494579343,0.5979729729729729,1.0,1.0,0.0,0.0,0
1.8895868130718618,0.2820945945945944,2.0,0.0,1.0,0.0,0
-0.7665539131469916,0.09966216216216206,2.0,1.0,0.0,0.0,0
2.088797367538276,0.41216216216216217,9.0,1.0,0.0,4.0,0
-2.227431312567361,0.22972972972972971,7.0,1.0,0.0,1.0,0
0.9599375588952631,0.483108108108108,4.0,0.0,1.0,3.0,1
-0.7001503949915203,0.7601351351351348,4.0,0.0,1.0,0.0,0
-0.3017292860586923,0.09121621621621623,0.0,1.0,0.0,5.0,0
0.0966918228741357,0.672297297297297,6.0,1.0,0.0,0.0,0
-0.832957431302463,0.8733108108108109,1.0,1.0,0.0,3.0,0
0.561516449962435,0.18243243243243235,7.0,0.0,1.0,5.0,0
-0.3017292860586923,0.7804054054054052,1.0,0.0,1.0,5.0,1
0.4287094136514924,0.43581081081081063,4.0,1.0,0.0,1.0,0
-0.3017292860586923,0.7179054054054052,7.0,0.0,1.0,2.0,0
1.557569222294505,0.3293918918918918,8.0,1.0,0.0,4.0,0
-0.5673433586805776,0.5861486486486486,1.0,1.0,0.0,3.0,0
-1.1649750220798196,0.22297297297297292,4.0,1.0,0.0,0.0,0
-0.5009398405251063,0.15540540540540537,7.0,0.0,1.0,4.0,0
-0.3017292860586923,0.20777027027027017,4.0,1.0,0.0,5.0,0
-0.832957431302463,0.45777027027027006,2.0,1.0,0.0,1.0,0
1.955990331227333,0.1182432432432432,9.0,0.0,1.0,3.0,0
2.022393849382804,0.2922297297297295,2.0,1.0,0.0,4.0,0
-0.16892224974774964,0.1351351351351351,7.0,1.0,0.0,0.0,0
0.561516449962435,0.11148648648648651,4.0,1.0,0.0,3.0,0
-0.036115213436806966,0.7635135135135135,3.0,1.0,0.0,0.0,0
0.2959023773405497,0.8513513513513512,2.0,1.0,0.0,0.0,0
0.03028830471866437,0.697635135135135,9.0,1.0,0.0,4.0,0
0.03028830471866437,0.7736486486486484,2.0,1.0,0.0,5.0,0
1.4247621859835624,0.7364864864864863,6.0,0.0,1.0,5.0,1
-1.829010203634533,0.8091216216216214,9.0,0.0,1.0,2.0,1
0.561516449962435,0.23479729729729726,8.0,0.0,1.0,2.0,0
-1.629799649168119,0.8327702702702703,1.0,1.0,0.0,1.0,0
-0.3017292860586923,0.36993243243243235,6.0,1.0,0.0,5.0,0
-0.3681328042141636,0.7010135135135133,2.0,0.0,1.0,5.0,0
-0.3017292860586923,0.8969594594594591,8.0,0.0,1.0,5.0,1
0.4287094136514924,0.697635135135135,2.0,0.0,1.0,4.0,1
0.9599375588952631,0.322635135135135,1.0,1.0,0.0,0.0,0
1.4911657041390338,0.31081081081081063,2.0,1.0,0.0,4.0,0
-0.7001503949915203,0.7533783783783782,2.0,0.0,1.0,4.0,1
1.159148113361677,0.1773648648648648,4.0,1.0,0.0,0.0,0
1.159148113361677,0.795608108108108,2.0,0.0,1.0,2.0,1
0.7607270044288491,0.5827702702702701,4.0,1.0,0.0,2.0,0
0.4951129318069637,0.7719594594594591,5.0,1.0,0.0,4.0,0
1.756779776760919,0.42567567567567555,4.0,0.0,1.0,5.0,0
-1.5633961310126476,0.09797297297297292,2.0,0.0,1.0,4.0,0
-0.1025187315922783,0.29054054054054046,2.0,0.0,1.0,1.0,0
-0.16892224974774964,0.49155405405405406,1.0,0.0,1.0,4.0,0
-0.7001503949915203,0.5793918918918918,2.0,1.0,0.0,2.0,0
-0.23532576790322096,0.4341216216216216,4.0,1.0,0.0,1.0,0
1.0927445952062058,0.606418918918919,9.0,1.0,0.0,5.0,1
0.0966918228741357,0.6689189189189187,4.0,1.0,0.0,0.0,0
1.557569222294505,0.697635135135135,1.0,0.0,1.0,2.0,1
0.6279199681179064,0.25168918918918914,4.0,0.0,1.0,1.0,0
-1.032167985768877,0.6233108108108106,7.0,0.0,1.0,3.0,0
0.4287094136514924,0.12331081081081063,4.0,0.0,1.0,1.0,0
0.9599375588952631,0.33952702702702686,4.0,1.0,0.0,3.0,1
-0.8993609494579343,0.29054054054054046,8.0,1.0,0.0,0.0,0
0.4951129318069637,0.8817567567567565,4.0,0.0,1.0,1.0,0
-0.7665539131469916,0.7905405405405405,2.0,0.0,1.0,1.0,0
-0.633746876836049,0.0692567567567568,3.0,0.0,1.0,3.0,0
-0.633746876836049,0.518581081081081,1.0,1.0,0.0,2.0,0
-0.5673433586805776,0.38682432432432423,5.0,1.0,0.0,4.0,0
0.6279199681179064,0.060810810810810856,9.0,1.0,0.0,4.0,0
0.8935340407397917,0.9087837837837837,6.0,0.0,1.0,2.0,1
0.16309534102960704,0.822635135135135,6.0,0.0,1.0,0.0,0
-1.231378540235291,0.6942567567567567,7.0,1.0,0.0,4.0,1
-0.3681328042141636,0.5591216216216214,3.0,1.0,0.0,4.0,0
0.9599375588952631,0.5979729729729729,7.0,0.0,1.0,3.0,1
-0.5009398405251063,0.7618243243243242,1.0,1.0,0.0,3.0,1
-1.430589094701705,0.3023648648648648,7.0,1.0,0.0,5.0,0
-0.1025187315922783,0.6368243243243242,5.0,1.0,0.0,2.0,1
0.6943234862733777,0.6266891891891891,2.0,1.0,0.0,4.0,0
-1.1649750220798196,0.581081081081081,0.0,1.0,0.0,5.0,0
0.22949885918507837,0.8040540540540541,1.0,0.0,1.0,3.0,0
-0.832957431302463,0.7584459459459457,0.0,0.0,1.0,4.0,0
-0.16892224974774964,0.1807432432432432,7.0,0.0,1.0,3.0,0
-1.3641855765462336,0.12668918918918914,7.0,1.0,0.0,4.0,0
-1.0985715039243482,0.16554054054054046,6.0,1.0,0.0,1.0,0
0.4951129318069637,0.6452702702702701,6.0,0.0,1.0,5.0,1
-0.5673433586805776,0.1908783783783783,2.0,1.0,0.0,3.0,0
-1.2977820583907622,0.25844594594594594,0.0,1.0,0.0,5.0,0
-0.1025187315922783,0.6773648648648648,6.0,1.0,0.0,5.0,0
0.4951129318069637,0.46790540540540515,7.0,1.0,0.0,2.0,0
-1.231378540235291,0.9510135135135133,0.0,0.0,1.0,3.0,1
1.0263410770507344,0.8327702702702703,2.0,0.0,1.0,4.0,1
0.2959023773405497,0.7027027027027025,8.0,1.0,0.0,1.0,0
0.561516449962435,0.47804054054054046,7.0,0.0,1.0,5.0,0
0.9599375588952631,0.518581081081081,7.0,0.0,1.0,2.0,0
0.22949885918507837,0.41891891891891875,4.0,1.0,0.0,5.0,0
-0.036115213436806966,0.4662162162162161,4.0,0.0,1.0,3.0,0
-1.1649750220798196,0.795608108108108,3.0,1.0,0.0,4.0,0
-1.3641855765462336,0.724662162162162,4.0,1.0,0.0,0.0,0
0.2959023773405497,0.17229729729729715,6.0,0.0,1.0,0.0,0
0.7607270044288491,0.7618243243243242,0.0,0.0,1.0,3.0,1
0.2959023773405497,0.7804054054054052,6.0,1.0,0.0,4.0,0
-1.629799649168119,0.3749999999999999,1.0,1.0,0.0,5.0,0
0.03028830471866437,0.7685810810810808,3.0,0.0,1.0,4.0,1
0.03028830471866437,0.6317567567567565,7.0,0.0,1.0,3.0,0
-0.5673433586805776,0.7145270270270269,8.0,0.0,1.0,1.0,0
-1.9618172399454756,0.8108108108108106,6.0,1.0,0.0,2.0,0
-0.832957431302463,0.29729729729729726,7.0,1.0,0.0,1.0,0
-0.5009398405251063,0.815878378378378,5.0,0.0,1.0,3.0,0
0.4951129318069637,0.7736486486486484,5.0,1.0,0.0,0.0,0
1.2255516315171484,0.14695945945945943,1.0,1.0,0.0,1.0,0
0.6943234862733777,0.5557432432432431,2.0,1.0,0.0,4.0,0
-0.3681328042141636,0.3817567567567567,2.0,1.0,0.0,1.0,0
-0.3017292860586923,0.6841216216216214,9.0,0.0,1.0,5.0,0
0.4287094136514924,0.2989864864864863,9.0,0.0,1.0,0.0,0
-0.036115213436806966,0.16891891891891886,2.0,1.0,0.0,2.0,0
0.8935340407397917,0.4797297297297295,8.0,1.0,0.0,3.0,0
-0.5009398405251063,0.4932432432432431,9.0,1.0,0.0,2.0,0
1.2255516315171484,0.17567567567567566,6.0,1.0,0.0,0.0,0
-0.1025187315922783,0.25506756756756743,1.0,0.0,1.0,4.0,0
2.022393849382804,0.32770270270270274,1.0,1.0,0.0,0.0,0
0.9599375588952631,0.7652027027027025,4.0,1.0,0.0,5.0,1
-1.1649750220798196,0.5591216216216214,6.0,1.0,0.0,2.0,0
0.7607270044288491,0.25168918918918914,8.0,0.0,1.0,3.0,1
0.22949885918507837,0.6368243243243242,4.0,1.0,0.0,3.0,0
1.6903762586054478,0.5354729729729729,4.0,1.0,0.0,1.0,0
0.4951129318069637,0.15540540540540537,8.0,0.0,1.0,4.0,0
-1.7626066854790616,0.3986486486486486,9.0,0.0,1.0,4.0,0
-0.036115213436806966,0.699324324324324,5.0,1.0,0.0,3.0,0
-0.5009398405251063,0.21621621621621623,3.0,0.0,1.0,5.0,0
-0.633746876836049,0.4543918918918918,2.0,1.0,0.0,2.0,0
2.088797367538276,0.5912162162162159,7.0,0.0,1.0,0.0,0
1.955990331227333,0.40033783783783783,6.0,1.0,0.0,4.0,0
0.561516449962435,0.0625,0.0,0.0,1.0,4.0,0
-0.7001503949915203,0.26351351351351326,5.0,1.0,0.0,5.0,0
0.16309534102960704,0.09290540540540537,0.0,1.0,0.0,1.0,0
0.7607270044288491,0.6570945945945944,4.0,0.0,1.0,3.0,1
0.4951129318069637,0.6807432432432431,2.0,1.0,0.0,3.0,0
0.9599375588952631,0.14864864864864857,4.0,1.0,0.0,3.0,1
-0.3017292860586923,0.7668918918918918,6.0,1.0,0.0,5.0,0
0.16309534102960704,0.8361486486486486,4.0,1.0,0.0,4.0,1
0.4287094136514924,0.26520270270270274,3.0,1.0,0.0,5.0,0
0.4287094136514924,0.6131756756756755,6.0,1.0,0.0,2.0,0
-0.43453632236963496,0.22128378378378366,8.0,0.0,1.0,2.0,0
-0.23532576790322096,0.5861486486486486,0.0,0.0,1.0,0.0,0
1.955990331227333,0.14189189189189177,1.0,1.0,0.0,5.0,0
-0.832957431302463,0.7043918918918918,2.0,1.0,0.0,4.0,0
-0.1025187315922783,0.42905405405405406,8.0,1.0,0.0,3.0,0
-0.7665539131469916,0.41554054054054046,3.0,1.0,0.0,3.0,0
1.6903762586054478,0.4104729729729729,4.0,0.0,1.0,5.0,1
0.0966918228741357,0.5929054054054054,8.0,1.0,0.0,1.0,0
0.8935340407397917,0.47466216216216195,9.0,1.0,0.0,3.0,0
0.8935340407397917,0.24493243243243235,5.0,0.0,1.0,5.0,1
1.2255516315171484,0.5405405405405405,7.0,1.0,0.0,3.0,0
-0.43453632236963496,0.6739864864864863,2.0,0.0,1.0,4.0,0
0.16309534102960704,0.8395270270270269,4.0,1.0,0.0,5.0,0
-1.4969926128571762,0.831081081081081,8.0,1.0,0.0,4.0,0
-0.7665539131469916,0.19256756756756743,7.0,1.0,0.0,4.0,0
0.0966918228741357,0.2533783783783784,9.0,0.0,1.0,1.0,0
0.36230589549602105,0.6097972972972973,5.0,0.0,1.0,2.0,0
-0.036115213436806966,0.5878378378378376,3.0,1.0,0.0,3.0,0
-1.8954137217900044,0.920608108108108,5.0,1.0,0.0,4.0,0
1.4247621859835624,0.14189189189189177,6.0,0.0,1.0,5.0,0
0.4287094136514924,0.6418918918918918,6.0,0.0,1.0,4.0,1
1.159148113361677,0.9003378378378376,1.0,0.0,1.0,0.0,1
-1.8954137217900044,0.5624999999999999,4.0,1.0,0.0,2.0,0
0.4951129318069637,0.5405405405405405,8.0,0.0,1.0,5.0,0
0.4287094136514924,0.060810810810810856,2.0,0.0,1.0,3.0,0
-0.16892224974774964,0.4594594594594593,8.0,0.0,1.0,4.0,0
-0.43453632236963496,0.8918918918918918,1.0,0.0,1.0,4.0,0
0.16309534102960704,0.14527027027027029,6.0,1.0,0.0,2.0,0
1.2919551496726198,0.39527027027027006,8.0,1.0,0.0,2.0,0
0.22949885918507837,0.8547297297297295,6.0,1.0,0.0,2.0,0
-0.3017292860586923,0.6266891891891891,4.0,1.0,0.0,2.0,0
0.6943234862733777,0.706081081081081,6.0,1.0,0.0,3.0,1
0.8935340407397917,0.14864864864864857,1.0,1.0,0.0,5.0,0
-1.430589094701705,0.8209459459459457,9.0,1.0,0.0,0.0,0
-1.4969926128571762,0.22972972972972971,9.0,0.0,1.0,5.0,0
1.6903762586054478,0.672297297297297,0.0,1.0,0.0,2.0,1
0.6943234862733777,0.6351351351351352,2.0,0.0,1.0,1.0,0
0.36230589549602105,0.20608108108108103,0.0,1.0,0.0,5.0,0
0.03028830471866437,0.7550675675675674,7.0,1.0,0.0,5.0,1
-0.7665539131469916,0.3986486486486486,9.0,1.0,0.0,0.0,0
-1.829010203634533,0.15540540540540537,1.0,0.0,1.0,3.0,0
-0.5009398405251063,0.6537162162162161,2.0,1.0,0.0,4.0,1
0.7607270044288491,0.6131756756756755,0.0,1.0,0.0,0.0,0
-1.231378540235291,0.5405405405405405,3.0,0.0,1.0,4.0,0
-1.2977820583907622,0.1283783783783783,1.0,1.0,0.0,3.0,0
1.4247621859835624,0.3716216216216216,6.0,1.0,0.0,5.0,0
2.686429030937518,0.7719594594594591,1.0,1.0,0.0,5.0,1
-0.832957431302463,0.6435810810810808,5.0,1.0,0.0,3.0,0
2.620025512782046,0.6334459459459457,8.0,1.0,0.0,1.0,0
-0.43453632236963496,0.5929054054054054,8.0,1.0,0.0,3.0,0
-0.5009398405251063,0.36655405405405406,6.0,1.0,0.0,4.0,0
-0.1025187315922783,0.45608108108108103,8.0,0.0,1.0,2.0,0
2.221604403849218,0.33783783783783783,7.0,0.0,1.0,1.0,0
-1.9618172399454756,0.6486486486486486,7.0,1.0,0.0,0.0,0
0.2959023773405497,0.5219594594594593,4.0,0.0,1.0,2.0,0
-0.16892224974774964,0.14695945945945943,5.0,0.0,1.0,2.0,0
0.561516449962435,0.8902027027027025,1.0,0.0,1.0,3.0,0
1.8231832949163904,0.25844594594594594,1.0,0.0,1.0,0.0,0
-1.5633961310126476,0.8040540540540541,8.0,1.0,0.0,0.0,0
-0.23532576790322096,0.9155405405405405,7.0,0.0,1.0,2.0,1
0.6279199681179064,0.15709459459459452,5.0,1.0,0.0,5.0,0
-0.16892224974774964,0.7381756756756755,9.0,1.0,0.0,4.0,0
1.4911657041390338,0.5202702702702701,2.0,1.0,0.0,5.0,0
-0.16892224974774964,0.27702702702702686,7.0,0.0,1.0,5.0,0
-0.633746876836049,0.7111486486486486,3.0,1.0,0.0,3.0,0
0.16309534102960704,0.7162162162162159,4.0,0.0,1.0,2.0,0
1.2255516315171484,0.32094594594594594,6.0,0.0,1.0,1.0,0
0.6279199681179064,0.7111486486486486,7.0,0.0,1.0,0.0,0
-0.5673433586805776,0.7347972972972973,0.0,1.0,0.0,3.0,0
0.03028830471866437,0.05067567567567566,3.0,1.0,0.0,0.0,0
-0.3681328042141636,0.9273648648648646,9.0,0.0,1.0,0.0,0
0.6943234862733777,0.13344594594594594,8.0,0.0,1.0,2.0,0
-0.8993609494579343,0.7145270270270269,4.0,1.0,0.0,4.0,0
-0.16892224974774964,0.3902027027027025,1.0,1.0,0.0,3.0,0
-0.43453632236963496,0.8766891891891891,1.0,0.0,1.0,2.0,0
0.03028830471866437,0.2499999999999999,5.0,0.0,1.0,5.0,0
0.6943234862733777,0.8243243243243242,1.0,0.0,1.0,1.0,0
0.03028830471866437,0.6638513513513512,4.0,0.0,1.0,2.0,1
1.2255516315171484,0.510135135135135,8.0,1.0,0.0,2.0,1
-0.1025187315922783,0.43243243243243235,4.0,1.0,0.0,2.0,0
-1.1649750220798196,0.9611486486486486,2.0,1.0,0.0,0.0,0
-0.5673433586805776,0.3716216216216216,5.0,0.0,1.0,0.0,0
-0.036115213436806966,0.7128378378378376,5.0,1.0,0.0,1.0,0
-1.3641855765462336,0.06418918918918914,5.0,0.0,1.0,4.0,0
-0.8993609494579343,0.7550675675675674,0.0,1.0,0.0,3.0,1
-0.43453632236963496,0.7888513513513512,9.0,1.0,0.0,1.0,0
-0.036115213436806966,0.22804054054054046,4.0,1.0,0.0,2.0,0
-1.629799649168119,0.11993243243243235,1.0,0.0,1.0,4.0,0
0.4287094136514924,0.46452702702702686,5.0,1.0,0.0,3.0,0
-0.8993609494579343,0.15878378378378377,2.0,1.0,0.0,3.0,0
-0.3017292860586923,0.9510135135135133,5.0,0.0,1.0,2.0,0
1.4247621859835624,0.6638513513513512,7.0,0.0,1.0,2.0,1
-0.7665539131469916,0.7635135135135135,2.0,1.0,0.0,3.0,1
0.8271305225843204,0.4070945945945946,3.0,1.0,0.0,3.0,1
0.561516449962435,0.3412162162162161,9.0,1.0,0.0,5.0,0
0.6943234862733777,0.29391891891891897,2.0,0.0,1.0,0.0,0
0.03028830471866437,0.9611486486486486,8.0,1.0,0.0,0.0,0
0.6943234862733777,0.38682432432432423,0.0,1.0,0.0,1.0,0
-0.832957431302463,0.5523648648648646,9.0,1.0,0.0,4.0,0
-0.036115213436806966,0.15033783783783772,3.0,1.0,0.0,1.0,0
0.8935340407397917,0.1942567567567568,3.0,0.0,1.0,5.0,0
0.03028830471866437,0.3023648648648648,6.0,0.0,1.0,0.0,0
0.8271305225843204,0.05912162162162149,9.0,0.0,1.0,1.0,0
-0.633746876836049,0.42567567567567555,2.0,1.0,0.0,4.0,0
1.159148113361677,0.7043918918918918,4.0,1.0,0.0,0.0,0
1.6903762586054478,0.45777027027027006,4.0,1.0,0.0,0.0,0
-0.1025187315922783,0.20608108108108103,7.0,1.0,0.0,5.0,0
0.16309534102960704,0.02533783783783783,3.0,0.0,1.0,0.0,0
-0.8993609494579343,0.6148648648648646,6.0,0.0,1.0,3.0,0
1.159148113361677,0.670608108108108,8.0,1.0,0.0,5.0,1
-0.5009398405251063,0.5574324324324323,4.0,1.0,0.0,5.0,0
-0.633746876836049,0.3158783783783784,7.0,1.0,0.0,2.0,0
0.6943234862733777,0.48479729729729726,2.0,1.0,0.0,5.0,0
-0.43453632236963496,0.04054054054054057,1.0,0.0,1.0,1.0,0
-0.1025187315922783,0.6486486486486486,7.0,1.0,0.0,1.0,0
-1.032167985768877,0.6790540540540541,0.0,1.0,0.0,4.0,1
1.0263410770507344,0.7635135135135135,9.0,0.0,1.0,5.0,1
-0.633746876836049,0.20608108108108103,5.0,0.0,1.0,0.0,0
-0.8993609494579343,0.15878378378378377,8.0,0.0,1.0,3.0,0
-1.1649750220798196,0.5692567567567567,5.0,1.0,0.0,5.0,0
-0.16892224974774964,0.2466216216216216,4.0,0.0,1.0,1.0,0
-0.036115213436806966,0.4763513513513512,8.0,1.0,0.0,2.0,0
-0.3681328042141636,0.233108108108108,7.0,1.0,0.0,4.0,0
-0.036115213436806966,0.7094594594594593,9.0,0.0,1.0,0.0,0
1.2919551496726198,0.8918918918918918,7.0,1.0,0.0,5.0,1
0.561516449962435,0.1317567567567568,1.0,0.0,1.0,2.0,0
0.7607270044288491,0.27533783783783783,5.0,1.0,0.0,2.0,0
-0.633746876836049,0.7381756756756755,4.0,0.0,1.0,3.0,0
-0.036115213436806966,0.9695945945945942,5.0,1.0,0.0,5.0,1
0.0966918228741357,0.8091216216216214,4.0,0.0,1.0,1.0,0
0.0966918228741357,0.6807432432432431,2.0,0.0,1.0,1.0,0
-0.7665539131469916,0.8209459459459457,0.0,1.0,0.0,4.0,1
0.16309534102960704,0.510135135135135,9.0,1.0,0.0,2.0,0
-0.23532576790322096,0.26182432432432423,4.0,0.0,1.0,5.0,0
-0.036115213436806966,0.6385135135135135,2.0,0.0,1.0,3.0,0
0.03028830471866437,0.5236486486486486,7.0,0.0,1.0,1.0,0
-2.625852421500189,0.6300675675675674,2.0,1.0,0.0,2.0,0
0.22949885918507837,0.47128378378378366,2.0,0.0,1.0,3.0,0
-1.2977820583907622,0.39358108108108103,7.0,1.0,0.0,4.0,0
0.8271305225843204,0.47128378378378366,3.0,0.0,1.0,1.0,0
-0.036115213436806966,0.9037162162162161,7.0,1.0,0.0,1.0,0
-0.3681328042141636,0.9729729729729729,2.0,0.0,1.0,5.0,0
-0.23532576790322096,0.1773648648648648,1.0,0.0,1.0,5.0,0
0.22949885918507837,0.30743243243243235,1.0,1.0,0.0,3.0,0
-0.7001503949915203,0.4341216216216216,4.0,1.0,0.0,3.0,0
-0.832957431302463,0.5658783783783782,9.0,0.0,1.0,0.0,0
-1.9618172399454756,0.7668918918918918,8.0,1.0,0.0,1.0,0
0.9599375588952631,0.3749999999999999,6.0,1.0,0.0,5.0,0
-0.9657644676134056,0.8141891891891889,4.0,0.0,1.0,1.0,0
1.0927445952062058,0.8952702702702701,9.0,0.0,1.0,2.0,1
1.8231832949163904,0.1976351351351351,5.0,0.0,1.0,2.0,0
-0.9657644676134056,0.9155405405405405,0.0,1.0,0.0,1.0,0
-2.957870012277546,0.6790540540540541,9.0,0.0,1.0,5.0,0
0.7607270044288491,0.21452702702702686,9.0,1.0,0.0,5.0,0
0.6279199681179064,0.3885135135135135,7.0,1.0,0.0,3.0,0
0.2959023773405497,0.322635135135135,2.0,1.0,0.0,3.0,0
1.756779776760919,0.4966216216216216,1.0,1.0,0.0,5.0,0
0.6279199681179064,0.16554054054054046,8.0,1.0,0.0,4.0,0
1.8895868130718618,0.5945945945945946,3.0,0.0,1.0,2.0,1
-0.16892224974774964,0.7314189189189185,4.0,0.0,1.0,2.0,0
0.22949885918507837,0.3091216216216216,1.0,1.0,0.0,0.0,0
-1.231378540235291,0.3445945945945944,7.0,1.0,0.0,4.0,0
-0.23532576790322096,0.4898648648648648,6.0,0.0,1.0,2.0,0
-1.0985715039243482,0.7297297297297295,0.0,1.0,0.0,2.0,1
-1.2977820583907622,0.4239864864864863,5.0,0.0,1.0,3.0,0
0.4951129318069637,0.3429054054054054,7.0,1.0,0.0,2.0,0
0.6279199681179064,0.8429054054054052,0.0,1.0,0.0,4.0,0
0.4951129318069637,0.6030405405405402,9.0,0.0,1.0,5.0,0
0.2959023773405497,0.3479729729729729,0.0,1.0,0.0,4.0,0
0.16309534102960704,0.2499999999999999,6.0,0.0,1.0,4.0,0
0.561516449962435,0.8040540540540541,0.0,1.0,0.0,3.0,0
0.36230589549602105,0.2922297297297295,5.0,1.0,0.0,0.0,0
-2.758659457811132,0.30743243243243235,9.0,1.0,0.0,4.0,0
0.8271305225843204,0.2499999999999999,8.0,1.0,0.0,5.0,0
0.561516449962435,0.19932432432432423,1.0,1.0,0.0,4.0,0
-1.4969926128571762,0.6435810810810808,1.0,0.0,1.0,3.0,0
0.7607270044288491,0.8699324324324321,9.0,1.0,0.0,1.0,1
-1.9618172399454756,0.4966216216216216,1.0,1.0,0.0,2.0,0
-2.4930453851892462,0.8074324324324323,6.0,1.0,0.0,1.0,0
0.36230589549602105,0.5793918918918918,8.0,1.0,0.0,5.0,0
-0.5009398405251063,0.21790540540540537,2.0,1.0,0.0,4.0,0
0.561516449962435,0.33277027027027006,8.0,0.0,1.0,0.0,0
-1.9618172399454756,0.6925675675675674,5.0,1.0,0.0,3.0,0
-0.7665539131469916,0.2364864864864865,1.0,1.0,0.0,1.0,0
0.9599375588952631,0.19594594594594594,4.0,0.0,1.0,0.0,0
-0.832957431302463,0.12331081081081063,7.0,1.0,0.0,1.0,0
1.8895868130718618,0.672297297297297,2.0,0.0,1.0,0.0,1
-1.231378540235291,0.822635135135135,4.0,1.0,0.0,0.0,0
-0.8993609494579343,0.46283783783783783,2.0,0.0,1.0,2.0,0
-0.3017292860586923,0.08952702702702697,8.0,0.0,1.0,5.0,0
0.03028830471866437,0.7027027027027025,2.0,1.0,0.0,3.0,0
0.6279199681179064,0.21283783783783772,4.0,1.0,0.0,1.0,0
0.4287094136514924,0.27027027027027006,6.0,1.0,0.0,3.0,0
-0.633746876836049,0.5405405405405405,6.0,1.0,0.0,4.0,0
0.16309534102960704,0.5084459459459457,3.0,0.0,1.0,3.0,0
-0.3017292860586923,0.9037162162162161,3.0,1.0,0.0,5.0,1
1.0263410770507344,0.8648648648648648,0.0,0.0,1.0,3.0,1
-0.3681328042141636,0.2736486486486486,8.0,1.0,0.0,2.0,0
1.159148113361677,0.43243243243243235,5.0,1.0,0.0,4.0,1
0.2959023773405497,0.9104729729729727,5.0,0.0,1.0,2.0,0
0.6943234862733777,0.170608108108108,1.0,0.0,1.0,2.0,0
0.561516449962435,0.9172297297297297,8.0,0.0,1.0,1.0,0
-2.0946242762564182,0.8479729729729729,3.0,0.0,1.0,1.0,0
1.6239727404499764,0.7601351351351348,4.0,1.0,0.0,0.0,0
-1.4969926128571762,0.30743243243243235,9.0,1.0,0.0,3.0,0
-1.2977820583907622,0.6807432432432431,2.0,0.0,1.0,4.0,0
1.4911657041390338,0.599662162162162,5.0,1.0,0.0,1.0,0
1.0263410770507344,0.20439189189189177,6.0,0.0,1.0,3.0,0
1.6239727404499764,0.45608108108108103,6.0,1.0,0.0,4.0,0
1.358358667828091,0.8547297297297295,6.0,1.0,0.0,0.0,0
0.561516449962435,0.49493243243243235,8.0,1.0,0.0,2.0,0
-0.9657644676134056,0.795608108108108,7.0,0.0,1.0,1.0,0
-0.16892224974774964,0.49831081081081063,9.0,1.0,0.0,4.0,0
-1.430589094701705,0.33783783783783783,7.0,0.0,1.0,0.0,0
-0.3017292860586923,0.7516891891891891,0.0,0.0,1.0,2.0,0
0.36230589549602105,0.8851351351351348,1.0,1.0,0.0,3.0,0
0.8935340407397917,0.581081081081081,9.0,1.0,0.0,2.0,0
-0.5009398405251063,0.8462837837837837,9.0,1.0,0.0,4.0,1
-1.3641855765462336,0.3344594594594593,7.0,0.0,1.0,2.0,0
-1.430589094701705,0.7550675675675674,2.0,1.0,0.0,1.0,0
-0.3017292860586923,0.2787162162162161,7.0,0.0,1.0,1.0,0
-0.3017292860586923,0.17567567567567566,9.0,1.0,0.0,5.0,0
-0.23532576790322096,0.49155405405405406,6.0,0.0,1.0,0.0,0
-1.1649750220798196,0.08614864864864857,6.0,0.0,1.0,0.0,0
1.0927445952062058,0.7939189189189187,6.0,0.0,1.0,2.0,1
-1.2977820583907622,0.5270270270270269,4.0,1.0,0.0,3.0,0
-0.633746876836049,0.4341216216216216,3.0,1.0,0.0,4.0,0
0.561516449962435,0.5118243243243242,0.0,1.0,0.0,3.0,0
-0.7665539131469916,0.2010135135135135,0.0,0.0,1.0,2.0,0
-1.231378540235291,0.07094594594594594,1.0,0.0,1.0,2.0,0
-0.8993609494579343,0.6452702702702701,2.0,1.0,0.0,5.0,1
-0.43453632236963496,0.5962837837837837,3.0,0.0,1.0,2.0,0
0.0966918228741357,0.5084459459459457,3.0,0.0,1.0,0.0,0
0.9599375588952631,0.3445945945945944,0.0,1.0,0.0,0.0,0
-0.3681328042141636,0.24155405405405384,8.0,1.0,0.0,0.0,0
-0.8993609494579343,0.30405405405405384,9.0,1.0,0.0,5.0,0
-0.43453632236963496,0.5202702702702701,4.0,0.0,1.0,5.0,0
1.159148113361677,0.815878378378378,1.0,0.0,1.0,5.0,1
-0.43453632236963496,0.2787162162162161,0.0,1.0,0.0,0.0,0
1.955990331227333,0.7736486486486484,0.0,1.0,0.0,2.0,1
0.6279199681179064,0.4273648648648648,9.0,1.0,0.0,4.0,0
0.2959023773405497,0.4662162162162161,1.0,1.0,0.0,2.0,0
0.7607270044288491,0.8023648648648646,0.0,0.0,1.0,1.0,0
-1.032167985768877,0.29054054054054046,8.0,0.0,1.0,4.0,0
0.03028830471866437,0.44256756756756743,8.0,1.0,0.0,4.0,0
0.4287094136514924,0.16891891891891886,7.0,1.0,0.0,1.0,0
-1.3641855765462336,0.8293918918918916,1.0,1.0,0.0,2.0,0
0.6279199681179064,0.3479729729729729,5.0,1.0,0.0,4.0,0
0.16309534102960704,0.295608108108108,6.0,1.0,0.0,1.0,0
1.0263410770507344,0.3682432432432431,3.0,1.0,0.0,0.0,0
-0.1025187315922783,0.3547297297297295,7.0,0.0,1.0,5.0,0
0.2959023773405497,0.4527027027027025,3.0,1.0,0.0,2.0,0
0.36230589549602105,0.5354729729729729,1.0,0.0,1.0,0.0,0
-1.3641855765462336,0.4273648648648648,5.0,1.0,0.0,1.0,0
0.22949885918507837,0.3057432432432431,0.0,1.0,0.0,5.0,0
0.8935340407397917,0.8260135135135133,9.0,0.0,1.0,4.0,1
0.03028830471866437,0.40033783783783783,1.0,0.0,1.0,2.0,0
0.561516449962435,0.3986486486486486,2.0,0.0,1.0,3.0,0
0.6279199681179064,0.7195945945945946,0.0,0.0,1.0,5.0,1
-0.8993609494579343,0.8766891891891891,6.0,1.0,0.0,5.0,0
1.2919551496726198,0.14864864864864857,5.0,0.0,1.0,4.0,0
-2.4930453851892462,0.4341216216216216,1.0,0.0,1.0,2.0,0
0.36230589549602105,0.20945945945945943,6.0,1.0,0.0,3.0,0
-0.23532576790322096,0.17229729729729715,6.0,0.0,1.0,3.0,0
-1.829010203634533,0.3445945945945944,3.0,0.0,1.0,4.0,0
-0.7665539131469916,0.23141891891891886,4.0,0.0,1.0,0.0,0
-0.036115213436806966,0.295608108108108,3.0,1.0,0.0,5.0,0
0.22949885918507837,0.7499999999999999,2.0,1.0,0.0,5.0,0
-0.7665539131469916,0.41216216216216217,9.0,1.0,0.0,2.0,0
-0.036115213436806966,0.4864864864864863,2.0,1.0,0.0,5.0,0
1.6239727404499764,0.8192567567567567,2.0,1.0,0.0,5.0,1
0.0966918228741357,0.6672297297297297,9.0,1.0,0.0,4.0,0
0.4287094136514924,0.8175675675675674,6.0,1.0,0.0,4.0,0
-0.9657644676134056,0.795608108108108,8.0,0.0,1.0,2.0,0
1.4247621859835624,0.30405405405405384,8.0,1.0,0.0,2.0,0
-0.8993609494579343,0.29391891891891897,8.0,1.0,0.0,4.0,0
1.4247621859835624,0.39527027027027006,6.0,1.0,0.0,0.0,0
0.0966918228741357,0.7635135135135135,2.0,0.0,1.0,5.0,0
-0.3017292860586923,0.36317567567567555,7.0,1.0,0.0,1.0,0
-0.7001503949915203,0.20608108108108103,5.0,0.0,1.0,2.0,0
-1.5633961310126476,0.295608108108108,3.0,1.0,0.0,1.0,0
1.0927445952062058,0.21452702702702686,6.0,0.0,1.0,2.0,0
0.0966918228741357,0.7111486486486486,0.0,0.0,1.0,5.0,0
-0.43453632236963496,0.260135135135135,9.0,0.0,1.0,2.0,0
-0.16892224974774964,0.6047297297297295,5.0,0.0,1.0,1.0,0
0.6279199681179064,0.3682432432432431,3.0,1.0,0.0,2.0,0
-0.5673433586805776,0.8733108108108109,3.0,1.0,0.0,2.0,0
1.0927445952062058,0.4239864864864863,5.0,0.0,1.0,0.0,0
0.36230589549602105,0.32432432432432423,5.0,0.0,1.0,2.0,0
-0.036115213436806966,0.5202702702702701,8.0,0.0,1.0,5.0,0
-0.23532576790322096,0.4459459459459457,8.0,0.0,1.0,5.0,0
-0.43453632236963496,0.2888513513513512,7.0,1.0,0.0,1.0,0
0.4951129318069637,0.22804054054054046,4.0,1.0,0.0,0.0,0
-1.430589094701705,0.1351351351351351,7.0,0.0,1.0,1.0,0
-1.1649750220798196,0.7297297297297295,7.0,1.0,0.0,0.0,0
0.7607270044288491,0.13006756756756743,4.0,1.0,0.0,1.0,0
0.4951129318069637,0.8192567567567567,3.0,1.0,0.0,5.0,0
-1.3641855765462336,0.43581081081081063,9.0,1.0,0.0,0.0,0
-0.5673433586805776,0.7195945945945946,9.0,0.0,1.0,3.0,0
-0.036115213436806966,0.15371621621621623,4.0,1.0,0.0,5.0,0
-0.16892224974774964,0.33277027027027006,8.0,0.0,1.0,1.0,0
0.22949885918507837,0.33783783783783783,7.0,1.0,0.0,0.0,0
1.4247621859835624,0.831081081081081,1.0,1.0,0.0,4.0,1
0.6279199681179064,0.22128378378378366,3.0,1.0,0.0,3.0,0
-0.23532576790322096,0.18243243243243235,9.0,0.0,1.0,3.0,0
0.2959023773405497,0.6334459459459457,9.0,0.0,1.0,0.0,0
0.2959023773405497,0.24493243243243235,6.0,1.0,0.0,4.0,0
1.0263410770507344,0.8293918918918916,8.0,1.0,0.0,1.0,1
-0.8993609494579343,0.8175675675675674,7.0,1.0,0.0,1.0,0
-1.3641855765462336,0.6402027027027025,0.0,1.0,0.0,3.0,0
-0.5673433586805776,0.6537162162162161,8.0,1.0,0.0,2.0,1
0.4951129318069637,0.20945945945945943,9.0,1.0,0.0,3.0,0
-0.832957431302463,0.09797297297297292,9.0,0.0,1.0,0.0,0
-0.036115213436806966,0.4391891891891889,5.0,1.0,0.0,4.0,0
-0.5009398405251063,0.6790540540540541,0.0,1.0,0.0,5.0,0
1.2919551496726198,0.42567567567567555,9.0,1.0,0.0,2.0,0
0.22949885918507837,0.11317567567567566,1.0,1.0,0.0,0.0,0
-0.1025187315922783,0.7635135135135135,9.0,1.0,0.0,5.0,0
0.8271305225843204,0.4054054054054054,7.0,1.0,0.0,0.0,0
1.6903762586054478,0.09628378378378377,3.0,0.0,1.0,2.0,1
-0.633746876836049,0.4037162162162161,0.0,1.0,0.0,5.0,0
0.16309534102960704,0.6351351351351352,8.0,1.0,0.0,3.0,0
0.16309534102960704,0.03716216216216206,4.0,1.0,0.0,0.0,0
-0.3017292860586923,0.38682432432432423,8.0,1.0,0.0,0.0,0
1.159148113361677,0.3766891891891889,3.0,0.0,1.0,5.0,0
1.0263410770507344,0.3648648648648648,0.0,1.0,0.0,4.0,0
0.9599375588952631,0.08445945945945943,5.0,1.0,0.0,4.0,1
-0.16892224974774964,0.35304054054054046,2.0,1.0,0.0,3.0,0
0.36230589549602105,0.1976351351351351,3.0,0.0,1.0,2.0,0
0.6943234862733777,0.18581081081081074,9.0,1.0,0.0,1.0,0
0.4951129318069637,0.5337837837837837,2.0,1.0,0.0,5.0,0
1.8895868130718618,0.24831081081081063,7.0,1.0,0.0,2.0,0
-1.0985715039243482,0.7550675675675674,3.0,0.0,1.0,4.0,1
-1.5633961310126476,0.27195945945945954,9.0,0.0,1.0,3.0,0
-1.0985715039243482,0.4527027027027025,5.0,0.0,1.0,4.0,0
-1.430589094701705,0.43581081081081063,5.0,0.0,1.0,0.0,0
-0.633746876836049,0.6199324324324323,8.0,1.0,0.0,4.0,0
-0.633746876836049,0.7077702702702703,9.0,0.0,1.0,5.0,0
1.358358667828091,0.6790540540540541,7.0,0.0,1.0,1.0,1
0.7607270044288491,0.42567567567567555,7.0,1.0,0.0,5.0,0
0.22949885918507837,0.31756756756756743,8.0,1.0,0.0,1.0,0
0.6279199681179064,0.09628378378378377,5.0,1.0,0.0,3.0,0
0.4287094136514924,0.10641891891891886,9.0,0.0,1.0,3.0,0
0.0966918228741357,0.699324324324324,0.0,0.0,1.0,5.0,1
-0.3681328042141636,0.8851351351351348,4.0,1.0,0.0,5.0,0
1.0927445952062058,0.6537162162162161,4.0,1.0,0.0,5.0,1
-1.4969926128571762,0.6216216216216216,5.0,1.0,0.0,5.0,0
-1.8954137217900044,0.04054054054054057,7.0,0.0,1.0,0.0,0
1.4911657041390338,0.14189189189189177,6.0,1.0,0.0,2.0,0
-1.4969926128571762,0.6655405405405405,3.0,0.0,1.0,4.0,0
-1.6962031673235902,0.3682432432432431,1.0,0.0,1.0,1.0,0
1.8895868130718618,0.6503378378378378,8.0,1.0,0.0,1.0,0
-1.7626066854790616,0.09966216216216206,8.0,1.0,0.0,2.0,0
-0.3017292860586923,0.8074324324324323,8.0,1.0,0.0,2.0,0
2.155200885693747,0.1638513513513512,3.0,1.0,0.0,4.0,1
-1.829010203634533,0.33108108108108103,7.0,0.0,1.0,1.0,0
-0.5009398405251063,0.7195945945945946,5.0,0.0,1.0,5.0,0
-1.231378540235291,0.30405405405405384,1.0,1.0,0.0,1.0,0
-0.036115213436806966,0.18581081081081074,2.0,1.0,0.0,4.0,0
1.0263410770507344,0.6908783783783784,2.0,1.0,0.0,4.0,1
0.2959023773405497,0.3023648648648648,2.0,0.0,1.0,2.0,0
-0.7665539131469916,0.6925675675675674,3.0,0.0,1.0,0.0,0
1.2919551496726198,0.886824324324324,2.0,1.0,0.0,0.0,0
-0.3681328042141636,0.6756756756756753,2.0,0.0,1.0,0.0,0
1.557569222294505,0.1908783783783783,2.0,1.0,0.0,4.0,0
1.8231832949163904,0.7635135135135135,6.0,1.0,0.0,0.0,0
0.16309534102960704,0.12162162162162149,7.0,1.0,0.0,1.0,0
-0.9657644676134056,0.8124999999999997,9.0,1.0,0.0,3.0,0
-0.1025187315922783,0.5760135135135135,7.0,0.0,1.0,4.0,0
0.03028830471866437,0.8277027027027025,2.0,0.0,1.0,4.0,1
-0.23532576790322096,0.4662162162162161,9.0,1.0,0.0,3.0,0
1.358358667828091,0.5270270270270269,1.0,0.0,1.0,5.0,1
-0.3017292860586923,0.3749999999999999,9.0,1.0,0.0,2.0,0
-1.0985715039243482,0.572635135135135,0.0,0.0,1.0,5.0,0
-0.8993609494579343,0.4543918918918918,0.0,0.0,1.0,2.0,0
-0.7001503949915203,0.8006756756756753,2.0,1.0,0.0,3.0,0
-0.633746876836049,0.108108108108108,0.0,1.0,0.0,5.0,0
1.0927445952062058,0.3260135135135135,5.0,1.0,0.0,5.0,1
0.0966918228741357,0.8429054054054052,4.0,0.0,1.0,4.0,1
0.9599375588952631,0.3361486486486486,1.0,0.0,1.0,4.0,0
0.16309534102960704,0.5709459459459457,9.0,1.0,0.0,0.0,0
0.36230589549602105,0.5506756756756755,4.0,1.0,0.0,3.0,0
0.4287094136514924,0.5388513513513512,9.0,0.0,1.0,0.0,0
0.9599375588952631,0.2466216216216216,8.0,1.0,0.0,0.0,0
0.16309534102960704,0.33783783783783783,6.0,1.0,0.0,3.0,0
0.8935340407397917,0.18918918918918914,5.0,1.0,0.0,1.0,0
0.7607270044288491,0.15540540540540537,6.0,1.0,0.0,5.0,1
-0.23532576790322096,0.21452702702702686,5.0,1.0,0.0,5.0,0
-0.3681328042141636,0.6334459459459457,6.0,0.0,1.0,4.0,0
-0.23532576790322096,0.14695945945945943,3.0,0.0,1.0,3.0,0
-0.3681328042141636,0.6266891891891891,8.0,0.0,1.0,4.0,1
1.557569222294505,0.6165540540540538,1.0,1.0,0.0,3.0,1
0.4287094136514924,0.6182432432432429,9.0,1.0,0.0,5.0,1
-1.4969926128571762,0.3834459459459457,5.0,0.0,1.0,2.0,0
1.4911657041390338,0.5405405405405405,3.0,1.0,0.0,2.0,0
0.03028830471866437,0.7381756756756755,8.0,1.0,0.0,0.0,0
1.0263410770507344,0.8209459459459457,1.0,1.0,0.0,1.0,0
0.4287094136514924,0.33952702702702686,2.0,1.0,0.0,1.0,0
-0.3017292860586923,0.8918918918918918,4.0,1.0,0.0,0.0,0
0.16309534102960704,0.3834459459459457,1.0,1.0,0.0,4.0,0
-0.16892224974774964,0.2466216216216216,9.0,1.0,0.0,1.0,0
-0.633746876836049,0.1351351351351351,6.0,1.0,0.0,0.0,0
1.756779776760919,0.30405405405405384,8.0,0.0,1.0,3.0,1
-0.23532576790322096,0.7601351351351348,4.0,1.0,0.0,5.0,0
0.6279199681179064,0.2432432432432433,3.0,1.0,0.0,0.0,0
-0.23532576790322096,0.7381756756756755,8.0,0.0,1.0,4.0,0
-0.9657644676134056,0.5827702702702701,9.0,1.0,0.0,2.0,0
1.0927445952062058,0.1638513513513512,3.0,0.0,1.0,1.0,0
0.561516449962435,0.6435810810810808,8.0,1.0,0.0,5.0,0
-0.3017292860586923,0.40202702702702686,8.0,0.0,1.0,0.0,0
-0.7001503949915203,0.6233108108108106,8.0,1.0,0.0,2.0,0
-1.6962031673235902,0.35641891891891897,2.0,0.0,1.0,4.0,0
2.952043103559403,0.5557432432432431,5.0,1.0,0.0,5.0,0
0.4951129318069637,0.8733108108108109,5.0,1.0,0.0,5.0,0
-0.1025187315922783,0.21452702702702686,3.0,0.0,1.0,2.0,0
-2.559448903344718,0.47804054054054046,5.0,0.0,1.0,5.0,0
0.9599375588952631,0.8462837837837837,1.0,1.0,0.0,5.0,1
-0.3681328042141636,0.108108108108108,6.0,0.0,1.0,5.0,0
0.22949885918507837,0.3902027027027025,3.0,1.0,0.0,4.0,0
0.4287094136514924,0.41554054054054046,7.0,1.0,0.0,5.0,0
-0.036115213436806966,0.5878378378378376,3.0,0.0,1.0,4.0,0
-0.5673433586805776,0.1385135135135135,8.0,0.0,1.0,2.0,0
-0.5009398405251063,0.21283783783783772,2.0,0.0,1.0,1.0,0
-0.3017292860586923,0.3749999999999999,9.0,1.0,0.0,5.0,0
-0.3681328042141636,0.1013513513513512,0.0,0.0,1.0,3.0,0
0.8935340407397917,0.13006756756756743,5.0,1.0,0.0,1.0,0
-1.1649750220798196,0.6841216216216214,0.0,0.0,1.0,5.0,1
0.7607270044288491,0.6621621621621622,7.0,1.0,0.0,2.0,1
0.2959023773405497,0.36655405405405406,5.0,1.0,0.0,3.0,0
-1.4969926128571762,0.20439189189189177,2.0,1.0,0.0,3.0,0
-0.3681328042141636,0.4037162162162161,1.0,1.0,0.0,5.0,0
-1.9618172399454756,0.14527027027027029,4.0,1.0,0.0,5.0,0
-1.2977820583907622,0.9155405405405405,3.0,1.0,0.0,0.0,0
0.2959023773405497,0.6807432432432431,5.0,1.0,0.0,3.0,1
-0.7001503949915203,0.1908783783783783,8.0,0.0,1.0,3.0,0
-0.1025187315922783,0.170608108108108,8.0,1.0,0.0,3.0,0
-0.16892224974774964,0.2854729729729729,8.0,1.0,0.0,1.0,0
-0.5673433586805776,0.420608108108108,9.0,0.0,1.0,3.0,0
1.2255516315171484,0.41216216216216217,6.0,1.0,0.0,1.0,0
1.358358667828091,0.23479729729729726,5.0,0.0,1.0,5.0,1
-0.832957431302463,0.7787162162162161,0.0,1.0,0.0,4.0,0
0.36230589549602105,0.8665540540540538,7.0,0.0,1.0,2.0,0
0.6943234862733777,0.6858108108108106,8.0,1.0,0.0,0.0,0
-0.7001503949915203,0.5253378378378378,4.0,0.0,1.0,0.0,0
2.28800792200469,0.5439189189189187,1.0,0.0,1.0,0.0,0
-3.621905193832259,0.5219594594594593,1.0,1.0,0.0,3.0,0
0.4287094136514924,0.3648648648648648,9.0,1.0,0.0,0.0,0
-0.43453632236963496,0.7027027027027025,1.0,0.0,1.0,4.0,1
0.0966918228741357,0.886824324324324,6.0,1.0,0.0,1.0,0
-0.036115213436806966,0.17229729729729715,6.0,0.0,1.0,5.0,0
0.561516449962435,0.20945945945945943,1.0,0.0,1.0,1.0,0
0.4287094136514924,0.46452702702702686,2.0,1.0,0.0,2.0,0
-2.2938348307228322,0.2010135135135135,2.0,0.0,1.0,1.0,0
0.7607270044288491,0.08952702702702697,5.0,1.0,0.0,3.0,0
0.4287094136514924,0.787162162162162,4.0,1.0,0.0,1.0,0
-0.3017292860586923,0.8243243243243242,8.0,1.0,0.0,3.0,0
-0.5009398405251063,0.40878378378378366,6.0,1.0,0.0,0.0,0
-1.7626066854790616,0.7516891891891891,6.0,0.0,1.0,3.0,0
1.358358667828091,0.5861486486486486,0.0,1.0,0.0,2.0,1
-1.0985715039243482,0.12331081081081063,4.0,0.0,1.0,2.0,0
0.16309534102960704,0.10641891891891886,1.0,1.0,0.0,5.0,0
-0.036115213436806966,0.8631756756756755,0.0,0.0,1.0,0.0,0
-1.1649750220798196,0.34966216216216217,0.0,1.0,0.0,2.0,0
-1.231378540235291,0.733108108108108,5.0,0.0,1.0,4.0,1
-0.3017292860586923,0.1773648648648648,1.0,1.0,0.0,5.0,0
0.8935340407397917,0.46283783783783783,7.0,1.0,0.0,0.0,0
-0.5673433586805776,0.4408783783783784,6.0,0.0,1.0,1.0,0
1.4247621859835624,0.537162162162162,6.0,1.0,0.0,0.0,0
0.22949885918507837,0.8445945945945942,2.0,0.0,1.0,5.0,0
-0.3681328042141636,0.8091216216216214,5.0,1.0,0.0,5.0,0
0.22949885918507837,0.7854729729729727,0.0,0.0,1.0,1.0,0
-2.227431312567361,0.17905405405405395,1.0,1.0,0.0,3.0,0
-0.3681328042141636,0.21452702702702686,2.0,1.0,0.0,1.0,0
-1.629799649168119,0.41554054054054046,9.0,1.0,0.0,3.0,0
0.561516449962435,0.6824324324324323,6.0,0.0,1.0,3.0,1
-0.23532576790322096,0.4797297297297295,6.0,1.0,0.0,2.0,0
0.0966918228741357,0.3969594594594593,9.0,1.0,0.0,2.0,0
0.0966918228741357,0.8614864864864863,9.0,0.0,1.0,5.0,0
1.0927445952062058,0.21621621621621623,3.0,0.0,1.0,0.0,0
0.9599375588952631,0.1942567567567568,9.0,1.0,0.0,5.0,0
-0.633746876836049,0.2888513513513512,4.0,1.0,0.0,5.0,0
0.561516449962435,0.35979729729729726,2.0,0.0,1.0,2.0,0
0.6279199681179064,0.3969594594594593,9.0,0.0,1.0,0.0,0
0.561516449962435,0.25168918918918914,5.0,0.0,1.0,4.0,0
1.8231832949163904,0.8074324324324323,4.0,0.0,1.0,1.0,0
-0.633746876836049,0.1638513513513512,1.0,0.0,1.0,1.0,0
-0.43453632236963496,0.6570945945945944,8.0,1.0,0.0,3.0,0
-0.16892224974774964,0.815878378378378,8.0,1.0,0.0,1.0,0
-0.16892224974774964,0.3547297297297295,7.0,1.0,0.0,3.0,0
-0.832957431302463,0.20608108108108103,9.0,0.0,1.0,1.0,0
0.6943234862733777,0.2804054054054054,2.0,1.0,0.0,4.0,0
-0.036115213436806966,0.13006756756756743,8.0,0.0,1.0,4.0,0
0.0966918228741357,0.5861486486486486,8.0,0.0,1.0,0.0,0
1.358358667828091,0.48479729729729726,7.0,1.0,0.0,5.0,0
-0.7665539131469916,0.8023648648648646,2.0,1.0,0.0,1.0,0
-0.3681328042141636,0.8597972972972973,3.0,0.0,1.0,1.0,0
-0.036115213436806966,0.8091216216216214,8.0,0.0,1.0,5.0,0
-1.3641855765462336,0.6942567567567567,6.0,1.0,0.0,2.0,0
0.36230589549602105,0.7702702702702701,3.0,1.0,0.0,4.0,0
-0.16892224974774964,0.5658783783783782,2.0,0.0,1.0,4.0,0
-0.8993609494579343,0.7162162162162159,6.0,1.0,0.0,2.0,0
0.8271305225843204,0.42905405405405406,0.0,1.0,0.0,4.0,0
0.4287094136514924,0.4999999999999999,7.0,1.0,0.0,0.0,0
0.16309534102960704,0.606418918918919,3.0,1.0,0.0,5.0,0
1.4247621859835624,0.48479729729729726,0.0,1.0,0.0,3.0,0
1.557569222294505,0.8277027027027025,9.0,0.0,1.0,1.0,0
1.8895868130718618,0.5016891891891889,7.0,1.0,0.0,4.0,0
1.6239727404499764,0.20945945945945943,7.0,1.0,0.0,2.0,0
0.16309534102960704,0.4864864864864863,4.0,0.0,1.0,2.0,0
-0.16892224974774964,0.9442567567567567,8.0,1.0,0.0,3.0,0
-0.3681328042141636,0.2668918918918918,6.0,0.0,1.0,1.0,0
-0.5009398405251063,0.385135135135135,8.0,0.0,1.0,3.0,0
0.4287094136514924,0.2787162162162161,5.0,1.0,0.0,0.0,0
-1.5633961310126476,0.2499999999999999,7.0,1.0,0.0,3.0,0
-0.036115213436806966,0.45608108108108103,1.0,1.0,0.0,2.0,0
2.420814958315632,0.5439189189189187,9.0,1.0,0.0,3.0,0
-0.9657644676134056,0.3479729729729729,3.0,1.0,0.0,0.0,0
0.22949885918507837,0.4729729729729729,3.0,1.0,0.0,0.0,0
0.22949885918507837,0.08277027027027029,7.0,1.0,0.0,4.0,0
-0.23532576790322096,0.7280405405405402,7.0,0.0,1.0,1.0,0
-1.629799649168119,0.21959459459459452,5.0,0.0,1.0,3.0,0
-0.43453632236963496,0.3158783783783784,2.0,0.0,1.0,5.0,0
-0.5673433586805776,0.6587837837837834,6.0,0.0,1.0,0.0,0
-0.036115213436806966,0.33108108108108103,1.0,1.0,0.0,1.0,0
0.03028830471866437,0.49493243243243235,4.0,0.0,1.0,5.0,0
0.4951129318069637,0.8631756756756755,2.0,0.0,1.0,3.0,0
1.0927445952062058,0.5084459459459457,6.0,1.0,0.0,5.0,0
-1.0985715039243482,0.2499999999999999,4.0,0.0,1.0,3.0,0
-0.3017292860586923,0.6452702702702701,2.0,0.0,1.0,0.0,0
0.22949885918507837,0.29729729729729726,4.0,0.0,1.0,2.0,0
-1.7626066854790616,0.125,2.0,1.0,0.0,0.0,0
1.159148113361677,0.7179054054054052,6.0,0.0,1.0,1.0,0
0.03028830471866437,0.6537162162162161,8.0,1.0,0.0,0.0,0
-1.4969926128571762,0.4966216216216216,7.0,1.0,0.0,5.0,0
0.2959023773405497,0.38682432432432423,1.0,1.0,0.0,3.0,0
0.8271305225843204,0.8935810810810808,9.0,1.0,0.0,5.0,1
-1.2977820583907622,0.48479729729729726,8.0,1.0,0.0,1.0,0
0.9599375588952631,0.581081081081081,8.0,0.0,1.0,0.0,0
-0.16892224974774964,0.8108108108108106,5.0,1.0,0.0,0.0,0
-0.633746876836049,0.6385135135135135,1.0,1.0,0.0,0.0,0
0.2959023773405497,0.4662162162162161,5.0,0.0,1.0,4.0,0
1.756779776760919,0.5439189189189187,4.0,1.0,0.0,3.0,1
1.159148113361677,0.27027027027027006,1.0,0.0,1.0,4.0,1
0.0966918228741357,0.7719594594594591,5.0,1.0,0.0,2.0,0
2.088797367538276,0.20439189189189177,8.0,0.0,1.0,5.0,0
-0.5009398405251063,0.3682432432432431,7.0,1.0,0.0,0.0,0
-0.43453632236963496,0.48817567567567555,6.0,1.0,0.0,3.0,0
0.16309534102960704,0.5050675675675674,0.0,1.0,0.0,2.0,0
0.8935340407397917,0.46790540540540515,7.0,1.0,0.0,0.0,0
-0.3681328042141636,0.7668918918918918,3.0,0.0,1.0,3.0,0
-0.036115213436806966,0.06418918918918914,8.0,0.0,1.0,1.0,0
-1.1649750220798196,0.27533783783783783,8.0,0.0,1.0,5.0,0
-0.7001503949915203,0.8243243243243242,4.0,0.0,1.0,2.0,1
-1.231378540235291,0.47128378378378366,6.0,0.0,1.0,4.0,0
1.6903762586054478,0.7297297297297295,3.0,1.0,0.0,0.0,0
-0.23532576790322096,0.5979729729729729,3.0,1.0,0.0,0.0,0
-0.9657644676134056,0.8530405405405402,5.0,1.0,0.0,5.0,0
-0.5673433586805776,0.40878378378378366,2.0,1.0,0.0,5.0,0
-1.430589094701705,0.606418918918919,3.0,1.0,0.0,3.0,1
-1.0985715039243482,0.6131756756756755,8.0,1.0,0.0,4.0,0
1.2255516315171484,0.48141891891891875,7.0,1.0,0.0,4.0,0
1.0927445952062058,0.13344594594594594,5.0,1.0,0.0,2.0,0
1.4911657041390338,0.9290540540540536,3.0,1.0,0.0,2.0,1
-0.16892224974774964,0.2989864864864863,6.0,1.0,0.0,3.0,0
-1.032167985768877,0.5624999999999999,1.0,1.0,0.0,0.0,0
1.0263410770507344,0.6908783783783784,0.0,0.0,1.0,5.0,1
-2.16102779441189,0.537162162162162,7.0,1.0,0.0,2.0,0
-0.633746876836049,0.24831081081081063,0.0,0.0,1.0,4.0,0
1.0263410770507344,0.49831081081081063,8.0,0.0,1.0,2.0,1
1.0263410770507344,0.29729729729729726,2.0,0.0,1.0,0.0,0
0.03028830471866437,0.46114864864864835,9.0,0.0,1.0,4.0,0
-0.43453632236963496,0.8091216216216214,0.0,1.0,0.0,2.0,1
2.088797367538276,0.23479729729729726,3.0,0.0,1.0,5.0,0
-0.5673433586805776,0.787162162162162,4.0,0.0,1.0,3.0,0
-0.1025187315922783,0.5422297297297295,1.0,1.0,0.0,5.0,0
1.358358667828091,0.5067567567567567,3.0,1.0,0.0,3.0,1
0.8271305225843204,0.17567567567567566,6.0,1.0,0.0,0.0,0
0.8935340407397917,0.22466216216216206,1.0,1.0,0.0,2.0,1
-0.7665539131469916,0.3412162162162161,5.0,1.0,0.0,0.0,0
-0.036115213436806966,0.5337837837837837,2.0,1.0,0.0,1.0,0
-0.43453632236963496,0.7398648648648646,6.0,1.0,0.0,4.0,1
-2.028220758100947,0.8293918918918916,8.0,1.0,0.0,2.0,0
1.2919551496726198,0.3817567567567567,7.0,1.0,0.0,4.0,0
-0.16892224974774964,0.7652027027027025,8.0,1.0,0.0,1.0,0
-1.5633961310126476,0.3361486486486486,7.0,0.0,1.0,4.0,0
-0.3681328042141636,0.670608108108108,1.0,1.0,0.0,3.0,1
-1.5633961310126476,0.886824324324324,8.0,1.0,0.0,3.0,1
-0.3681328042141636,0.7381756756756755,9.0,1.0,0.0,4.0,0
0.2959023773405497,0.5624999999999999,7.0,1.0,0.0,4.0,0
0.16309534102960704,0.4695945945945946,3.0,1.0,0.0,5.0,0
-0.036115213436806966,0.5118243243243242,4.0,1.0,0.0,0.0,0
0.6943234862733777,0.6908783783783784,3.0,0.0,1.0,1.0,0
-0.3017292860586923,0.4527027027027025,8.0,1.0,0.0,4.0,0
0.8271305225843204,0.5641891891891891,4.0,1.0,0.0,3.0,1
-0.832957431302463,0.6925675675675674,3.0,1.0,0.0,1.0,0
1.6903762586054478,0.22297297297297292,0.0,1.0,0.0,5.0,0
0.4287094136514924,0.14358108108108092,0.0,1.0,0.0,5.0,0
1.0927445952062058,0.2533783783783784,1.0,1.0,0.0,0.0,0
-0.3681328042141636,0.10979729729729726,9.0,1.0,0.0,4.0,0
0.2959023773405497,0.5253378378378378,2.0,1.0,0.0,4.0,0
-0.5009398405251063,0.6469594594594591,9.0,0.0,1.0,4.0,0
0.03028830471866437,0.8783783783783782,9.0,1.0,0.0,1.0,0
0.4287094136514924,0.295608108108108,9.0,1.0,0.0,4.0,0
-0.7665539131469916,0.3293918918918918,8.0,0.0,1.0,2.0,0
-0.036115213436806966,0.6266891891891891,2.0,0.0,1.0,1.0,0
0.4287094136514924,0.8091216216216214,2.0,1.0,0.0,0.0,0
0.7607270044288491,0.1385135135135135,2.0,1.0,0.0,0.0,0
-3.024273530433017,0.7229729729729729,3.0,0.0,1.0,0.0,0
0.8935340407397917,0.8040540540540541,1.0,1.0,0.0,5.0,1
0.9599375588952631,0.8902027027027025,2.0,0.0,1.0,5.0,1
0.0966918228741357,0.29391891891891897,6.0,0.0,1.0,2.0,0
1.557569222294505,0.13006756756756743,2.0,1.0,0.0,5.0,1
0.561516449962435,0.16722972972972971,6.0,1.0,0.0,0.0,0
0.4951129318069637,0.1317567567567568,3.0,0.0,1.0,1.0,0
-1.0985715039243482,0.4172297297297295,1.0,0.0,1.0,3.0,0
-1.0985715039243482,0.5236486486486486,6.0,1.0,0.0,3.0,0
1.8895868130718618,0.795608108108108,9.0,1.0,0.0,3.0,1
2.088797367538276,0.06587837837837829,3.0,1.0,0.0,0.0,0
0.36230589549602105,0.672297297297297,7.0,0.0,1.0,4.0,0
-0.7001503949915203,0.7415540540540538,1.0,0.0,1.0,2.0,0
-0.5673433586805776,0.17905405405405395,1.0,1.0,0.0,4.0,0
0.22949885918507837,0.18918918918918914,8.0,0.0,1.0,0.0,0
0.4951129318069637,0.6841216216216214,6.0,0.0,1.0,0.0,0
1.2255516315171484,0.3158783783783784,3.0,1.0,0.0,2.0,0
1.358358667828091,0.4138513513513512,2.0,1.0,0.0,3.0,0
0.36230589549602105,0.5202702702702701,7.0,1.0,0.0,5.0,0
1.0927445952062058,0.8057432432432431,2.0,1.0,0.0,1.0,0
-0.9657644676134056,0.6486486486486486,6.0,0.0,1.0,5.0,1
0.8935340407397917,0.6858108108108106,3.0,0.0,1.0,1.0,0
2.155200885693747,0.22466216216216206,4.0,1.0,0.0,4.0,0
-1.2977820583907622,0.9695945945945942,7.0,1.0,0.0,1.0,0
0.22949885918507837,0.4729729729729729,9.0,0.0,1.0,3.0,0
-0.3681328042141636,0.5591216216216214,4.0,1.0,0.0,2.0,0
0.4287094136514924,0.7753378378378378,3.0,1.0,0.0,4.0,0
-0.16892224974774964,0.5084459459459457,1.0,1.0,0.0,3.0,0
0.6279199681179064,0.8834459459459457,4.0,1.0,0.0,3.0,0
-1.7626066854790616,0.05405405405405406,7.0,1.0,0.0,2.0,0
0.4951129318069637,0.49493243243243235,1.0,1.0,0.0,3.0,0
-1.1649750220798196,0.8530405405405402,4.0,0.0,1.0,2.0,1
-0.3017292860586923,0.2010135135135135,1.0,0.0,1.0,1.0,0
-0.633746876836049,0.023648648648648574,8.0,0.0,1.0,1.0,0
0.16309534102960704,0.2398648648648648,0.0,1.0,0.0,5.0,0
-0.16892224974774964,0.8530405405405402,3.0,0.0,1.0,5.0,0
-1.829010203634533,0.15202702702702708,3.0,1.0,0.0,0.0,0
-0.8993609494579343,0.35641891891891897,4.0,0.0,1.0,5.0,0
-0.5009398405251063,0.3513513513513512,4.0,0.0,1.0,5.0,0
-0.1025187315922783,0.4408783783783784,3.0,1.0,0.0,4.0,0
-0.036115213436806966,0.2364864864864865,5.0,1.0,0.0,5.0,0
-0.43453632236963496,0.07601351351351349,9.0,0.0,1.0,4.0,0
-0.9657644676134056,0.29729729729729726,4.0,0.0,1.0,3.0,0
-0.23532576790322096,0.7635135135135135,3.0,1.0,0.0,5.0,0
0.8271305225843204,0.7685810810810808,8.0,1.0,0.0,3.0,1
-0.5009398405251063,0.420608108108108,9.0,1.0,0.0,2.0,0
0.4951129318069637,0.3817567567567567,4.0,0.0,1.0,2.0,0
-0.7001503949915203,0.5084459459459457,5.0,0.0,1.0,2.0,0
-0.9657644676134056,0.8969594594594591,4.0,0.0,1.0,4.0,0
-0.633746876836049,0.7719594594594591,2.0,0.0,1.0,2.0,0
1.2255516315171484,0.3479729729729729,0.0,1.0,0.0,3.0,0
0.6943234862733777,0.29054054054054046,2.0,1.0,0.0,4.0,0
-0.1025187315922783,0.47466216216216195,4.0,1.0,0.0,2.0,0
1.6239727404499764,0.4442567567567567,8.0,0.0,1.0,0.0,0
0.4951129318069637,0.26351351351351326,4.0,1.0,0.0,1.0,0
-2.8914664941220742,0.28716216216216217,7.0,0.0,1.0,5.0,0
-0.43453632236963496,0.6030405405405402,9.0,1.0,0.0,2.0,0
-1.032167985768877,0.31418918918918914,1.0,1.0,0.0,3.0,0
-0.43453632236963496,0.30405405405405384,4.0,0.0,1.0,1.0,0
1.557569222294505,0.09290540540540537,7.0,1.0,0.0,5.0,0
-0.633746876836049,0.3969594594594593,8.0,0.0,1.0,2.0,0
-0.7665539131469916,0.7652027027027025,5.0,1.0,0.0,5.0,0
1.557569222294505,0.5844594594594593,8.0,0.0,1.0,4.0,1
1.4911657041390338,0.7077702702702703,9.0,0.0,1.0,2.0,1
-1.4969926128571762,0.4307432432432431,7.0,0.0,1.0,1.0,0
-0.43453632236963496,0.3361486486486486,6.0,0.0,1.0,5.0,0
1.2255516315171484,0.19594594594594594,7.0,0.0,1.0,1.0,0
-1.8954137217900044,0.5202702702702701,2.0,1.0,0.0,4.0,0
-0.7001503949915203,0.4966216216216216,8.0,1.0,0.0,5.0,0
-2.227431312567361,0.48479729729729726,3.0,1.0,0.0,5.0,0
0.16309534102960704,0.5895270270270269,2.0,1.0,0.0,4.0,1
-1.4969926128571762,0.8040540540540541,3.0,1.0,0.0,0.0,0
0.2959023773405497,0.19932432432432423,2.0,0.0,1.0,3.0,0
-0.23532576790322096,0.3344594594594593,8.0,0.0,1.0,4.0,0
-0.8993609494579343,0.07094594594594594,2.0,0.0,1.0,0.0,0
0.2959023773405497,0.7128378378378376,0.0,1.0,0.0,1.0,0
-0.633746876836049,0.7567567567567565,7.0,1.0,0.0,0.0,0
0.8935340407397917,0.8733108108108109,3.0,0.0,1.0,3.0,1
-0.16892224974774964,0.5709459459459457,5.0,1.0,0.0,1.0,0
0.6279199681179064,0.7601351351351348,0.0,1.0,0.0,3.0,0
-1.032167985768877,0.7837837837837837,5.0,1.0,0.0,4.0,0
1.358358667828091,0.21114864864864857,0.0,1.0,0.0,2.0,0
0.8271305225843204,0.6756756756756753,2.0,1.0,0.0,2.0,1
0.4951129318069637,0.48817567567567555,9.0,0.0,1.0,3.0,0
0.22949885918507837,0.108108108108108,1.0,0.0,1.0,2.0,0
-1.1649750220798196,0.5760135135135135,6.0,0.0,1.0,0.0,0
-1.8954137217900044,0.7652027027027025,7.0,0.0,1.0,5.0,0
-0.3017292860586923,0.21959459459459452,7.0,0.0,1.0,1.0,0
1.4247621859835624,0.6891891891891889,9.0,0.0,1.0,0.0,0
-0.1025187315922783,0.7804054054054052,0.0,0.0,1.0,2.0,0
2.088797367538276,0.6435810810810808,7.0,0.0,1.0,1.0,1
0.36230589549602105,0.8006756756756753,3.0,1.0,0.0,5.0,0
1.0263410770507344,0.7263513513513512,3.0,1.0,0.0,3.0,1
0.6943234862733777,0.3885135135135135,3.0,0.0,1.0,3.0,0
-0.1025187315922783,0.4999999999999999,1.0,1.0,0.0,0.0,0
0.0966918228741357,0.3023648648648648,1.0,0.0,1.0,4.0,0
-0.633746876836049,0.5152027027027025,6.0,1.0,0.0,4.0,0
-0.5009398405251063,0.8648648648648648,9.0,0.0,1.0,0.0,0
-1.4969926128571762,0.670608108108108,9.0,1.0,0.0,5.0,1
0.9599375588952631,0.49831081081081063,4.0,1.0,0.0,1.0,0
-0.1025187315922783,0.30067567567567555,3.0,0.0,1.0,5.0,0
-0.7665539131469916,0.25844594594594594,3.0,1.0,0.0,5.0,0
0.4951129318069637,0.5624999999999999,7.0,1.0,0.0,4.0,0
0.03028830471866437,0.0625,1.0,1.0,0.0,2.0,0
0.0966918228741357,0.1841216216216215,1.0,0.0,1.0,4.0,0
-1.0985715039243482,0.545608108108108,7.0,1.0,0.0,1.0,0
-0.5009398405251063,0.7533783783783782,6.0,0.0,1.0,0.0,0
-0.633746876836049,0.9797297297297295,8.0,1.0,0.0,3.0,0
-1.7626066854790616,0.385135135135135,2.0,0.0,1.0,0.0,0
-0.036115213436806966,0.733108108108108,9.0,1.0,0.0,4.0,0
1.159148113361677,0.4374999999999999,2.0,0.0,1.0,5.0,1
-0.5673433586805776,0.8783783783783782,8.0,1.0,0.0,4.0,0
1.8895868130718618,0.5777027027027025,4.0,1.0,0.0,1.0,0
-0.633746876836049,0.9425675675675672,9.0,1.0,0.0,2.0,0
0.8935340407397917,0.3158783783783784,9.0,0.0,1.0,1.0,0
2.022393849382804,0.4442567567567567,4.0,1.0,0.0,3.0,0
-1.032167985768877,0.0557432432432432,6.0,0.0,1.0,3.0,0
1.2255516315171484,0.22804054054054046,0.0,0.0,1.0,2.0,0
0.2959023773405497,0.33952702702702686,3.0,1.0,0.0,4.0,0
0.9599375588952631,0.912162162162162,7.0,1.0,0.0,3.0,1
0.16309534102960704,0.21790540540540537,9.0,1.0,0.0,4.0,0
0.4287094136514924,0.7179054054054052,3.0,1.0,0.0,2.0,0
0.0966918228741357,0.6908783783783784,8.0,0.0,1.0,3.0,0
-0.633746876836049,0.44256756756756743,5.0,0.0,1.0,5.0,0
1.8231832949163904,0.29391891891891897,6.0,0.0,1.0,0.0,0
0.4287094136514924,0.4662162162162161,1.0,0.0,1.0,2.0,0
-0.7665539131469916,0.5439189189189187,5.0,1.0,0.0,0.0,0
0.2959023773405497,0.5591216216216214,1.0,0.0,1.0,2.0,0
0.22949885918507837,0.5895270270270269,7.0,1.0,0.0,3.0,1
0.0966918228741357,0.1875,1.0,0.0,1.0,3.0,0
1.6903762586054478,0.27195945945945954,3.0,1.0,0.0,3.0,1
0.8271305225843204,0.20608108108108103,9.0,1.0,0.0,4.0,1
-1.231378540235291,0.8445945945945942,5.0,1.0,0.0,1.0,0
0.4951129318069637,0.47466216216216195,9.0,1.0,0.0,5.0,0
1.4247621859835624,0.6942567567567567,5.0,1.0,0.0,1.0,0
0.4951129318069637,0.5354729729729729,4.0,1.0,0.0,4.0,0
0.36230589549602105,0.233108108108108,1.0,1.0,0.0,5.0,0
-0.832957431302463,0.3124999999999999,0.0,0.0,1.0,3.0,0
-1.032167985768877,0.8986486486486484,4.0,1.0,0.0,1.0,0
-1.2977820583907622,0.15878378378378377,9.0,0.0,1.0,4.0,0
0.03028830471866437,0.5641891891891891,3.0,0.0,1.0,0.0,0
-0.3681328042141636,0.40202702702702686,3.0,0.0,1.0,2.0,0
1.0263410770507344,0.3918918918918918,8.0,0.0,1.0,2.0,0
1.6239727404499764,0.6402027027027025,2.0,1.0,0.0,3.0,1
-0.23532576790322096,0.9341216216216214,6.0,1.0,0.0,2.0,0
-0.23532576790322096,0.1283783783783783,6.0,0.0,1.0,3.0,0
1.358358667828091,0.6148648648648646,3.0,1.0,0.0,5.0,1
-0.7665539131469916,0.3716216216216216,0.0,1.0,0.0,1.0,0
-0.832957431302463,0.7753378378378378,2.0,1.0,0.0,3.0,0
-0.8993609494579343,0.6402027027027025,7.0,0.0,1.0,1.0,0
0.22949885918507837,0.49155405405405406,8.0,0.0,1.0,1.0,0
2.221604403849218,0.39527027027027006,3.0,1.0,0.0,3.0,1
-0.3017292860586923,0.5168918918918918,9.0,0.0,1.0,4.0,0
-0.1025187315922783,0.5506756756756755,3.0,1.0,0.0,0.0,0
1.0263410770507344,0.7432432432432431,1.0,0.0,1.0,2.0,1
-0.5009398405251063,0.3192567567567567,0.0,1.0,0.0,5.0,0
0.03028830471866437,0.40878378378378366,0.0,0.0,1.0,1.0,0
0.2959023773405497,0.43243243243243235,0.0,0.0,1.0,4.0,0
0.8271305225843204,0.8885135135135135,1.0,0.0,1.0,1.0,0
0.16309534102960704,0.5827702702702701,1.0,0.0,1.0,3.0,0
-1.9618172399454756,0.5236486486486486,4.0,0.0,1.0,2.0,0
0.36230589549602105,0.36655405405405406,4.0,1.0,0.0,5.0,0
-0.832957431302463,0.6300675675675674,8.0,0.0,1.0,5.0,0
0.7607270044288491,0.08614864864864857,5.0,1.0,0.0,5.0,0
1.4247621859835624,0.22466216216216206,8.0,0.0,1.0,4.0,0
-0.7001503949915203,0.7668918918918918,3.0,1.0,0.0,4.0,0
0.0966918228741357,0.6925675675675674,5.0,1.0,0.0,2.0,0
1.358358667828091,0.33277027027027006,8.0,0.0,1.0,1.0,0
0.561516449962435,0.6131756756756755,5.0,1.0,0.0,3.0,0
0.22949885918507837,0.6807432432432431,9.0,1.0,0.0,5.0,0
0.6279199681179064,0.9408783783783782,1.0,0.0,1.0,4.0,0
0.36230589549602105,0.9358108108108106,6.0,0.0,1.0,4.0,0
-0.832957431302463,0.5337837837837837,2.0,1.0,0.0,1.0,0
-1.5633961310126476,0.6891891891891889,8.0,1.0,0.0,2.0,0
0.8271305225843204,0.7195945945945946,0.0,0.0,1.0,5.0,1
-1.2977820583907622,0.2922297297297295,1.0,1.0,0.0,1.0,0
0.2959023773405497,0.5489864864864863,4.0,0.0,1.0,1.0,0
-0.5009398405251063,0.07263513513513509,1.0,1.0,0.0,5.0,0
-0.1025187315922783,0.3361486486486486,9.0,0.0,1.0,1.0,0
0.8271305225843204,0.5135135135135135,9.0,1.0,0.0,5.0,0
0.0966918228741357,0.6165540540540538,6.0,1.0,0.0,0.0,0
0.22949885918507837,0.7043918918918918,6.0,1.0,0.0,2.0,0
-0.23532576790322096,0.3648648648648648,2.0,1.0,0.0,5.0,0
0.561516449962435,0.1976351351351351,3.0,0.0,1.0,1.0,0
1.2255516315171484,0.3716216216216216,1.0,1.0,0.0,5.0,1
0.6943234862733777,0.20270270270270263,5.0,1.0,0.0,3.0,0
-0.036115213436806966,0.03209459459459463,1.0,0.0,1.0,2.0,0
-0.3017292860586923,0.9527027027027025,2.0,1.0,0.0,4.0,0
-0.43453632236963496,0.8733108108108109,9.0,0.0,1.0,3.0,1
-0.5009398405251063,0.7685810810810808,3.0,0.0,1.0,5.0,1
1.8895868130718618,0.5878378378378376,5.0,1.0,0.0,0.0,0
-0.036115213436806966,0.3986486486486486,3.0,0.0,1.0,5.0,0
-1.1649750220798196,0.29054054054054046,2.0,0.0,1.0,0.0,0
0.4287094136514924,0.7516891891891891,1.0,1.0,0.0,0.0,0
1.557569222294505,0.006756756756756688,2.0,0.0,1.0,5.0,1
-0.23532576790322096,0.20777027027027017,4.0,1.0,0.0,1.0,0
0.6943234862733777,0.045608108108108,2.0,1.0,0.0,2.0,0
1.358358667828091,0.8547297297297295,2.0,0.0,1.0,1.0,0
-0.036115213436806966,0.6283783783783782,1.0,0.0,1.0,4.0,0
0.16309534102960704,0.3986486486486486,6.0,1.0,0.0,1.0,0
0.4951129318069637,0.5506756756756755,5.0,1.0,0.0,5.0,0
-0.832957431302463,0.4172297297297295,4.0,1.0,0.0,0.0,0
0.561516449962435,0.8986486486486484,6.0,0.0,1.0,1.0,0
-0.16892224974774964,0.5152027027027025,6.0,1.0,0.0,3.0,0
-2.4930453851892462,0.15033783783783772,2.0,0.0,1.0,5.0,0
1.0263410770507344,0.1976351351351351,5.0,1.0,0.0,1.0,0
2.28800792200469,0.49493243243243235,7.0,1.0,0.0,0.0,0
2.155200885693747,0.6249999999999999,1.0,1.0,0.0,0.0,1
-0.3017292860586923,0.42229729729729726,2.0,1.0,0.0,0.0,0
0.6279199681179064,0.4864864864864863,1.0,0.0,1.0,0.0,0
-0.7665539131469916,0.5253378378378378,4.0,0.0,1.0,0.0,0
3.084850139870346,0.8277027027027025,7.0,0.0,1.0,4.0,1
0.561516449962435,0.7499999999999999,7.0,0.0,1.0,0.0,0
-0.43453632236963496,0.9189189189189187,9.0,1.0,0.0,1.0,0
-0.1025187315922783,0.8749999999999999,9.0,1.0,0.0,4.0,1
-1.430589094701705,0.733108108108108,6.0,1.0,0.0,3.0,0
-0.7665539131469916,0.22128378378378366,9.0,1.0,0.0,3.0,0
2.221604403849218,0.8513513513513512,5.0,0.0,1.0,0.0,0
-0.16892224974774964,0.7094594594594593,0.0,1.0,0.0,2.0,0
-1.0985715039243482,0.33277027027027006,8.0,1.0,0.0,5.0,0
-0.036115213436806966,0.2804054054054054,7.0,0.0,1.0,1.0,0
0.6279199681179064,0.6452702702702701,5.0,0.0,1.0,4.0,0
-0.7665539131469916,0.2466216216216216,4.0,1.0,0.0,4.0,0
0.7607270044288491,0.30067567567567555,1.0,1.0,0.0,4.0,0
1.2255516315171484,0.2432432432432433,9.0,0.0,1.0,0.0,0
-0.23532576790322096,0.33108108108108103,2.0,1.0,0.0,3.0,0
0.6943234862733777,0.483108108108108,7.0,1.0,0.0,3.0,0
-0.1025187315922783,0.22466216216216206,0.0,1.0,0.0,0.0,0
0.22949885918507837,0.4527027027027025,9.0,1.0,0.0,4.0,0
-0.43453632236963496,0.07601351351351349,0.0,0.0,1.0,3.0,0
-1.629799649168119,0.14020270270270263,8.0,0.0,1.0,1.0,0
0.36230589549602105,0.21790540540540537,6.0,1.0,0.0,5.0,0
2.28800792200469,0.21452702702702686,8.0,0.0,1.0,2.0,1
1.0927445952062058,0.47466216216216195,7.0,0.0,1.0,1.0,0
-1.1649750220798196,0.22804054054054046,7.0,0.0,1.0,3.0,0
-0.3017292860586923,0.6908783783783784,0.0,0.0,1.0,4.0,1
-1.9618172399454756,0.886824324324324,3.0,1.0,0.0,2.0,1
-0.3681328042141636,0.2499999999999999,0.0,0.0,1.0,1.0,0
1.2919551496726198,0.3817567567567567,8.0,1.0,0.0,4.0,0
-1.1649750220798196,0.4932432432432431,8.0,1.0,0.0,0.0,0
-0.23532576790322096,0.3986486486486486,3.0,0.0,1.0,0.0,0
0.4287094136514924,0.38006756756756743,7.0,1.0,0.0,2.0,0
-0.1025187315922783,0.7635135135135135,0.0,0.0,1.0,0.0,0
0.6943234862733777,0.815878378378378,6.0,1.0,0.0,5.0,0
-2.16102779441189,0.46114864864864835,4.0,1.0,0.0,1.0,0
-0.3681328042141636,0.8445945945945942,7.0,0.0,1.0,1.0,0
-0.5009398405251063,0.7854729729729727,2.0,1.0,0.0,0.0,0
0.6943234862733777,0.31081081081081063,3.0,1.0,0.0,2.0,0
0.03028830471866437,0.7483108108108109,2.0,1.0,0.0,0.0,0
1.6239727404499764,0.15371621621621623,2.0,1.0,0.0,4.0,0
-1.3641855765462336,0.1773648648648648,7.0,1.0,0.0,4.0,0
-1.3641855765462336,0.3260135135135135,6.0,1.0,0.0,3.0,0
0.03028830471866437,0.7027027027027025,3.0,0.0,1.0,3.0,0
2.28800792200469,0.922297297297297,0.0,0.0,1.0,3.0,1
-0.1025187315922783,0.1807432432432432,6.0,1.0,0.0,3.0,0
-1.4969926128571762,0.3716216216216216,9.0,1.0,0.0,0.0,0
-0.5009398405251063,0.6672297297297297,7.0,1.0,0.0,0.0,0
0.16309534102960704,0.7094594594594593,8.0,1.0,0.0,1.0,0
0.6279199681179064,0.42905405405405406,4.0,0.0,1.0,2.0,0
0.561516449962435,0.3902027027027025,2.0,0.0,1.0,1.0,0
1.557569222294505,0.8733108108108109,6.0,0.0,1.0,3.0,1
0.4287094136514924,0.26182432432432423,6.0,0.0,1.0,5.0,0
1.2255516315171484,0.2668918918918918,0.0,0.0,1.0,3.0,1
-0.43453632236963496,0.9864864864864863,6.0,0.0,1.0,2.0,0
-0.3017292860586923,0.3513513513513512,2.0,1.0,0.0,0.0,0
-0.832957431302463,0.9695945945945942,4.0,1.0,0.0,2.0,0
1.6239727404499764,0.3445945945945944,5.0,0.0,1.0,0.0,0
1.0263410770507344,0.787162162162162,1.0,1.0,0.0,5.0,1
-0.8993609494579343,0.3817567567567567,6.0,0.0,1.0,1.0,0
-0.3681328042141636,0.295608108108108,0.0,1.0,0.0,5.0,0
1.6903762586054478,0.5270270270270269,9.0,0.0,1.0,2.0,1
-1.0985715039243482,0.26351351351351326,4.0,1.0,0.0,2.0,0
0.8271305225843204,0.48141891891891875,2.0,1.0,0.0,5.0,0
0.03028830471866437,0.5050675675675674,8.0,0.0,1.0,0.0,0
-0.23532576790322096,0.4172297297297295,9.0,0.0,1.0,1.0,0
-2.625852421500189,0.797297297297297,0.0,1.0,0.0,1.0,0
0.16309534102960704,0.447635135135135,7.0,0.0,1.0,3.0,0
-1.6962031673235902,0.49831081081081063,5.0,1.0,0.0,1.0,0
0.0966918228741357,0.1976351351351351,8.0,1.0,0.0,1.0,0
-1.6962031673235902,0.6841216216216214,1.0,1.0,0.0,2.0,0
0.0966918228741357,0.36993243243243235,3.0,0.0,1.0,4.0,0
-2.0946242762564182,0.7685810810810808,8.0,1.0,0.0,3.0,1
1.4911657041390338,0.108108108108108,5.0,1.0,0.0,5.0,0
-0.5009398405251063,0.6165540540540538,2.0,0.0,1.0,0.0,0
0.561516449962435,0.21790540540540537,9.0,0.0,1.0,5.0,0
-0.3681328042141636,0.7618243243243242,7.0,0.0,1.0,0.0,0
-0.1025187315922783,0.8344594594594593,4.0,0.0,1.0,1.0,0
0.22949885918507837,0.32094594594594594,7.0,1.0,0.0,1.0,0
0.4287094136514924,0.3834459459459457,9.0,0.0,1.0,0.0,0
0.03028830471866437,0.4729729729729729,9.0,0.0,1.0,0.0,0
-0.3681328042141636,0.15878378378378377,5.0,1.0,0.0,3.0,0
0.8935340407397917,0.0523648648648648,6.0,1.0,0.0,2.0,1
1.159148113361677,0.8412162162162159,0.0,1.0,0.0,3.0,1
-0.3017292860586923,0.9155405405405405,4.0,1.0,0.0,3.0,0
-0.832957431302463,0.48817567567567555,8.0,1.0,0.0,3.0,0
-0.43453632236963496,0.03209459459459463,4.0,0.0,1.0,1.0,0
-1.629799649168119,0.6621621621621622,0.0,1.0,0.0,5.0,1
0.36230589549602105,0.6655405405405405,1.0,1.0,0.0,4.0,0
-0.3681328042141636,0.25844594594594594,1.0,1.0,0.0,5.0,0
-1.3641855765462336,0.7820945945945944,0.0,1.0,0.0,1.0,0
0.36230589549602105,0.6452702702702701,1.0,1.0,0.0,2.0,0
1.8895868130718618,0.697635135135135,2.0,1.0,0.0,2.0,1
0.2959023773405497,0.7094594594594593,6.0,1.0,0.0,4.0,0
-1.1649750220798196,0.47466216216216195,8.0,1.0,0.0,4.0,0
-1.629799649168119,0.43581081081081063,4.0,1.0,0.0,4.0,0
0.22949885918507837,0.31418918918918914,7.0,0.0,1.0,2.0,0
0.6943234862733777,0.9037162162162161,1.0,1.0,0.0,3.0,1
-0.036115213436806966,0.1283783783783783,5.0,1.0,0.0,0.0,0
0.6279199681179064,0.599662162162162,0.0,1.0,0.0,3.0,1
-0.7001503949915203,0.295608108108108,5.0,1.0,0.0,0.0,0
0.4287094136514924,0.1013513513513512,0.0,0.0,1.0,4.0,0
0.36230589549602105,0.7077702702702703,4.0,0.0,1.0,0.0,0
-1.3641855765462336,0.5506756756756755,4.0,1.0,0.0,1.0,0
-1.430589094701705,0.9239864864864863,0.0,1.0,0.0,5.0,0
-0.1025187315922783,0.5962837837837837,7.0,0.0,1.0,2.0,1
-1.430589094701705,0.7179054054054052,1.0,1.0,0.0,4.0,1
-0.23532576790322096,0.27533783783783783,4.0,1.0,0.0,2.0,0
-0.16892224974774964,0.518581081081081,1.0,1.0,0.0,1.0,0
0.561516449962435,0.46114864864864835,2.0,1.0,0.0,1.0,0
0.9599375588952631,0.8327702702702703,4.0,1.0,0.0,0.0,0
1.2919551496726198,0.8108108108108106,9.0,1.0,0.0,1.0,0
0.36230589549602105,0.7939189189189187,7.0,1.0,0.0,5.0,1
-0.7665539131469916,0.8597972972972973,6.0,1.0,0.0,5.0,0
-1.0985715039243482,0.4594594594594593,1.0,1.0,0.0,0.0,0
-1.0985715039243482,0.5152027027027025,1.0,0.0,1.0,1.0,0
1.4911657041390338,0.2888513513513512,9.0,0.0,1.0,2.0,0
1.0263410770507344,0.21621621621621623,3.0,1.0,0.0,2.0,1
-0.036115213436806966,0.8124999999999997,7.0,0.0,1.0,2.0,0
-0.832957431302463,0.30067567567567555,0.0,1.0,0.0,4.0,0
0.2959023773405497,0.5929054054054054,5.0,0.0,1.0,3.0,0
1.2255516315171484,0.5219594594594593,5.0,1.0,0.0,3.0,0
0.0966918228741357,0.3547297297297295,9.0,1.0,0.0,3.0,0
1.4247621859835624,0.5844594594594593,7.0,0.0,1.0,5.0,0
-1.231378540235291,0.25506756756756743,0.0,1.0,0.0,3.0,0
-1.8954137217900044,0.3091216216216216,5.0,0.0,1.0,4.0,0
0.03028830471866437,0.16216216216216206,5.0,0.0,1.0,2.0,0
0.0966918228741357,0.6807432432432431,7.0,0.0,1.0,0.0,0
0.2959023773405497,0.5152027027027025,7.0,1.0,0.0,2.0,0
1.6903762586054478,0.5675675675675674,5.0,0.0,1.0,2.0,0
2.088797367538276,0.31081081081081063,3.0,1.0,0.0,4.0,1
1.159148113361677,0.4138513513513512,1.0,1.0,0.0,5.0,1
-2.2938348307228322,0.9020270270270269,5.0,0.0,1.0,1.0,0
0.4287094136514924,0.8716216216216214,5.0,0.0,1.0,1.0,0
0.8935340407397917,0.7601351351351348,9.0,0.0,1.0,5.0,1
1.358358667828091,0.17229729729729715,8.0,0.0,1.0,5.0,1
-0.23532576790322096,0.14527027027027029,6.0,1.0,0.0,2.0,0
-1.4969926128571762,0.8986486486486484,1.0,1.0,0.0,2.0,0
0.561516449962435,0.4898648648648648,1.0,1.0,0.0,2.0,0
2.354411440160161,0.47128378378378366,5.0,1.0,0.0,0.0,0
-1.0985715039243482,0.44256756756756743,5.0,1.0,0.0,1.0,0
-1.1649750220798196,0.29729729729729726,2.0,1.0,0.0,5.0,0
-0.9657644676134056,0.42229729729729726,8.0,1.0,0.0,4.0,0
-1.0985715039243482,0.9628378378378376,9.0,1.0,0.0,0.0,0
0.561516449962435,0.9020270270270269,6.0,1.0,0.0,5.0,0
0.03028830471866437,0.8564189189189185,4.0,1.0,0.0,1.0,0
1.159148113361677,0.4797297297297295,7.0,0.0,1.0,0.0,0
0.2959023773405497,0.5287162162162161,8.0,1.0,0.0,4.0,0
-1.1649750220798196,0.7550675675675674,2.0,0.0,1.0,5.0,0
-0.3681328042141636,0.3716216216216216,2.0,1.0,0.0,5.0,0
0.9599375588952631,0.34628378378378366,7.0,1.0,0.0,5.0,0
-0.832957431302463,0.28378378378378366,0.0,1.0,0.0,3.0,0
-0.1025187315922783,0.0557432432432432,3.0,0.0,1.0,2.0,0
-0.23532576790322096,0.07601351351351349,5.0,0.0,1.0,5.0,0
-0.9657644676134056,0.2804054054054054,6.0,0.0,1.0,0.0,0
1.358358667828091,0.8074324324324323,3.0,1.0,0.0,1.0,1
0.16309534102960704,0.6317567567567565,0.0,1.0,0.0,2.0,0
-1.231378540235291,0.8006756756756753,4.0,0.0,1.0,2.0,1
0.36230589549602105,0.6959459459459457,0.0,1.0,0.0,1.0,0
1.159148113361677,0.3429054054054054,1.0,0.0,1.0,2.0,1
0.6279199681179064,0.14189189189189177,0.0,1.0,0.0,4.0,0
-1.0985715039243482,0.16216216216216206,3.0,0.0,1.0,4.0,0
1.557569222294505,0.7483108108108109,0.0,1.0,0.0,4.0,1
0.16309534102960704,0.8091216216216214,4.0,1.0,0.0,3.0,0
-0.9657644676134056,0.20608108108108103,6.0,0.0,1.0,0.0,0
-0.036115213436806966,0.4864864864864863,6.0,0.0,1.0,0.0,0
-0.16892224974774964,0.922297297297297,7.0,1.0,0.0,1.0,0
-0.1025187315922783,0.45608108108108103,5.0,1.0,0.0,4.0,0
0.8271305225843204,0.17905405405405395,6.0,0.0,1.0,0.0,0
0.36230589549602105,0.9273648648648646,3.0,1.0,0.0,1.0,0
1.0263410770507344,0.22635135135135132,8.0,1.0,0.0,4.0,1
0.6943234862733777,0.8885135135135135,9.0,1.0,0.0,1.0,0
1.358358667828091,0.795608108108108,9.0,1.0,0.0,5.0,1
-0.3681328042141636,0.48817567567567555,6.0,1.0,0.0,1.0,0
-0.3681328042141636,0.21114864864864857,6.0,0.0,1.0,0.0,0
0.22949885918507837,0.37331081081081063,7.0,0.0,1.0,5.0,0
0.8935340407397917,0.4966216216216216,9.0,0.0,1.0,1.0,0
-0.036115213436806966,0.7128378378378376,2.0,0.0,1.0,3.0,0
0.16309534102960704,0.49831081081081063,6.0,0.0,1.0,3.0,0
1.0263410770507344,0.4054054054054054,4.0,1.0,0.0,5.0,0
-0.3017292860586923,0.5388513513513512,4.0,0.0,1.0,5.0,0
-1.629799649168119,0.8108108108108106,2.0,1.0,0.0,3.0,0
0.8935340407397917,0.6554054054054052,7.0,0.0,1.0,3.0,1
-0.16892224974774964,0.4510135135135135,4.0,1.0,0.0,0.0,0
0.0966918228741357,0.8733108108108109,9.0,1.0,0.0,3.0,0
-0.23532576790322096,0.25844594594594594,9.0,1.0,0.0,4.0,0
0.4287094136514924,0.5287162162162161,9.0,1.0,0.0,4.0,0
-0.5673433586805776,0.22972972972972971,5.0,1.0,0.0,1.0,0
0.16309534102960704,0.581081081081081,6.0,1.0,0.0,0.0,0
-1.6962031673235902,0.46114864864864835,1.0,1.0,0.0,5.0,0
-2.8914664941220742,0.14864864864864857,3.0,0.0,1.0,5.0,0
-0.036115213436806966,0.21114864864864857,5.0,0.0,1.0,1.0,0
0.7607270044288491,0.8243243243243242,4.0,0.0,1.0,5.0,1
0.16309534102960704,0.606418918918919,3.0,1.0,0.0,1.0,0
1.4911657041390338,0.29054054054054046,4.0,1.0,0.0,5.0,0
-0.832957431302463,0.20439189189189177,3.0,1.0,0.0,1.0,0
-0.8993609494579343,0.3412162162162161,8.0,1.0,0.0,0.0,0
-0.3017292860586923,0.3783783783783784,1.0,0.0,1.0,0.0,0
-0.1025187315922783,0.7229729729729729,9.0,0.0,1.0,2.0,1
-0.3017292860586923,0.5523648648648646,5.0,0.0,1.0,3.0,0
-1.5633961310126476,0.038851351351351204,5.0,0.0,1.0,1.0,0
-1.6962031673235902,0.4054054054054054,9.0,1.0,0.0,5.0,0
-1.5633961310126476,0.23479729729729726,5.0,1.0,0.0,0.0,0
-0.1025187315922783,0.008445945945945943,7.0,1.0,0.0,0.0,0
-0.7665539131469916,0.3091216216216216,3.0,0.0,1.0,2.0,0
0.9599375588952631,0.5692567567567567,8.0,1.0,0.0,5.0,0
1.358358667828091,0.3885135135135135,8.0,0.0,1.0,3.0,1
-1.4969926128571762,0.14189189189189177,6.0,1.0,0.0,0.0,0
-0.633746876836049,0.7499999999999999,3.0,1.0,0.0,0.0,0
-0.23532576790322096,0.17229729729729715,2.0,1.0,0.0,2.0,0
-0.5009398405251063,0.795608108108108,2.0,0.0,1.0,4.0,0
1.0263410770507344,0.6925675675675674,2.0,1.0,0.0,3.0,1
2.022393849382804,0.49155405405405406,5.0,1.0,0.0,3.0,0
0.7607270044288491,0.6587837837837834,9.0,1.0,0.0,5.0,1
-0.23532576790322096,0.42567567567567555,3.0,1.0,0.0,1.0,0
0.0966918228741357,0.420608108108108,1.0,1.0,0.0,5.0,0
-1.0985715039243482,0.1841216216216215,6.0,1.0,0.0,4.0,0
1.4911657041390338,0.5878378378378376,1.0,0.0,1.0,4.0,1
-0.5673433586805776,0.10304054054054057,8.0,1.0,0.0,0.0,0
-0.5009398405251063,0.4594594594594593,2.0,0.0,1.0,2.0,0
-1.4969926128571762,0.5506756756756755,7.0,1.0,0.0,0.0,0
0.7607270044288491,0.5135135135135135,6.0,1.0,0.0,3.0,1
-0.43453632236963496,0.21114864864864857,7.0,1.0,0.0,3.0,0
1.6903762586054478,0.27533783783783783,5.0,1.0,0.0,2.0,0
0.22949885918507837,0.042229729729729715,8.0,1.0,0.0,4.0,0
-0.5009398405251063,0.8175675675675674,8.0,0.0,1.0,1.0,0
1.756779776760919,0.6249999999999999,3.0,1.0,0.0,5.0,1
0.7607270044288491,0.8699324324324321,5.0,1.0,0.0,2.0,1
-1.3641855765462336,0.4527027027027025,1.0,1.0,0.0,0.0,0
1.0263410770507344,0.6604729729729727,9.0,0.0,1.0,2.0,1
0.03028830471866437,0.5777027027027025,3.0,0.0,1.0,2.0,0
1.756779776760919,0.10472972972972971,1.0,0.0,1.0,2.0,0
0.7607270044288491,0.8074324324324323,9.0,1.0,0.0,3.0,1
0.2959023773405497,0.23817567567567555,7.0,0.0,1.0,0.0,0
-0.832957431302463,0.7820945945945944,6.0,1.0,0.0,1.0,0
-0.9657644676134056,0.5608108108108106,8.0,0.0,1.0,2.0,0
0.16309534102960704,0.09966216216216206,4.0,1.0,0.0,2.0,0
-0.16892224974774964,0.7432432432432431,6.0,0.0,1.0,4.0,0
-1.032167985768877,0.42567567567567555,7.0,1.0,0.0,5.0,0
0.8271305225843204,0.7162162162162159,7.0,1.0,0.0,0.0,0
1.4247621859835624,0.07939189189189177,3.0,1.0,0.0,0.0,0
-0.16892224974774964,0.21959459459459452,6.0,1.0,0.0,5.0,0
1.2255516315171484,0.3749999999999999,6.0,0.0,1.0,5.0,0
1.0263410770507344,0.5050675675675674,7.0,0.0,1.0,5.0,0
0.7607270044288491,0.7787162162162161,5.0,0.0,1.0,2.0,1
1.2919551496726198,0.6266891891891891,4.0,1.0,0.0,2.0,1
1.0263410770507344,0.6520270270270269,7.0,0.0,1.0,1.0,1
0.03028830471866437,0.47128378378378366,0.0,1.0,0.0,5.0,0
-0.9657644676134056,0.4527027027027025,7.0,0.0,1.0,0.0,0
0.2959023773405497,0.9864864864864863,0.0,1.0,0.0,3.0,0
-0.036115213436806966,0.6334459459459457,6.0,0.0,1.0,1.0,0
0.36230589549602105,0.672297297297297,1.0,0.0,1.0,0.0,0
1.2255516315171484,0.6858108108108106,2.0,0.0,1.0,3.0,1
-0.43453632236963496,0.8716216216216214,6.0,0.0,1.0,3.0,0
0.8935340407397917,0.108108108108108,7.0,0.0,1.0,2.0,1
-2.028220758100947,0.7804054054054052,7.0,1.0,0.0,1.0,0
-0.8993609494579343,0.6739864864864863,5.0,1.0,0.0,5.0,0
-0.3017292860586923,0.5793918918918918,9.0,1.0,0.0,1.0,0
-0.5009398405251063,0.7922297297297297,0.0,0.0,1.0,5.0,1
1.4247621859835624,0.7516891891891891,3.0,1.0,0.0,0.0,1
-1.032167985768877,0.25844594594594594,3.0,0.0,1.0,4.0,0
-0.16892224974774964,0.1013513513513512,4.0,1.0,0.0,3.0,0
0.03028830471866437,0.28378378378378366,8.0,0.0,1.0,0.0,0
-1.3641855765462336,0.26351351351351326,8.0,0.0,1.0,1.0,0
-0.1025187315922783,0.8091216216216214,0.0,1.0,0.0,2.0,1
0.4951129318069637,0.33277027027027006,3.0,1.0,0.0,4.0,0
1.6903762586054478,0.12331081081081063,2.0,1.0,0.0,1.0,0
-0.5673433586805776,0.7939189189189187,9.0,0.0,1.0,3.0,0
-0.5673433586805776,0.8986486486486484,2.0,1.0,0.0,3.0,1
-1.430589094701705,0.21283783783783772,4.0,1.0,0.0,2.0,0
-1.231378540235291,0.4729729729729729,3.0,1.0,0.0,0.0,0
0.9599375588952631,0.6233108108108106,6.0,0.0,1.0,5.0,1
0.2959023773405497,0.7837837837837837,5.0,1.0,0.0,5.0,0
1.6903762586054478,0.3682432432432431,3.0,1.0,0.0,2.0,0
0.36230589549602105,0.3192567567567567,6.0,0.0,1.0,0.0,0
-1.3641855765462336,0.21283783783783772,9.0,1.0,0.0,0.0,0
1.0927445952062058,0.608108108108108,1.0,1.0,0.0,1.0,0
-0.8993609494579343,0.030405405405405372,6.0,0.0,1.0,0.0,0
1.2255516315171484,0.7094594594594593,4.0,0.0,1.0,1.0,0
0.16309534102960704,0.8834459459459457,2.0,1.0,0.0,2.0,0
-0.5673433586805776,0.32432432432432423,4.0,1.0,0.0,2.0,0
-0.5673433586805776,0.9662162162162159,7.0,1.0,0.0,2.0,1
1.358358667828091,0.35979729729729726,4.0,1.0,0.0,3.0,1
0.03028830471866437,0.8631756756756755,9.0,1.0,0.0,1.0,0
-0.3017292860586923,0.5912162162162159,6.0,1.0,0.0,3.0,0
-0.5009398405251063,0.14358108108108092,7.0,0.0,1.0,2.0,0
0.561516449962435,0.4763513513513512,3.0,1.0,0.0,5.0,0
0.8271305225843204,0.1148648648648648,0.0,0.0,1.0,0.0,0
1.955990331227333,0.3614864864864863,3.0,1.0,0.0,0.0,0
-0.7001503949915203,0.4932432432432431,3.0,1.0,0.0,1.0,0
-0.3681328042141636,0.10472972972972971,2.0,1.0,0.0,2.0,0
0.8271305225843204,0.7550675675675674,2.0,0.0,1.0,4.0,1
-0.633746876836049,0.13344594594594594,5.0,0.0,1.0,1.0,0
0.03028830471866437,0.6942567567567567,2.0,0.0,1.0,5.0,0
0.36230589549602105,0.14695945945945943,5.0,0.0,1.0,0.0,0
0.9599375588952631,0.2364864864864865,1.0,1.0,0.0,2.0,0
-0.8993609494579343,0.7618243243243242,7.0,0.0,1.0,2.0,0
-0.3017292860586923,0.831081081081081,5.0,1.0,0.0,1.0,0
1.0927445952062058,0.672297297297297,9.0,1.0,0.0,4.0,1
1.2919551496726198,0.31756756756756743,3.0,1.0,0.0,5.0,0
-1.5633961310126476,0.6486486486486486,8.0,1.0,0.0,4.0,0
0.6279199681179064,0.6097972972972973,9.0,1.0,0.0,1.0,0
0.4287094136514924,0.49831081081081063,6.0,0.0,1.0,2.0,0
1.358358667828091,0.48479729729729726,4.0,1.0,0.0,1.0,0
-0.5673433586805776,0.9358108108108106,2.0,1.0,0.0,5.0,1
0.0966918228741357,0.7466216216216216,7.0,1.0,0.0,5.0,0
0.16309534102960704,0.7398648648648646,1.0,1.0,0.0,2.0,0
0.22949885918507837,0.14020270270270263,1.0,1.0,0.0,2.0,0
1.2255516315171484,0.5658783783783782,8.0,0.0,1.0,3.0,0
0.36230589549602105,0.5489864864864863,2.0,1.0,0.0,1.0,0
0.6943234862733777,0.7314189189189185,2.0,1.0,0.0,2.0,0
-1.629799649168119,0.4510135135135135,5.0,1.0,0.0,3.0,0
0.22949885918507837,0.2804054054054054,3.0,0.0,1.0,1.0,0
-2.6922559396556602,0.08783783783783772,6.0,0.0,1.0,4.0,0
-1.0985715039243482,0.2820945945945944,4.0,0.0,1.0,3.0,0
1.955990331227333,0.3766891891891889,5.0,0.0,1.0,0.0,0
-0.8993609494579343,0.11148648648648651,2.0,0.0,1.0,4.0,0
-0.3017292860586923,0.6672297297297297,0.0,0.0,1.0,4.0,0
0.03028830471866437,0.47128378378378366,9.0,1.0,0.0,4.0,0
-0.3681328042141636,0.3783783783783784,2.0,1.0,0.0,5.0,0
1.6903762586054478,0.9510135135135133,3.0,1.0,0.0,2.0,1
0.16309534102960704,0.4374999999999999,5.0,0.0,1.0,3.0,0
0.9599375588952631,0.5844594594594593,3.0,1.0,0.0,3.0,0
-0.16892224974774964,0.4104729729729729,4.0,0.0,1.0,5.0,0
1.756779776760919,0.40878378378378366,8.0,1.0,0.0,1.0,0
1.756779776760919,0.41891891891891875,7.0,0.0,1.0,1.0,0
-0.7665539131469916,0.9510135135135133,4.0,0.0,1.0,3.0,0
0.6943234862733777,0.9307432432432431,2.0,1.0,0.0,4.0,0
0.9599375588952631,0.537162162162162,7.0,1.0,0.0,4.0,1
0.6279199681179064,0.17905405405405395,2.0,0.0,1.0,1.0,0
0.03028830471866437,0.6621621621621622,8.0,1.0,0.0,3.0,1
-0.832957431302463,0.23817567567567555,0.0,1.0,0.0,2.0,0
-0.1025187315922783,0.4695945945945946,5.0,1.0,0.0,4.0,0
0.9599375588952631,0.2989864864864863,2.0,0.0,1.0,4.0,0
0.8935340407397917,0.8006756756756753,6.0,0.0,1.0,0.0,0
0.2959023773405497,0.5574324324324323,8.0,0.0,1.0,5.0,0
1.4247621859835624,0.36655405405405406,3.0,1.0,0.0,2.0,0
0.7607270044288491,0.5253378378378378,0.0,1.0,0.0,3.0,1
0.7607270044288491,0.1942567567567568,2.0,1.0,0.0,4.0,0
-1.4969926128571762,0.8766891891891891,5.0,1.0,0.0,2.0,0
0.36230589549602105,0.8547297297297295,2.0,1.0,0.0,4.0,0
-0.16892224974774964,0.13006756756756743,1.0,1.0,0.0,1.0,0
1.8231832949163904,0.787162162162162,8.0,1.0,0.0,5.0,1
0.16309534102960704,0.947635135135135,0.0,1.0,0.0,0.0,0
-0.1025187315922783,0.32094594594594594,7.0,1.0,0.0,1.0,0
0.8935340407397917,0.5962837837837837,1.0,1.0,0.0,5.0,1
-0.7001503949915203,0.8902027027027025,4.0,0.0,1.0,4.0,0
0.2959023773405497,0.1908783783783783,9.0,0.0,1.0,4.0,0
0.03028830471866437,0.1908783783783783,0.0,1.0,0.0,2.0,0
-0.23532576790322096,0.447635135135135,0.0,1.0,0.0,1.0,0
-2.0946242762564182,0.9391891891891889,4.0,1.0,0.0,1.0,0
0.7607270044288491,0.0557432432432432,7.0,1.0,0.0,5.0,0
-1.430589094701705,0.2398648648648648,4.0,0.0,1.0,2.0,0
-0.7665539131469916,0.04391891891891886,8.0,1.0,0.0,0.0,0
-0.16892224974774964,0.4273648648648648,2.0,0.0,1.0,0.0,0
0.6279199681179064,0.10304054054054057,6.0,1.0,0.0,0.0,0
-0.3681328042141636,0.9037162162162161,3.0,1.0,0.0,4.0,0
-0.3681328042141636,0.2364864864864865,5.0,0.0,1.0,2.0,0
1.2919551496726198,0.19256756756756743,4.0,0.0,1.0,5.0,0
-0.43453632236963496,0.31418918918918914,4.0,0.0,1.0,0.0,0
0.9599375588952631,0.3969594594594593,9.0,1.0,0.0,3.0,0
-0.43453632236963496,0.41891891891891875,1.0,1.0,0.0,2.0,0
0.7607270044288491,0.3412162162162161,9.0,0.0,1.0,4.0,0
-1.4969926128571762,0.41554054054054046,8.0,0.0,1.0,3.0,0
-0.633746876836049,0.2787162162162161,8.0,0.0,1.0,0.0,0
1.4247621859835624,0.6030405405405402,8.0,0.0,1.0,5.0,1
-0.16892224974774964,0.48479729729729726,4.0,1.0,0.0,3.0,0
0.4287094136514924,0.7685810810810808,1.0,1.0,0.0,2.0,0
-0.7001503949915203,0.5962837837837837,8.0,0.0,1.0,3.0,1
1.6239727404499764,0.3412162162162161,4.0,1.0,0.0,4.0,1
0.36230589549602105,0.4138513513513512,1.0,0.0,1.0,4.0,0
0.0966918228741357,0.25168918918918914,9.0,1.0,0.0,2.0,0
1.557569222294505,0.09797297297297292,0.0,0.0,1.0,2.0,0
-0.23532576790322096,0.7162162162162159,0.0,1.0,0.0,2.0,1
-0.832957431302463,0.6655405405405405,4.0,1.0,0.0,2.0,1
-0.43453632236963496,0.3023648648648648,8.0,1.0,0.0,4.0,0
2.620025512782046,0.7094594594594593,0.0,1.0,0.0,0.0,0
-1.1649750220798196,0.3479729729729729,1.0,1.0,0.0,1.0,0
-0.7665539131469916,0.3158783783783784,4.0,1.0,0.0,5.0,0
-0.5009398405251063,0.9290540540540536,4.0,0.0,1.0,5.0,0
1.2255516315171484,0.33783783783783783,7.0,0.0,1.0,0.0,0
-2.559448903344718,0.6942567567567567,6.0,1.0,0.0,3.0,1
-0.7665539131469916,0.8631756756756755,1.0,0.0,1.0,4.0,0
1.6239727404499764,0.6520270270270269,3.0,0.0,1.0,5.0,1
1.8895868130718618,0.6841216216216214,1.0,1.0,0.0,1.0,1
-0.3017292860586923,0.4695945945945946,0.0,0.0,1.0,2.0,0
0.16309534102960704,0.15371621621621623,5.0,1.0,0.0,3.0,0
-2.8914664941220742,0.8175675675675674,6.0,0.0,1.0,2.0,1
-0.036115213436806966,0.8462837837837837,8.0,0.0,1.0,5.0,0
-0.7001503949915203,0.9020270270270269,2.0,1.0,0.0,3.0,1
0.6943234862733777,0.6807432432432431,4.0,0.0,1.0,0.0,0
-0.3681328042141636,0.7043918918918918,5.0,1.0,0.0,0.0,0
-0.9657644676134056,0.6402027027027025,3.0,1.0,0.0,4.0,0
-1.1649750220798196,0.7668918918918918,9.0,0.0,1.0,1.0,0
-0.5673433586805776,0.3766891891891889,2.0,1.0,0.0,4.0,0
-0.633746876836049,0.25844594594594594,8.0,1.0,0.0,0.0,0
-1.231378540235291,0.6503378378378378,6.0,1.0,0.0,2.0,1
-0.3017292860586923,0.33277027027027006,3.0,1.0,0.0,5.0,0
1.0927445952062058,0.10472972972972971,7.0,1.0,0.0,1.0,0
-0.832957431302463,0.8513513513513512,4.0,0.0,1.0,1.0,0
-0.5009398405251063,0.8361486486486486,9.0,0.0,1.0,3.0,0
-0.23532576790322096,0.4459459459459457,2.0,1.0,0.0,3.0,0
-0.5673433586805776,0.3192567567567567,3.0,1.0,0.0,5.0,0
0.7607270044288491,0.3445945945945944,7.0,0.0,1.0,2.0,1
-0.16892224974774964,0.4070945945945946,5.0,1.0,0.0,1.0,0
0.6279199681179064,0.1317567567567568,1.0,1.0,0.0,4.0,0
0.36230589549602105,0.8243243243243242,4.0,1.0,0.0,3.0,1
0.16309534102960704,0.35641891891891897,0.0,0.0,1.0,2.0,0
0.03028830471866437,0.48817567567567555,6.0,1.0,0.0,5.0,0
-0.5009398405251063,0.4999999999999999,0.0,1.0,0.0,2.0,0
0.6943234862733777,0.4966216216216216,1.0,1.0,0.0,2.0,0
0.22949885918507837,0.7483108108108109,1.0,0.0,1.0,0.0,0
1.2255516315171484,0.7077702702702703,8.0,1.0,0.0,2.0,1
-0.3681328042141636,0.0625,7.0,1.0,0.0,0.0,0
-1.0985715039243482,0.46283783783783783,0.0,1.0,0.0,1.0,0
-0.23532576790322096,0.9070945945945944,3.0,1.0,0.0,0.0,0
0.8271305225843204,0.27195945945945954,1.0,0.0,1.0,1.0,0
0.16309534102960704,0.8665540540540538,8.0,1.0,0.0,5.0,0
0.8935340407397917,0.9307432432432431,4.0,0.0,1.0,4.0,1
0.4287094136514924,0.8716216216216214,1.0,1.0,0.0,2.0,0
-0.23532576790322096,0.5827702702702701,4.0,1.0,0.0,2.0,0
0.36230589549602105,0.3445945945945944,1.0,1.0,0.0,0.0,0
0.03028830471866437,0.385135135135135,9.0,1.0,0.0,3.0,0
-1.231378540235291,0.8716216216216214,3.0,1.0,0.0,4.0,1
0.4951129318069637,0.6790540540540541,0.0,0.0,1.0,5.0,0
1.159148113361677,0.5236486486486486,2.0,1.0,0.0,4.0,0
-1.032167985768877,0.984797297297297,7.0,1.0,0.0,4.0,1
0.2959023773405497,0.8074324324324323,6.0,0.0,1.0,1.0,0
-0.832957431302463,0.8902027027027025,2.0,0.0,1.0,3.0,1
-0.633746876836049,0.1182432432432432,1.0,0.0,1.0,5.0,0
-0.036115213436806966,0.3293918918918918,1.0,1.0,0.0,0.0,0
0.6279199681179064,0.48479729729729726,7.0,1.0,0.0,1.0,0
0.36230589549602105,0.6503378378378378,0.0,1.0,0.0,5.0,1
-0.7665539131469916,0.02533783783783783,2.0,1.0,0.0,0.0,0
1.6239727404499764,0.15709459459459452,9.0,1.0,0.0,3.0,1
0.16309534102960704,0.21114864864864857,1.0,1.0,0.0,5.0,0
2.952043103559403,0.7989864864864863,2.0,0.0,1.0,0.0,0
-0.1025187315922783,0.19256756756756743,3.0,0.0,1.0,3.0,0
0.6279199681179064,0.6554054054054052,1.0,1.0,0.0,2.0,0
-1.3641855765462336,0.3918918918918918,8.0,1.0,0.0,0.0,0
1.0927445952062058,0.3682432432432431,1.0,0.0,1.0,5.0,0
-1.7626066854790616,0.9983108108108104,5.0,1.0,0.0,1.0,0
-0.7665539131469916,0.8445945945945942,5.0,1.0,0.0,2.0,0
-0.16892224974774964,0.5523648648648646,2.0,0.0,1.0,1.0,0
-0.23532576790322096,0.5118243243243242,5.0,0.0,1.0,3.0,0
0.4951129318069637,0.5422297297297295,8.0,1.0,0.0,0.0,0
1.8895868130718618,0.9003378378378376,4.0,1.0,0.0,1.0,0
0.36230589549602105,0.30405405405405384,7.0,1.0,0.0,4.0,0
1.4247621859835624,0.7584459459459457,2.0,1.0,0.0,2.0,1
-0.633746876836049,0.3648648648648648,4.0,1.0,0.0,1.0,0
-0.633746876836049,0.5777027027027025,5.0,1.0,0.0,0.0,0
-0.3017292860586923,0.28378378378378366,6.0,1.0,0.0,2.0,0
0.2959023773405497,0.15371621621621623,7.0,0.0,1.0,4.0,0
0.22949885918507837,0.8699324324324321,4.0,0.0,1.0,5.0,0
1.4911657041390338,0.4104729729729729,1.0,1.0,0.0,0.0,0
1.557569222294505,0.7567567567567565,9.0,0.0,1.0,5.0,1
0.0966918228741357,0.4070945945945946,7.0,1.0,0.0,4.0,0
-0.9657644676134056,0.5793918918918918,9.0,1.0,0.0,2.0,0
-1.7626066854790616,0.233108108108108,6.0,1.0,0.0,5.0,0
-0.633746876836049,0.2432432432432433,9.0,0.0,1.0,4.0,0
0.4287094136514924,0.6469594594594591,0.0,1.0,0.0,3.0,1
-1.4969926128571762,0.19932432432432423,3.0,1.0,0.0,2.0,0
0.6943234862733777,0.40878378378378366,6.0,0.0,1.0,0.0,0
-1.6962031673235902,0.3260135135135135,9.0,0.0,1.0,1.0,0
1.358358667828091,0.6959459459459457,2.0,1.0,0.0,1.0,0
-0.23532576790322096,0.6097972972972973,3.0,0.0,1.0,1.0,0
0.03028830471866437,0.4307432432432431,5.0,1.0,0.0,4.0,0
-0.43453632236963496,0.39358108108108103,1.0,1.0,0.0,0.0,0
2.752832549092989,0.6047297297297295,5.0,1.0,0.0,4.0,1
-0.7001503949915203,0.8699324324324321,6.0,0.0,1.0,3.0,1
-0.8993609494579343,0.21790540540540537,1.0,1.0,0.0,3.0,0
-2.16102779441189,0.40878378378378366,2.0,0.0,1.0,1.0,0
0.6279199681179064,0.4510135135135135,1.0,0.0,1.0,1.0,0
0.6279199681179064,0.4932432432432431,9.0,0.0,1.0,0.0,0
0.8271305225843204,0.9391891891891889,9.0,1.0,0.0,0.0,0
0.561516449962435,0.8614864864864863,1.0,0.0,1.0,5.0,0
-0.5009398405251063,0.4966216216216216,6.0,0.0,1.0,2.0,0
-0.3017292860586923,0.6739864864864863,1.0,1.0,0.0,3.0,1
-0.8993609494579343,0.2668918918918918,7.0,0.0,1.0,1.0,0
-0.23532576790322096,0.4341216216216216,8.0,1.0,0.0,4.0,0
0.4951129318069637,0.5287162162162161,0.0,1.0,0.0,5.0,0
0.0966918228741357,0.6486486486486486,3.0,0.0,1.0,5.0,1
1.8895868130718618,0.23141891891891886,7.0,1.0,0.0,4.0,0
0.16309534102960704,0.9408783783783782,4.0,1.0,0.0,5.0,0
0.16309534102960704,0.7584459459459457,1.0,1.0,0.0,4.0,0
-1.3641855765462336,0.29729729729729726,8.0,0.0,1.0,3.0,0
0.6279199681179064,0.20608108108108103,4.0,1.0,0.0,1.0,0
0.8935340407397917,0.8614864864864863,7.0,0.0,1.0,3.0,1
-0.3681328042141636,0.33952702702702686,2.0,1.0,0.0,4.0,0
0.03028830471866437,0.25506756756756743,2.0,1.0,0.0,5.0,0
1.4247621859835624,0.33277027027027006,8.0,1.0,0.0,3.0,0
-1.032167985768877,0.5658783783783782,6.0,1.0,0.0,1.0,0
-0.23532576790322096,0.08952702702702697,2.0,0.0,1.0,2.0,0
-0.5673433586805776,0.8749999999999999,7.0,0.0,1.0,1.0,0
-2.16102779441189,0.49155405405405406,3.0,0.0,1.0,2.0,0
0.2959023773405497,0.6638513513513512,2.0,1.0,0.0,2.0,0
-0.5673433586805776,0.581081081081081,3.0,0.0,1.0,4.0,0
0.6279199681179064,0.6165540540540538,3.0,1.0,0.0,4.0,0
-1.1649750220798196,0.45608108108108103,3.0,1.0,0.0,1.0,0
-0.16892224974774964,0.5354729729729729,6.0,1.0,0.0,5.0,0
-0.3681328042141636,0.7804054054054052,0.0,0.0,1.0,4.0,0
-0.3681328042141636,0.8614864864864863,5.0,0.0,1.0,3.0,0
1.0927445952062058,0.4037162162162161,9.0,1.0,0.0,3.0,0
-0.036115213436806966,0.5270270270270269,2.0,0.0,1.0,5.0,0
0.6943234862733777,0.8682432432432431,4.0,0.0,1.0,4.0,0
-0.7665539131469916,0.8699324324324321,4.0,1.0,0.0,4.0,0
-0.3017292860586923,0.34628378378378366,5.0,1.0,0.0,5.0,0
-0.43453632236963496,0.8057432432432431,9.0,1.0,0.0,0.0,0
-1.231378540235291,0.10472972972972971,2.0,0.0,1.0,5.0,0
0.03028830471866437,0.24831081081081063,6.0,0.0,1.0,1.0,0
1.358358667828091,0.15878378378378377,8.0,0.0,1.0,5.0,1
-0.7665539131469916,0.21790540540540537,3.0,0.0,1.0,1.0,0
-1.032167985768877,0.545608108108108,0.0,1.0,0.0,0.0,0
-0.9657644676134056,0.8057432432432431,6.0,0.0,1.0,0.0,0
-1.9618172399454756,0.697635135135135,3.0,1.0,0.0,3.0,0
-0.8993609494579343,0.8969594594594591,1.0,1.0,0.0,2.0,0
-0.3017292860586923,0.27533783783783783,1.0,1.0,0.0,1.0,0
-0.633746876836049,0.3648648648648648,2.0,0.0,1.0,0.0,0
1.8895868130718618,0.3902027027027025,4.0,0.0,1.0,0.0,0
-0.23532576790322096,0.3682432432432431,6.0,0.0,1.0,0.0,0
-1.5633961310126476,0.5067567567567567,4.0,0.0,1.0,3.0,0
0.4951129318069637,0.8429054054054052,1.0,1.0,0.0,3.0,0
-0.8993609494579343,0.40033783783783783,4.0,1.0,0.0,0.0,0
0.4287094136514924,0.6587837837837834,1.0,1.0,0.0,1.0,0
-0.633746876836049,0.8006756756756753,6.0,1.0,0.0,5.0,0
1.0927445952062058,0.7027027027027025,5.0,1.0,0.0,4.0,1
0.36230589549602105,0.21283783783783772,8.0,0.0,1.0,5.0,0
1.8895868130718618,0.6621621621621622,8.0,1.0,0.0,3.0,1
-0.633746876836049,0.1351351351351351,0.0,1.0,0.0,4.0,0
1.4911657041390338,0.5405405405405405,2.0,1.0,0.0,3.0,0
0.22949885918507837,0.6486486486486486,7.0,0.0,1.0,4.0,0
-0.036115213436806966,0.23141891891891886,6.0,1.0,0.0,5.0,0
0.8271305225843204,0.6756756756756753,8.0,0.0,1.0,2.0,1
-0.036115213436806966,0.8885135135135135,3.0,0.0,1.0,0.0,0
0.6279199681179064,0.6655405405405405,4.0,0.0,1.0,4.0,0
-0.9657644676134056,0.3766891891891889,3.0,1.0,0.0,4.0,0
0.6279199681179064,0.6334459459459457,2.0,1.0,0.0,5.0,1
-0.832957431302463,0.40202702702702686,9.0,0.0,1.0,2.0,0
0.9599375588952631,0.3361486486486486,0.0,0.0,1.0,3.0,0
1.0927445952062058,0.5760135135135135,7.0,0.0,1.0,3.0,0
-0.036115213436806966,0.21452702702702686,9.0,1.0,0.0,4.0,0
-0.43453632236963496,0.8023648648648646,2.0,1.0,0.0,5.0,1
-0.1025187315922783,0.21114864864864857,9.0,1.0,0.0,2.0,0
1.159148113361677,0.9831081081081078,4.0,0.0,1.0,2.0,1
-1.0985715039243482,0.49493243243243235,5.0,0.0,1.0,4.0,0
1.0263410770507344,0.14020270270270263,1.0,1.0,0.0,2.0,1
-0.23532576790322096,0.5439189189189187,6.0,0.0,1.0,4.0,0
1.0263410770507344,0.7483108108108109,8.0,1.0,0.0,2.0,1
-0.3017292860586923,0.7347972972972973,0.0,1.0,0.0,1.0,0
0.22949885918507837,0.9155405405405405,9.0,0.0,1.0,2.0,1
0.6943234862733777,0.6165540540540538,3.0,1.0,0.0,0.0,0
-0.832957431302463,0.8699324324324321,1.0,0.0,1.0,0.0,0
-1.430589094701705,0.2668918918918918,3.0,1.0,0.0,5.0,0
1.6239727404499764,0.3918918918918918,7.0,0.0,1.0,1.0,0
-1.032167985768877,0.11993243243243235,3.0,1.0,0.0,5.0,0
0.22949885918507837,0.1908783783783783,6.0,1.0,0.0,0.0,0
0.6279199681179064,0.33952702702702686,5.0,1.0,0.0,0.0,0
1.4247621859835624,0.8631756756756755,7.0,0.0,1.0,0.0,0
2.022393849382804,0.09797297297297292,9.0,0.0,1.0,3.0,0
-0.3681328042141636,0.21283783783783772,1.0,0.0,1.0,4.0,0
1.6903762586054478,0.358108108108108,0.0,1.0,0.0,2.0,1
-0.8993609494579343,0.6739864864864863,8.0,1.0,0.0,3.0,0
2.022393849382804,0.7854729729729727,2.0,1.0,0.0,5.0,1
0.0966918228741357,0.6908783783783784,4.0,0.0,1.0,1.0,0
-0.23532576790322096,0.9003378378378376,8.0,0.0,1.0,0.0,0
1.358358667828091,0.599662162162162,7.0,1.0,0.0,2.0,1
0.22949885918507837,0.483108108108108,5.0,1.0,0.0,2.0,0
-0.7665539131469916,0.7263513513513512,0.0,1.0,0.0,4.0,0
0.8935340407397917,0.913851351351351,3.0,0.0,1.0,3.0,1
0.9599375588952631,0.3834459459459457,5.0,1.0,0.0,1.0,0
1.557569222294505,0.47128378378378366,9.0,0.0,1.0,0.0,0
-0.3681328042141636,0.43581081081081063,0.0,0.0,1.0,0.0,0
-1.032167985768877,0.7483108108108109,5.0,0.0,1.0,2.0,0
-2.16102779441189,0.3429054054054054,7.0,1.0,0.0,4.0,0
1.159148113361677,0.1148648648648648,7.0,0.0,1.0,5.0,1
-0.036115213436806966,0.7989864864864863,6.0,0.0,1.0,0.0,0
-0.7001503949915203,0.9881756756756755,9.0,1.0,0.0,5.0,1
0.4951129318069637,0.2499999999999999,1.0,0.0,1.0,3.0,0
-0.23532576790322096,0.7820945945945944,9.0,0.0,1.0,4.0,0
0.4951129318069637,0.9408783783783782,2.0,0.0,1.0,2.0,1
0.4951129318069637,0.6097972972972973,1.0,0.0,1.0,0.0,0
1.0263410770507344,0.30405405405405384,7.0,0.0,1.0,2.0,0
0.22949885918507837,0.8800675675675674,1.0,1.0,0.0,3.0,0
-0.9657644676134056,0.8597972972972973,2.0,0.0,1.0,0.0,0
0.7607270044288491,0.6469594594594591,1.0,0.0,1.0,3.0,1
-0.23532576790322096,0.18243243243243235,5.0,0.0,1.0,4.0,0
0.03028830471866437,0.672297297297297,8.0,0.0,1.0,1.0,0
0.2959023773405497,0.21283783783783772,2.0,0.0,1.0,4.0,0
-0.1025187315922783,0.47466216216216195,6.0,1.0,0.0,5.0,0
0.03028830471866437,0.9459459459459457,1.0,1.0,0.0,5.0,0
1.2255516315171484,0.46283783783783783,9.0,1.0,0.0,4.0,0
0.16309534102960704,0.5422297297297295,1.0,1.0,0.0,1.0,0
1.0263410770507344,0.22297297297297292,8.0,0.0,1.0,0.0,0
1.4911657041390338,0.3124999999999999,0.0,1.0,0.0,0.0,0
0.8935340407397917,0.3344594594594593,0.0,1.0,0.0,1.0,0
-0.036115213436806966,0.34628378378378366,1.0,0.0,1.0,4.0,0
-0.7665539131469916,0.5861486486486486,7.0,0.0,1.0,2.0,1
0.8935340407397917,0.42229729729729726,7.0,1.0,0.0,4.0,0
0.16309534102960704,0.5945945945945946,5.0,1.0,0.0,4.0,0
0.4287094136514924,0.724662162162162,2.0,1.0,0.0,5.0,0
0.2959023773405497,0.7398648648648646,6.0,1.0,0.0,5.0,1
0.4287094136514924,0.7820945945945944,7.0,0.0,1.0,2.0,0
0.6279199681179064,0.47466216216216195,8.0,0.0,1.0,0.0,0
0.0966918228741357,0.4527027027027025,1.0,1.0,0.0,2.0,0
1.6903762586054478,0.26858108108108103,1.0,1.0,0.0,4.0,0
-1.629799649168119,0.724662162162162,6.0,1.0,0.0,3.0,0
0.03028830471866437,0.7297297297297295,5.0,1.0,0.0,4.0,0
0.0966918228741357,0.35979729729729726,7.0,1.0,0.0,0.0,0
0.7607270044288491,0.8057432432432431,7.0,1.0,0.0,5.0,1
-0.9657644676134056,0.8293918918918916,0.0,1.0,0.0,3.0,0
0.4951129318069637,0.1638513513513512,4.0,0.0,1.0,5.0,0
-0.23532576790322096,0.1942567567567568,2.0,0.0,1.0,1.0,0
0.36230589549602105,0.4307432432432431,3.0,1.0,0.0,2.0,0
-1.0985715039243482,0.7449324324324321,0.0,1.0,0.0,4.0,0
0.0966918228741357,0.7584459459459457,8.0,0.0,1.0,3.0,1
-0.16892224974774964,0.14358108108108092,4.0,1.0,0.0,3.0,0
-0.633746876836049,0.2922297297297295,8.0,0.0,1.0,1.0,0
-0.5673433586805776,0.46452702702702686,6.0,0.0,1.0,2.0,0
0.6943234862733777,0.8277027027027025,1.0,1.0,0.0,1.0,0
-0.5673433586805776,0.21283783783783772,2.0,1.0,0.0,3.0,0
0.16309534102960704,0.5202702702702701,1.0,0.0,1.0,0.0,0
1.0927445952062058,0.912162162162162,9.0,1.0,0.0,4.0,1
-0.5009398405251063,0.40202702702702686,9.0,1.0,0.0,4.0,0
2.28800792200469,0.5540540540540541,9.0,1.0,0.0,3.0,0
1.8895868130718618,0.8597972972972973,6.0,1.0,0.0,2.0,1
-1.430589094701705,0.9104729729729727,1.0,1.0,0.0,5.0,0
-0.16892224974774964,0.9189189189189187,5.0,1.0,0.0,5.0,1
-0.036115213436806966,0.1385135135135135,1.0,1.0,0.0,0.0,0
-0.3681328042141636,0.8597972972972973,9.0,1.0,0.0,2.0,1
-0.5673433586805776,0.39358108108108103,3.0,1.0,0.0,1.0,0
0.03028830471866437,0.3260135135135135,1.0,1.0,0.0,4.0,0
0.22949885918507837,0.5557432432432431,1.0,1.0,0.0,5.0,0
1.4247621859835624,0.9712837837837834,3.0,1.0,0.0,5.0,1
0.8935340407397917,0.21114864864864857,6.0,0.0,1.0,4.0,1
-1.1649750220798196,0.4763513513513512,1.0,1.0,0.0,5.0,0
0.03028830471866437,0.14527027027027029,5.0,0.0,1.0,3.0,0
0.7607270044288491,0.5236486486486486,9.0,0.0,1.0,4.0,0
-0.16892224974774964,0.8530405405405402,7.0,1.0,0.0,1.0,0
-1.1649750220798196,0.3885135135135135,1.0,1.0,0.0,2.0,0
-0.23532576790322096,0.537162162162162,2.0,0.0,1.0,5.0,0
0.22949885918507837,0.30405405405405384,5.0,1.0,0.0,0.0,0
-0.5009398405251063,0.8124999999999997,3.0,1.0,0.0,3.0,1
-0.5009398405251063,0.1739864864864865,1.0,1.0,0.0,4.0,0
0.2959023773405497,0.09459459459459452,8.0,0.0,1.0,5.0,0
-1.2977820583907622,0.8918918918918918,9.0,1.0,0.0,5.0,0
-0.1025187315922783,0.5489864864864863,1.0,0.0,1.0,2.0,0
-0.16892224974774964,0.6824324324324323,6.0,0.0,1.0,5.0,1
0.8271305225843204,0.6587837837837834,9.0,1.0,0.0,4.0,1
-0.633746876836049,0.8395270270270269,1.0,0.0,1.0,3.0,0
1.8895868130718618,0.5489864864864863,5.0,1.0,0.0,5.0,1
0.03028830471866437,0.7297297297297295,9.0,0.0,1.0,3.0,0
0.36230589549602105,0.9374999999999997,4.0,0.0,1.0,3.0,0
0.36230589549602105,0.25168918918918914,9.0,1.0,0.0,3.0,0
-0.5673433586805776,0.33952702702702686,4.0,1.0,0.0,1.0,0
1.8895868130718618,0.8462837837837837,3.0,1.0,0.0,5.0,1
-0.1025187315922783,0.5472972972972973,6.0,1.0,0.0,0.0,0
1.159148113361677,0.4138513513513512,8.0,1.0,0.0,2.0,0
0.6943234862733777,0.8040540540540541,5.0,1.0,0.0,5.0,0
-0.1025187315922783,0.04729729729729726,6.0,0.0,1.0,2.0,0
-0.3017292860586923,0.16216216216216206,5.0,1.0,0.0,2.0,0
-0.16892224974774964,0.5523648648648646,5.0,1.0,0.0,3.0,0
0.6279199681179064,0.9932432432432431,9.0,1.0,0.0,0.0,0
-1.7626066854790616,0.6030405405405402,5.0,1.0,0.0,3.0,0
-1.4969926128571762,0.706081081081081,0.0,0.0,1.0,1.0,0
-0.7665539131469916,0.8597972972972973,7.0,0.0,1.0,0.0,0
-0.7665539131469916,0.6908783783783784,3.0,1.0,0.0,1.0,0
0.16309534102960704,0.26520270270270274,8.0,1.0,0.0,4.0,0
-0.3681328042141636,0.2364864864864865,6.0,0.0,1.0,0.0,0
-0.23532576790322096,0.6368243243243242,7.0,1.0,0.0,4.0,0
1.2919551496726198,0.05912162162162149,4.0,0.0,1.0,2.0,1
-0.23532576790322096,0.8885135135135135,4.0,1.0,0.0,4.0,0
2.088797367538276,0.6233108108108106,8.0,1.0,0.0,4.0,1
-0.3017292860586923,0.4391891891891889,0.0,1.0,0.0,3.0,0
0.0966918228741357,0.04054054054054057,8.0,1.0,0.0,1.0,0
-0.1025187315922783,0.22297297297297292,6.0,0.0,1.0,1.0,0
-1.032167985768877,0.8209459459459457,9.0,1.0,0.0,4.0,0
-0.16892224974774964,0.36655405405405406,0.0,1.0,0.0,1.0,0
-1.0985715039243482,0.3969594594594593,1.0,1.0,0.0,5.0,0
-0.5009398405251063,0.30405405405405384,3.0,1.0,0.0,2.0,0
0.6943234862733777,0.5624999999999999,1.0,1.0,0.0,0.0,0
-0.7001503949915203,0.8141891891891889,8.0,0.0,1.0,5.0,0
-0.16892224974774964,0.9104729729729727,4.0,0.0,1.0,3.0,0
-1.8954137217900044,0.22972972972972971,4.0,1.0,0.0,0.0,0
0.16309534102960704,0.08445945945945943,2.0,1.0,0.0,5.0,0
-1.430589094701705,0.46452702702702686,4.0,1.0,0.0,3.0,0
0.7607270044288491,0.4408783783783784,9.0,0.0,1.0,1.0,0
-1.4969926128571762,0.7466216216216216,9.0,0.0,1.0,3.0,0
1.2255516315171484,0.32432432432432423,7.0,0.0,1.0,2.0,1
0.9599375588952631,0.822635135135135,3.0,0.0,1.0,5.0,1
0.8935340407397917,0.8581081081081078,3.0,0.0,1.0,4.0,1
0.8271305225843204,0.6435810810810808,7.0,1.0,0.0,2.0,1
0.22949885918507837,0.4138513513513512,4.0,1.0,0.0,2.0,0
-2.4930453851892462,0.7111486486486486,6.0,1.0,0.0,2.0,0
0.0966918228741357,0.6672297297297297,6.0,1.0,0.0,2.0,0
0.561516449962435,0.1908783783783783,2.0,0.0,1.0,1.0,0
1.2919551496726198,0.6655405405405405,4.0,1.0,0.0,1.0,0
-0.7665539131469916,0.042229729729729715,5.0,0.0,1.0,2.0,0
-0.9657644676134056,0.3817567567567567,2.0,0.0,1.0,3.0,0
-1.1649750220798196,0.25168918918918914,7.0,1.0,0.0,2.0,0
-0.832957431302463,0.3057432432432431,7.0,1.0,0.0,0.0,0
1.358358667828091,0.15709459459459452,2.0,1.0,0.0,0.0,0
2.155200885693747,0.23817567567567555,8.0,0.0,1.0,2.0,1
0.16309534102960704,0.5760135135135135,5.0,1.0,0.0,5.0,0
0.16309534102960704,0.6182432432432429,8.0,0.0,1.0,0.0,0
1.159148113361677,0.16047297297297292,8.0,1.0,0.0,2.0,0
-0.3681328042141636,0.30743243243243235,1.0,0.0,1.0,2.0,0
-1.2977820583907622,0.19594594594594594,3.0,0.0,1.0,2.0,0
0.8271305225843204,0.2533783783783784,4.0,1.0,0.0,3.0,1
1.0927445952062058,0.40033783783783783,1.0,1.0,0.0,5.0,1
-2.360238348878304,0.4054054054054054,8.0,1.0,0.0,3.0,0
-1.1649750220798196,0.3479729729729729,2.0,1.0,0.0,2.0,0
1.0263410770507344,0.49831081081081063,2.0,1.0,0.0,3.0,0
0.16309534102960704,0.7280405405405402,4.0,1.0,0.0,4.0,0
0.03028830471866437,0.8108108108108106,2.0,0.0,1.0,0.0,0
0.16309534102960704,0.5979729729729729,8.0,0.0,1.0,4.0,0
-1.032167985768877,0.048986486486486513,6.0,0.0,1.0,2.0,0
-0.832957431302463,0.984797297297297,7.0,0.0,1.0,3.0,1
-0.7665539131469916,0.7905405405405405,8.0,0.0,1.0,3.0,0
0.6279199681179064,0.6570945945945944,1.0,0.0,1.0,2.0,0
1.756779776760919,0.46452702702702686,1.0,1.0,0.0,1.0,0
-2.426641867033775,0.6233108108108106,9.0,1.0,0.0,1.0,0
-0.43453632236963496,0.5861486486486486,1.0,1.0,0.0,2.0,1
-2.227431312567361,0.5641891891891891,5.0,1.0,0.0,5.0,0
-1.1649750220798196,0.18581081081081074,3.0,1.0,0.0,2.0,0
0.0966918228741357,0.7094594594594593,0.0,1.0,0.0,1.0,0
-1.629799649168119,0.6402027027027025,8.0,0.0,1.0,2.0,0
-0.036115213436806966,0.29054054054054046,9.0,1.0,0.0,5.0,0
-0.1025187315922783,0.4054054054054054,8.0,1.0,0.0,4.0,0
1.6903762586054478,0.6570945945945944,0.0,1.0,0.0,3.0,1
-0.036115213436806966,0.8749999999999999,5.0,0.0,1.0,0.0,0
0.36230589549602105,0.3766891891891889,3.0,1.0,0.0,2.0,0
0.9599375588952631,0.4341216216216216,0.0,0.0,1.0,1.0,0
1.358358667828091,0.21283783783783772,7.0,1.0,0.0,2.0,1
1.6239727404499764,0.5152027027027025,5.0,0.0,1.0,1.0,0
0.16309534102960704,0.10979729729729726,6.0,1.0,0.0,1.0,0
-0.832957431302463,0.5912162162162159,5.0,1.0,0.0,2.0,1
0.7607270044288491,0.7229729729729729,4.0,1.0,0.0,4.0,1
0.0966918228741357,0.21283783783783772,2.0,0.0,1.0,3.0,0
-0.23532576790322096,0.4341216216216216,9.0,1.0,0.0,4.0,0
1.0263410770507344,0.24831081081081063,7.0,1.0,0.0,1.0,0
0.2959023773405497,0.7736486486486484,0.0,0.0,1.0,4.0,0
0.2959023773405497,0.22128378378378366,9.0,1.0,0.0,5.0,0
-2.028220758100947,0.1875,5.0,0.0,1.0,3.0,0
-0.16892224974774964,0.6891891891891889,3.0,1.0,0.0,4.0,0
-1.0985715039243482,0.6874999999999997,5.0,0.0,1.0,3.0,1
2.28800792200469,0.48817567567567555,9.0,1.0,0.0,5.0,0
0.4287094136514924,0.8665540540540538,2.0,0.0,1.0,3.0,1
0.561516449962435,0.7314189189189185,8.0,1.0,0.0,0.0,0
0.4951129318069637,0.33783783783783783,9.0,1.0,0.0,2.0,0
-0.7665539131469916,0.6030405405405402,4.0,0.0,1.0,5.0,0
-1.1649750220798196,0.042229729729729715,6.0,1.0,0.0,1.0,0
0.561516449962435,0.34966216216216217,1.0,0.0,1.0,1.0,0
-0.23532576790322096,0.32432432432432423,2.0,0.0,1.0,0.0,0
-0.43453632236963496,0.0523648648648648,3.0,1.0,0.0,3.0,0
-0.23532576790322096,0.3361486486486486,7.0,1.0,0.0,2.0,0
0.03028830471866437,0.22804054054054046,6.0,0.0,1.0,3.0,0
0.8935340407397917,0.6165540540540538,6.0,0.0,1.0,2.0,1
-1.1649750220798196,0.7128378378378376,1.0,0.0,1.0,3.0,1
0.2959023773405497,0.8547297297297295,7.0,0.0,1.0,2.0,1
0.03028830471866437,0.07770270270270263,2.0,0.0,1.0,4.0,0
0.16309534102960704,0.47804054054054046,7.0,1.0,0.0,5.0,0
0.36230589549602105,0.8716216216216214,6.0,1.0,0.0,3.0,0
-1.7626066854790616,0.48479729729729726,5.0,1.0,0.0,2.0,0
-0.7665539131469916,0.6570945945945944,9.0,0.0,1.0,3.0,0
-0.16892224974774964,0.8851351351351348,7.0,0.0,1.0,4.0,0
-0.43453632236963496,0.1385135135135135,7.0,0.0,1.0,0.0,0
-1.5633961310126476,0.7297297297297295,4.0,0.0,1.0,1.0,0
1.2255516315171484,0.12331081081081063,3.0,1.0,0.0,5.0,0
-0.3681328042141636,0.5557432432432431,6.0,0.0,1.0,3.0,0
0.6279199681179064,0.42905405405405406,8.0,0.0,1.0,1.0,0
0.4287094136514924,0.5945945945945946,0.0,0.0,1.0,4.0,0
0.03028830471866437,0.7347972972972973,3.0,0.0,1.0,2.0,1
0.2959023773405497,0.5912162162162159,2.0,0.0,1.0,4.0,0
0.03028830471866437,0.16554054054054046,9.0,0.0,1.0,1.0,0
1.2919551496726198,0.16722972972972971,5.0,0.0,1.0,2.0,0
0.8935340407397917,0.16047297297297292,4.0,1.0,0.0,1.0,0
1.6239727404499764,0.7111486486486486,7.0,0.0,1.0,2.0,1
-0.1025187315922783,0.8327702702702703,4.0,0.0,1.0,4.0,0
0.0966918228741357,0.40033783783783783,6.0,1.0,0.0,3.0,0
-0.43453632236963496,0.8766891891891891,8.0,0.0,1.0,0.0,0
1.557569222294505,0.4932432432432431,5.0,0.0,1.0,3.0,0
0.9599375588952631,0.7804054054054052,1.0,1.0,0.0,4.0,1
-1.2977820583907622,0.7263513513513512,2.0,1.0,0.0,0.0,0
-0.5009398405251063,0.27702702702702686,0.0,0.0,1.0,5.0,0
0.561516449962435,0.670608108108108,4.0,0.0,1.0,3.0,0
-1.5633961310126476,0.3749999999999999,5.0,0.0,1.0,3.0,0
0.36230589549602105,0.42905405405405406,2.0,1.0,0.0,1.0,0
-1.1649750220798196,0.5320945945945946,4.0,0.0,1.0,1.0,0
-0.5673433586805776,0.8682432432432431,1.0,1.0,0.0,5.0,1
-0.1025187315922783,0.3192567567567567,0.0,1.0,0.0,4.0,0
1.2919551496726198,0.8918918918918918,8.0,1.0,0.0,0.0,0
-0.3681328042141636,0.6148648648648646,0.0,1.0,0.0,0.0,0
-1.032167985768877,0.6249999999999999,9.0,0.0,1.0,5.0,0
-0.9657644676134056,0.6756756756756753,3.0,0.0,1.0,2.0,0
-0.43453632236963496,0.8327702702702703,3.0,1.0,0.0,4.0,0
0.4951129318069637,0.8260135135135133,5.0,1.0,0.0,1.0,0
-0.3681328042141636,0.10641891891891886,1.0,0.0,1.0,2.0,0
-0.23532576790322096,0.2787162162162161,3.0,1.0,0.0,1.0,0
-0.3017292860586923,0.26520270270270274,5.0,1.0,0.0,1.0,0
-0.036115213436806966,0.06756756756756754,6.0,0.0,1.0,2.0,0
-0.9657644676134056,0.7601351351351348,3.0,1.0,0.0,5.0,0
-0.8993609494579343,0.8260135135135133,3.0,1.0,0.0,0.0,0
-1.0985715039243482,0.7229729729729729,3.0,1.0,0.0,1.0,0
2.221604403849218,0.41554054054054046,8.0,1.0,0.0,1.0,0
2.088797367538276,0.385135135135135,8.0,1.0,0.0,4.0,1
0.8935340407397917,0.831081081081081,6.0,1.0,0.0,5.0,1
-3.024273530433017,0.7989864864864863,6.0,0.0,1.0,4.0,0
0.36230589549602105,0.8209459459459457,5.0,1.0,0.0,3.0,1
-0.5673433586805776,0.108108108108108,7.0,1.0,0.0,5.0,0
0.9599375588952631,0.22804054054054046,3.0,0.0,1.0,4.0,1
-0.43453632236963496,0.5793918918918918,1.0,1.0,0.0,0.0,0
1.2919551496726198,0.9425675675675672,0.0,1.0,0.0,2.0,1
0.22949885918507837,0.4138513513513512,9.0,0.0,1.0,5.0,0
0.4951129318069637,0.483108108108108,2.0,1.0,0.0,3.0,0
1.4911657041390338,0.6570945945945944,5.0,1.0,0.0,4.0,1
-1.231378540235291,0.8040540540540541,8.0,1.0,0.0,0.0,0
0.561516449962435,0.4104729729729729,1.0,0.0,1.0,5.0,0
1.358358667828091,0.7601351351351348,0.0,1.0,0.0,1.0,0
0.16309534102960704,0.815878378378378,3.0,1.0,0.0,4.0,0
-0.43453632236963496,0.6891891891891889,4.0,0.0,1.0,0.0,0
-2.6922559396556602,0.7804054054054052,3.0,1.0,0.0,1.0,0
0.2959023773405497,0.9070945945945944,2.0,1.0,0.0,3.0,0
0.6279199681179064,0.3344594594594593,6.0,1.0,0.0,5.0,0
-0.5009398405251063,0.16216216216216206,6.0,1.0,0.0,1.0,0
1.159148113361677,0.6249999999999999,8.0,0.0,1.0,1.0,1
-1.231378540235291,0.6165540540540538,4.0,0.0,1.0,1.0,0
-2.16102779441189,0.4104729729729729,3.0,1.0,0.0,2.0,0
0.22949885918507837,0.10641891891891886,9.0,0.0,1.0,5.0,0
-0.9657644676134056,0.5675675675675674,6.0,1.0,0.0,3.0,0
-0.036115213436806966,0.5557432432432431,0.0,1.0,0.0,2.0,0
0.03028830471866437,0.920608108108108,7.0,1.0,0.0,5.0,0
-0.5673433586805776,0.822635135135135,2.0,0.0,1.0,3.0,0
-1.2977820583907622,0.108108108108108,3.0,1.0,0.0,2.0,0
1.0927445952062058,0.1908783783783783,2.0,1.0,0.0,3.0,0
-1.829010203634533,0.8969594594594591,7.0,0.0,1.0,5.0,1
0.561516449962435,0.670608108108108,6.0,1.0,0.0,3.0,1
0.2959023773405497,0.16891891891891886,3.0,1.0,0.0,3.0,0
0.7607270044288491,0.40033783783783783,7.0,1.0,0.0,2.0,1
0.8271305225843204,0.7077702702702703,9.0,0.0,1.0,0.0,1
1.358358667828091,0.537162162162162,7.0,1.0,0.0,4.0,0
0.2959023773405497,0.42905405405405406,3.0,1.0,0.0,3.0,0
-1.1649750220798196,0.7179054054054052,1.0,1.0,0.0,0.0,0
-0.9657644676134056,0.05067567567567566,9.0,1.0,0.0,3.0,0
0.8935340407397917,0.3783783783783784,5.0,1.0,0.0,5.0,0
-0.633746876836049,0.14695945945945943,3.0,1.0,0.0,0.0,0
-0.5009398405251063,0.6520270270270269,3.0,1.0,0.0,3.0,1
-0.16892224974774964,0.30405405405405384,9.0,0.0,1.0,0.0,0
-0.5009398405251063,0.12668918918918914,5.0,1.0,0.0,2.0,0
0.6279199681179064,0.4662162162162161,8.0,1.0,0.0,5.0,0
0.16309534102960704,0.18243243243243235,3.0,0.0,1.0,5.0,0
0.8935340407397917,0.2364864864864865,1.0,1.0,0.0,3.0,0
-0.633746876836049,0.3902027027027025,4.0,0.0,1.0,4.0,0
0.561516449962435,0.49493243243243235,3.0,1.0,0.0,4.0,0
-1.7626066854790616,0.5236486486486486,6.0,0.0,1.0,2.0,0
1.6903762586054478,0.9425675675675672,9.0,1.0,0.0,1.0,1
0.16309534102960704,0.8243243243243242,2.0,1.0,0.0,3.0,1
-1.430589094701705,0.6249999999999999,4.0,1.0,0.0,3.0,0
-0.3681328042141636,0.04729729729729726,2.0,1.0,0.0,0.0,0
0.7607270044288491,0.49493243243243235,0.0,0.0,1.0,0.0,0
0.8271305225843204,0.15202702702702708,9.0,1.0,0.0,2.0,0
-0.7665539131469916,0.581081081081081,3.0,1.0,0.0,4.0,0
-0.16892224974774964,0.4932432432432431,7.0,1.0,0.0,3.0,0
-1.032167985768877,0.15371621621621623,2.0,0.0,1.0,4.0,0
0.2959023773405497,0.48141891891891875,3.0,1.0,0.0,1.0,0
-0.7665539131469916,0.6638513513513512,3.0,1.0,0.0,4.0,0
0.4951129318069637,0.2989864864864863,2.0,0.0,1.0,0.0,0
-1.9618172399454756,0.420608108108108,8.0,0.0,1.0,4.0,0
-0.43453632236963496,0.4864864864864863,5.0,1.0,0.0,2.0,0
2.088797367538276,0.5777027027027025,5.0,1.0,0.0,1.0,0
0.03028830471866437,0.8716216216216214,5.0,1.0,0.0,1.0,0
-2.957870012277546,0.38006756756756743,2.0,0.0,1.0,0.0,0
2.885639585403932,0.733108108108108,3.0,0.0,1.0,1.0,0
0.03028830471866437,0.7753378378378378,4.0,1.0,0.0,5.0,0
0.8271305225843204,0.6908783783783784,2.0,1.0,0.0,3.0,1
-0.3681328042141636,0.510135135135135,4.0,1.0,0.0,2.0,0
-0.832957431302463,0.2888513513513512,8.0,0.0,1.0,1.0,0
0.8271305225843204,0.47466216216216195,6.0,1.0,0.0,5.0,0
-0.832957431302463,0.6097972972972973,2.0,1.0,0.0,2.0,0
-0.633746876836049,0.322635135135135,0.0,1.0,0.0,1.0,0
1.4911657041390338,0.24493243243243235,7.0,0.0,1.0,2.0,0
-0.3681328042141636,0.8631756756756755,2.0,1.0,0.0,2.0,0
-0.7001503949915203,0.42229729729729726,8.0,1.0,0.0,3.0,0
1.4247621859835624,0.545608108108108,8.0,1.0,0.0,5.0,1
0.22949885918507837,0.21790540540540537,0.0,1.0,0.0,0.0,0
-0.036115213436806966,0.9459459459459457,5.0,1.0,0.0,5.0,0
1.756779776760919,0.3885135135135135,3.0,1.0,0.0,5.0,0
-1.430589094701705,0.670608108108108,5.0,1.0,0.0,2.0,0
-0.1025187315922783,0.32432432432432423,1.0,1.0,0.0,1.0,0
0.0966918228741357,0.5287162162162161,4.0,1.0,0.0,1.0,0
-0.3017292860586923,0.787162162162162,2.0,0.0,1.0,5.0,1
0.6943234862733777,0.4543918918918918,5.0,0.0,1.0,1.0,0
1.6903762586054478,0.8023648648648646,0.0,1.0,0.0,1.0,0
-0.036115213436806966,0.41554054054054046,7.0,0.0,1.0,0.0,0
-0.1025187315922783,0.1807432432432432,3.0,1.0,0.0,3.0,0
-0.3681328042141636,0.9324324324324323,9.0,1.0,0.0,3.0,0
1.358358667828091,0.5675675675675674,7.0,0.0,1.0,3.0,0
-0.9657644676134056,0.9256756756756753,8.0,1.0,0.0,2.0,0
-0.16892224974774964,0.3918918918918918,6.0,0.0,1.0,0.0,0
-1.5633961310126476,0.5354729729729729,0.0,1.0,0.0,1.0,0
-1.829010203634533,0.7111486486486486,6.0,1.0,0.0,0.0,0
0.16309534102960704,0.5591216216216214,8.0,0.0,1.0,0.0,0
-0.633746876836049,0.3716216216216216,2.0,1.0,0.0,2.0,0
0.03028830471866437,0.8091216216216214,4.0,1.0,0.0,3.0,0
-0.3681328042141636,0.6756756756756753,4.0,0.0,1.0,5.0,0
0.4287094136514924,0.7381756756756755,4.0,1.0,0.0,2.0,1
-1.430589094701705,0.30067567567567555,3.0,0.0,1.0,0.0,0
1.8895868130718618,0.22466216216216206,4.0,0.0,1.0,4.0,0
-1.9618172399454756,0.5067567567567567,4.0,1.0,0.0,1.0,0
0.8271305225843204,0.13682432432432423,9.0,1.0,0.0,3.0,1
-0.832957431302463,0.4864864864864863,1.0,1.0,0.0,2.0,0
0.22949885918507837,0.38682432432432423,9.0,1.0,0.0,3.0,0
-0.23532576790322096,0.9273648648648646,7.0,1.0,0.0,1.0,0
-0.3681328042141636,0.5337837837837837,8.0,1.0,0.0,4.0,0
0.22949885918507837,0.20945945945945943,1.0,1.0,0.0,1.0,0
-1.1649750220798196,0.7449324324324321,1.0,0.0,1.0,5.0,1
0.2959023773405497,0.6199324324324323,6.0,0.0,1.0,1.0,0
0.16309534102960704,0.4307432432432431,4.0,1.0,0.0,5.0,0
0.22949885918507837,0.3479729729729729,7.0,1.0,0.0,3.0,0
0.8935340407397917,0.49155405405405406,2.0,0.0,1.0,5.0,1
0.561516449962435,0.7128378378378376,4.0,0.0,1.0,5.0,1
1.557569222294505,0.09121621621621623,0.0,0.0,1.0,0.0,0
-0.23532576790322096,0.25506756756756743,7.0,1.0,0.0,3.0,0
1.0927445952062058,0.5405405405405405,0.0,1.0,0.0,3.0,0
-0.7001503949915203,0.8243243243243242,0.0,1.0,0.0,4.0,1
-0.3681328042141636,0.8648648648648648,8.0,0.0,1.0,4.0,0
0.6943234862733777,0.8766891891891891,8.0,1.0,0.0,4.0,1
-0.832957431302463,0.12162162162162149,6.0,0.0,1.0,0.0,0
-0.9657644676134056,0.6013513513513512,9.0,1.0,0.0,3.0,0
-1.1649750220798196,0.15878378378378377,9.0,0.0,1.0,4.0,0
1.0263410770507344,0.358108108108108,3.0,1.0,0.0,5.0,1
2.155200885693747,0.5422297297297295,0.0,0.0,1.0,4.0,0
1.557569222294505,0.25168918918918914,8.0,1.0,0.0,0.0,0
0.03028830471866437,0.20945945945945943,4.0,0.0,1.0,2.0,0
-0.7665539131469916,0.4966216216216216,7.0,1.0,0.0,1.0,0
0.561516449962435,0.3902027027027025,3.0,0.0,1.0,1.0,0
-1.629799649168119,0.447635135135135,0.0,1.0,0.0,5.0,0
-1.430589094701705,0.36655405405405406,8.0,1.0,0.0,2.0,0
-0.7665539131469916,0.9239864864864863,0.0,0.0,1.0,3.0,0
-1.4969926128571762,0.40033783783783783,6.0,1.0,0.0,0.0,0
0.22949885918507837,0.706081081081081,0.0,1.0,0.0,4.0,1
0.0966918228741357,0.17567567567567566,2.0,0.0,1.0,4.0,0
0.4287094136514924,0.5472972972972973,7.0,1.0,0.0,1.0,0
0.4951129318069637,0.23479729729729726,4.0,0.0,1.0,5.0,0
1.6239727404499764,0.8969594594594591,7.0,0.0,1.0,4.0,1
0.4951129318069637,0.170608108108108,9.0,1.0,0.0,3.0,0
-0.9657644676134056,0.7212837837837837,1.0,1.0,0.0,3.0,0
-0.23532576790322096,0.30067567567567555,0.0,1.0,0.0,0.0,0
1.8895868130718618,0.5895270270270269,2.0,1.0,0.0,2.0,1
-0.036115213436806966,0.22804054054054046,2.0,1.0,0.0,0.0,0
1.955990331227333,0.8344594594594593,5.0,1.0,0.0,2.0,1
-0.3681328042141636,0.815878378378378,5.0,1.0,0.0,0.0,0
0.22949885918507837,0.6402027027027025,5.0,0.0,1.0,5.0,0
0.6943234862733777,0.5472972972972973,4.0,1.0,0.0,0.0,0
0.7607270044288491,0.36993243243243235,7.0,0.0,1.0,5.0,0
-0.43453632236963496,0.3902027027027025,7.0,1.0,0.0,4.0,0
-0.16892224974774964,0.5929054054054054,5.0,0.0,1.0,0.0,0
-2.2938348307228322,0.4104729729729729,0.0,0.0,1.0,5.0,0
-1.4969926128571762,0.5641891891891891,0.0,0.0,1.0,0.0,0
-0.1025187315922783,0.26182432432432423,7.0,1.0,0.0,1.0,0
-0.3017292860586923,0.47128378378378366,5.0,0.0,1.0,5.0,0
-0.7001503949915203,0.6216216216216216,0.0,1.0,0.0,1.0,0
0.22949885918507837,0.13682432432432423,9.0,0.0,1.0,5.0,0
-0.43453632236963496,0.6165540540540538,4.0,0.0,1.0,1.0,0
0.0966918228741357,0.14527027027027029,0.0,0.0,1.0,2.0,0
1.2255516315171484,0.7077702702702703,9.0,0.0,1.0,3.0,1
0.0966918228741357,0.7652027027027025,1.0,1.0,0.0,4.0,1
0.4951129318069637,0.518581081081081,8.0,0.0,1.0,1.0,0
-0.1025187315922783,0.14020270270270263,3.0,1.0,0.0,5.0,0
-1.430589094701705,0.33108108108108103,6.0,1.0,0.0,1.0,0
-1.1649750220798196,0.36655405405405406,0.0,1.0,0.0,4.0,0
0.561516449962435,0.8175675675675674,1.0,0.0,1.0,5.0,0
0.22949885918507837,0.08445945945945943,5.0,0.0,1.0,5.0,0
0.6943234862733777,0.17567567567567566,3.0,1.0,0.0,0.0,0
1.0263410770507344,0.31756756756756743,7.0,0.0,1.0,2.0,1
-0.43453632236963496,0.9341216216216214,4.0,1.0,0.0,3.0,1
-0.9657644676134056,0.26182432432432423,9.0,1.0,0.0,4.0,0
1.0927445952062058,0.670608108108108,3.0,1.0,0.0,5.0,1
-0.9657644676134056,0.6959459459459457,7.0,1.0,0.0,3.0,0
0.4951129318069637,0.5861486486486486,3.0,0.0,1.0,4.0,0
0.9599375588952631,0.4172297297297295,4.0,1.0,0.0,2.0,0
-0.3681328042141636,0.7905405405405405,7.0,0.0,1.0,5.0,0
2.155200885693747,0.5388513513513512,4.0,0.0,1.0,1.0,0
0.36230589549602105,0.9003378378378376,1.0,1.0,0.0,5.0,0
0.2959023773405497,0.7145270270270269,6.0,1.0,0.0,2.0,0
-0.8993609494579343,0.8614864864864863,3.0,1.0,0.0,5.0,0
1.358358667828091,0.5540540540540541,0.0,1.0,0.0,1.0,0
1.159148113361677,0.7043918918918918,7.0,0.0,1.0,4.0,1
1.955990331227333,0.6807432432432431,3.0,1.0,0.0,3.0,1
-0.3017292860586923,0.3918918918918918,9.0,1.0,0.0,0.0,0
0.4287094136514924,0.30067567567567555,7.0,0.0,1.0,5.0,0
0.561516449962435,0.8209459459459457,2.0,0.0,1.0,5.0,0
1.2255516315171484,0.831081081081081,4.0,0.0,1.0,5.0,1
0.4287094136514924,0.6300675675675674,6.0,1.0,0.0,0.0,0
0.4951129318069637,0.3445945945945944,9.0,1.0,0.0,4.0,0
-0.832957431302463,0.5608108108108106,2.0,1.0,0.0,5.0,0
0.4951129318069637,0.12162162162162149,3.0,0.0,1.0,0.0,0
-0.036115213436806966,0.0033783783783782884,4.0,0.0,1.0,4.0,0
0.16309534102960704,0.1317567567567568,9.0,0.0,1.0,4.0,0
-0.8993609494579343,0.8817567567567565,6.0,0.0,1.0,1.0,0
2.088797367538276,0.5827702702702701,3.0,0.0,1.0,3.0,1
-1.231378540235291,0.6199324324324323,4.0,0.0,1.0,3.0,1
1.0263410770507344,0.5861486486486486,9.0,1.0,0.0,2.0,1
-1.0985715039243482,0.2820945945945944,2.0,0.0,1.0,2.0,0
-0.23532576790322096,0.8851351351351348,9.0,1.0,0.0,1.0,0
-0.3017292860586923,0.699324324324324,4.0,0.0,1.0,5.0,1
0.2959023773405497,0.09628378378378377,0.0,0.0,1.0,0.0,0
-0.1025187315922783,0.045608108108108,8.0,0.0,1.0,1.0,0
-2.028220758100947,0.8885135135135135,6.0,1.0,0.0,0.0,0
0.6279199681179064,0.46114864864864835,0.0,0.0,1.0,2.0,0
0.8271305225843204,0.4898648648648648,8.0,0.0,1.0,3.0,0
-1.4969926128571762,0.1182432432432432,6.0,0.0,1.0,4.0,0
1.2919551496726198,0.170608108108108,0.0,1.0,0.0,0.0,0
-0.23532576790322096,0.672297297297297,6.0,1.0,0.0,2.0,0
-0.832957431302463,0.8327702702702703,3.0,1.0,0.0,5.0,0
-1.032167985768877,0.9425675675675672,5.0,1.0,0.0,4.0,0
-0.3017292860586923,0.48817567567567555,2.0,1.0,0.0,2.0,0
-2.227431312567361,0.3513513513513512,1.0,1.0,0.0,2.0,0
3.151253658025817,0.8141891891891889,9.0,1.0,0.0,4.0,1
-3.6883087119877302,0.030405405405405372,7.0,0.0,1.0,1.0,0
0.0966918228741357,0.8885135135135135,2.0,1.0,0.0,3.0,0
1.8231832949163904,0.5506756756756755,6.0,1.0,0.0,5.0,0
0.36230589549602105,0.08108108108108092,0.0,1.0,0.0,0.0,0
1.0263410770507344,0.5591216216216214,6.0,0.0,1.0,4.0,0
2.487218476471104,0.510135135135135,3.0,0.0,1.0,2.0,0
-0.16892224974774964,0.4054054054054054,5.0,0.0,1.0,2.0,0
1.159148113361677,0.2854729729729729,6.0,1.0,0.0,2.0,0
-0.5009398405251063,0.4138513513513512,9.0,1.0,0.0,5.0,0
0.36230589549602105,0.9442567567567567,0.0,1.0,0.0,3.0,0
1.557569222294505,0.7685810810810808,4.0,1.0,0.0,5.0,1
2.354411440160161,0.8597972972972973,7.0,1.0,0.0,2.0,1
0.8271305225843204,0.12162162162162149,2.0,1.0,0.0,5.0,0
1.0263410770507344,0.16722972972972971,3.0,1.0,0.0,0.0,0
-2.426641867033775,0.5202702702702701,6.0,1.0,0.0,0.0,0
-0.43453632236963496,0.7719594594594591,7.0,1.0,0.0,3.0,1
0.4951129318069637,0.8327702702702703,8.0,1.0,0.0,0.0,0
-0.633746876836049,0.1773648648648648,0.0,1.0,0.0,4.0,0
1.2255516315171484,0.1638513513513512,4.0,1.0,0.0,1.0,0
-1.829010203634533,0.6824324324324323,6.0,0.0,1.0,0.0,0
0.2959023773405497,0.1908783783783783,0.0,1.0,0.0,4.0,0
-2.227431312567361,0.49155405405405406,7.0,1.0,0.0,5.0,0
-1.231378540235291,0.1807432432432432,0.0,1.0,0.0,5.0,0
-0.5673433586805776,0.35641891891891897,7.0,1.0,0.0,2.0,0
0.8935340407397917,0.5912162162162159,5.0,1.0,0.0,4.0,1
-0.036115213436806966,0.46452702702702686,0.0,0.0,1.0,3.0,0
-1.1649750220798196,0.8817567567567565,6.0,1.0,0.0,1.0,0
-0.5673433586805776,0.46452702702702686,5.0,1.0,0.0,3.0,0
0.6943234862733777,0.41216216216216217,4.0,1.0,0.0,4.0,0
1.159148113361677,0.699324324324324,8.0,0.0,1.0,5.0,1
-0.5673433586805776,0.27533783783783783,1.0,1.0,0.0,2.0,0
-0.23532576790322096,0.670608108108108,7.0,0.0,1.0,4.0,1
0.16309534102960704,0.699324324324324,9.0,0.0,1.0,3.0,0
0.4287094136514924,0.9037162162162161,2.0,0.0,1.0,0.0,0
0.36230589549602105,0.9459459459459457,3.0,0.0,1.0,4.0,1
-1.032167985768877,0.5743243243243242,7.0,1.0,0.0,2.0,0
-0.8993609494579343,0.8530405405405402,6.0,1.0,0.0,0.0,0
0.561516449962435,0.048986486486486513,5.0,1.0,0.0,4.0,0
-0.5009398405251063,0.7989864864864863,2.0,0.0,1.0,4.0,1
-1.032167985768877,0.9814189189189187,9.0,0.0,1.0,2.0,0
-1.231378540235291,0.6114864864864863,4.0,0.0,1.0,1.0,0
-1.032167985768877,0.13682432432432423,3.0,0.0,1.0,5.0,0
0.9599375588952631,0.21114864864864857,8.0,1.0,0.0,5.0,0
0.561516449962435,0.8327702702702703,7.0,1.0,0.0,2.0,1
0.2959023773405497,0.016891891891891775,9.0,0.0,1.0,1.0,0
-0.3681328042141636,0.4510135135135135,9.0,1.0,0.0,3.0,0
1.756779776760919,0.4763513513513512,2.0,1.0,0.0,1.0,0
-0.16892224974774964,0.6266891891891891,5.0,0.0,1.0,3.0,0
0.2959023773405497,0.47466216216216195,7.0,0.0,1.0,0.0,0
-0.5673433586805776,0.6672297297297297,2.0,0.0,1.0,3.0,1
1.557569222294505,0.6891891891891889,1.0,1.0,0.0,5.0,1
-0.43453632236963496,0.6638513513513512,9.0,0.0,1.0,2.0,1
1.0263410770507344,0.8327702702702703,7.0,1.0,0.0,3.0,1
-0.5009398405251063,0.2533783783783784,7.0,1.0,0.0,5.0,0
-0.8993609494579343,0.5202702702702701,2.0,1.0,0.0,0.0,0
-0.5673433586805776,0.3124999999999999,2.0,0.0,1.0,5.0,0
1.358358667828091,0.7905405405405405,5.0,1.0,0.0,5.0,1
0.9599375588952631,0.49155405405405406,0.0,1.0,0.0,1.0,0
-0.5673433586805776,0.9864864864864863,2.0,1.0,0.0,2.0,1
-1.032167985768877,0.16047297297297292,1.0,0.0,1.0,2.0,0
1.4911657041390338,0.6841216216216214,2.0,1.0,0.0,5.0,1
0.4287094136514924,0.32094594594594594,4.0,1.0,0.0,4.0,0
1.159148113361677,0.6368243243243242,5.0,0.0,1.0,1.0,0
-1.629799649168119,0.3124999999999999,9.0,1.0,0.0,5.0,0
0.9599375588952631,0.6233108108108106,7.0,1.0,0.0,1.0,1
-0.8993609494579343,0.12162162162162149,5.0,1.0,0.0,3.0,0
1.159148113361677,0.5641891891891891,0.0,1.0,0.0,3.0,0
2.022393849382804,0.0625,8.0,1.0,0.0,2.0,0
-0.036115213436806966,0.3445945945945944,8.0,0.0,1.0,1.0,0
-0.16892224974774964,0.4172297297297295,0.0,0.0,1.0,1.0,0
-0.16892224974774964,0.19594594594594594,2.0,0.0,1.0,1.0,0
1.4911657041390338,0.6300675675675674,1.0,0.0,1.0,4.0,1
-0.16892224974774964,0.697635135135135,9.0,0.0,1.0,2.0,1
-2.0946242762564182,0.4442567567567567,0.0,0.0,1.0,0.0,0
0.22949885918507837,0.14020270270270263,1.0,1.0,0.0,5.0,0
-1.6962031673235902,0.1807432432432432,8.0,1.0,0.0,0.0,0
-1.7626066854790616,0.10641891891891886,8.0,1.0,0.0,0.0,0
1.8231832949163904,0.7077702702702703,4.0,1.0,0.0,4.0,1
0.561516449962435,0.706081081081081,6.0,1.0,0.0,1.0,0
1.2255516315171484,0.795608108108108,7.0,0.0,1.0,4.0,1
-0.23532576790322096,0.45777027027027006,3.0,1.0,0.0,1.0,0
-2.360238348878304,0.5709459459459457,8.0,1.0,0.0,3.0,0
1.2255516315171484,0.385135135135135,5.0,0.0,1.0,1.0,0
0.16309534102960704,0.38682432432432423,6.0,0.0,1.0,2.0,0
0.22949885918507837,0.6790540540540541,4.0,1.0,0.0,4.0,0
1.159148113361677,0.6638513513513512,7.0,1.0,0.0,5.0,1
-1.2977820583907622,0.3057432432432431,6.0,1.0,0.0,3.0,0
1.2919551496726198,0.22466216216216206,4.0,0.0,1.0,5.0,0
0.03028830471866437,0.7719594594594591,2.0,0.0,1.0,0.0,0
0.7607270044288491,0.8006756756756753,6.0,1.0,0.0,0.0,0
-2.825062975966603,0.30405405405405384,2.0,1.0,0.0,0.0,0
0.0966918228741357,0.10641891891891886,6.0,1.0,0.0,4.0,0
-0.43453632236963496,0.7888513513513512,9.0,1.0,0.0,2.0,0
-0.832957431302463,0.9341216216216214,6.0,0.0,1.0,0.0,0
-1.231378540235291,0.6165540540540538,9.0,0.0,1.0,2.0,0
2.022393849382804,0.8023648648648646,3.0,1.0,0.0,3.0,1
-1.430589094701705,0.8293918918918916,9.0,0.0,1.0,2.0,0
-1.430589094701705,0.3614864864864863,8.0,1.0,0.0,4.0,0
0.16309534102960704,0.6689189189189187,0.0,0.0,1.0,5.0,1
-0.832957431302463,0.12668918918918914,7.0,1.0,0.0,2.0,0
0.22949885918507837,0.5777027027027025,7.0,0.0,1.0,4.0,0
1.358358667828091,0.5236486486486486,8.0,1.0,0.0,1.0,0
0.4287094136514924,0.7398648648648646,0.0,1.0,0.0,3.0,0
-0.9657644676134056,0.3445945945945944,7.0,1.0,0.0,0.0,0
-0.633746876836049,0.9087837837837837,1.0,1.0,0.0,1.0,0
-0.5673433586805776,0.41216216216216217,3.0,1.0,0.0,4.0,0
-2.0946242762564182,0.09797297297297292,2.0,0.0,1.0,1.0,0
-0.8993609494579343,0.3293918918918918,7.0,1.0,0.0,3.0,0
-0.1025187315922783,0.26520270270270274,4.0,1.0,0.0,0.0,0
-0.5673433586805776,0.599662162162162,8.0,1.0,0.0,3.0,0
-0.3017292860586923,0.815878378378378,6.0,1.0,0.0,4.0,0
-0.832957431302463,0.4797297297297295,3.0,1.0,0.0,4.0,0
1.4247621859835624,0.27702702702702686,1.0,0.0,1.0,0.0,0
0.8271305225843204,0.7533783783783782,5.0,0.0,1.0,1.0,0
-0.5673433586805776,0.7567567567567565,9.0,1.0,0.0,0.0,0
0.561516449962435,0.7635135135135135,0.0,1.0,0.0,3.0,0
-0.7001503949915203,0.8412162162162159,9.0,1.0,0.0,3.0,1
1.557569222294505,0.7601351351351348,3.0,0.0,1.0,2.0,1
1.2919551496726198,0.5844594594594593,8.0,0.0,1.0,1.0,0
-0.832957431302463,0.5270270270270269,7.0,0.0,1.0,5.0,0
-0.633746876836049,0.8462837837837837,2.0,1.0,0.0,0.0,0
0.16309534102960704,0.16047297297297292,1.0,1.0,0.0,1.0,0
-1.629799649168119,0.2854729729729729,5.0,0.0,1.0,2.0,0
0.36230589549602105,0.6249999999999999,6.0,0.0,1.0,2.0,1
-0.3017292860586923,0.12331081081081063,2.0,0.0,1.0,4.0,0
1.557569222294505,0.7719594594594591,7.0,1.0,0.0,0.0,1
-2.4930453851892462,0.8800675675675674,2.0,1.0,0.0,5.0,0
-0.43453632236963496,0.05067567567567566,5.0,0.0,1.0,5.0,0
1.756779776760919,0.3547297297297295,0.0,1.0,0.0,5.0,0
-0.5673433586805776,0.20945945945945943,3.0,0.0,1.0,4.0,0
-0.9657644676134056,0.3547297297297295,9.0,1.0,0.0,1.0,0
0.16309534102960704,0.4408783783783784,7.0,1.0,0.0,4.0,0
1.159148113361677,0.606418918918919,5.0,0.0,1.0,3.0,1
-1.2977820583907622,0.15709459459459452,6.0,1.0,0.0,5.0,0
-0.633746876836049,0.6148648648648646,9.0,1.0,0.0,4.0,0
0.4287094136514924,0.5844594594594593,6.0,0.0,1.0,1.0,0
-0.3017292860586923,0.31081081081081063,7.0,1.0,0.0,2.0,0
1.955990331227333,0.7516891891891891,8.0,1.0,0.0,2.0,1
0.7607270044288491,0.5709459459459457,4.0,0.0,1.0,3.0,1
0.4287094136514924,0.7820945945945944,6.0,0.0,1.0,2.0,0
1.2919551496726198,0.10641891891891886,7.0,1.0,0.0,1.0,0
0.8271305225843204,0.3783783783783784,2.0,0.0,1.0,4.0,1
0.4951129318069637,0.5304054054054052,0.0,1.0,0.0,3.0,0
0.0966918228741357,0.8902027027027025,7.0,1.0,0.0,4.0,1
1.6239727404499764,0.5489864864864863,8.0,0.0,1.0,4.0,0
1.358358667828091,0.1317567567567568,0.0,0.0,1.0,5.0,1
0.561516449962435,0.697635135135135,1.0,0.0,1.0,5.0,0
-0.633746876836049,0.4864864864864863,5.0,1.0,0.0,4.0,0
1.0263410770507344,0.849662162162162,8.0,1.0,0.0,5.0,1
-0.036115213436806966,0.23817567567567555,3.0,0.0,1.0,5.0,0
-0.3681328042141636,0.8665540540540538,4.0,1.0,0.0,2.0,1
-0.7001503949915203,0.5945945945945946,0.0,0.0,1.0,5.0,1
0.4951129318069637,0.3361486486486486,5.0,1.0,0.0,0.0,0
-0.1025187315922783,0.7499999999999999,7.0,0.0,1.0,1.0,0
0.6943234862733777,0.39358108108108103,6.0,0.0,1.0,1.0,0
1.6239727404499764,0.170608108108108,2.0,1.0,0.0,5.0,0
-0.036115213436806966,0.7111486486486486,0.0,0.0,1.0,4.0,0
0.8935340407397917,0.22128378378378366,9.0,1.0,0.0,2.0,0
-0.832957431302463,0.5354729729729729,9.0,1.0,0.0,0.0,0
0.16309534102960704,0.8935810810810808,7.0,0.0,1.0,2.0,1
-0.1025187315922783,0.7010135135135133,2.0,1.0,0.0,0.0,0
0.36230589549602105,0.6452702702702701,2.0,1.0,0.0,2.0,0
0.16309534102960704,0.7094594594594593,2.0,1.0,0.0,1.0,0
-1.4969926128571762,0.8344594594594593,4.0,1.0,0.0,0.0,0
0.561516449962435,0.7381756756756755,1.0,0.0,1.0,0.0,0
1.756779776760919,0.6418918918918918,1.0,0.0,1.0,2.0,1
1.0927445952062058,0.22635135135135132,0.0,0.0,1.0,5.0,0
0.561516449962435,0.518581081081081,1.0,0.0,1.0,2.0,0
-0.43453632236963496,0.1317567567567568,5.0,1.0,0.0,3.0,0
-0.16892224974774964,0.6216216216216216,1.0,1.0,0.0,1.0,0
0.0966918228741357,0.8547297297297295,0.0,1.0,0.0,2.0,0
1.4911657041390338,0.35641891891891897,4.0,0.0,1.0,4.0,1
-1.6962031673235902,0.14695945945945943,1.0,1.0,0.0,2.0,0
1.6239727404499764,0.4729729729729729,4.0,0.0,1.0,3.0,0
0.16309534102960704,0.4695945945945946,5.0,1.0,0.0,3.0,0
0.4287094136514924,0.5675675675675674,9.0,0.0,1.0,4.0,0
-0.23532576790322096,0.5777027027027025,6.0,1.0,0.0,3.0,0
1.0263410770507344,0.49493243243243235,5.0,1.0,0.0,0.0,0
-0.7001503949915203,0.33108108108108103,9.0,0.0,1.0,1.0,0
0.22949885918507837,0.29054054054054046,0.0,1.0,0.0,2.0,0
0.22949885918507837,0.011824324324324342,1.0,0.0,1.0,4.0,0
1.6239727404499764,0.4543918918918918,7.0,1.0,0.0,3.0,0
-0.036115213436806966,0.7652027027027025,5.0,1.0,0.0,4.0,1
-0.16892224974774964,0.20945945945945943,4.0,1.0,0.0,3.0,0
0.6279199681179064,0.6283783783783782,5.0,0.0,1.0,5.0,0
1.0263410770507344,0.44256756756756743,8.0,1.0,0.0,4.0,1
-0.633746876836049,0.6300675675675674,5.0,0.0,1.0,4.0,1
-0.3017292860586923,0.6351351351351352,8.0,0.0,1.0,3.0,0
0.8935340407397917,0.3918918918918918,6.0,1.0,0.0,3.0,0
0.4287094136514924,0.9104729729729727,7.0,1.0,0.0,4.0,0
0.36230589549602105,0.24155405405405384,8.0,1.0,0.0,2.0,0
-2.16102779441189,0.3648648648648648,6.0,1.0,0.0,5.0,0
-0.9657644676134056,0.9408783783783782,4.0,0.0,1.0,4.0,0
-0.7001503949915203,0.27195945945945954,7.0,1.0,0.0,3.0,0
-0.036115213436806966,0.1875,7.0,0.0,1.0,4.0,0
-0.7665539131469916,0.8429054054054052,5.0,1.0,0.0,2.0,0
0.2959023773405497,0.518581081081081,9.0,1.0,0.0,0.0,0
-0.3017292860586923,0.48479729729729726,7.0,0.0,1.0,1.0,0
-0.8993609494579343,0.3023648648648648,0.0,1.0,0.0,3.0,0
1.4247621859835624,0.5472972972972973,7.0,1.0,0.0,5.0,0
0.2959023773405497,0.4864864864864863,6.0,1.0,0.0,0.0,0
-0.832957431302463,0.6131756756756755,1.0,1.0,0.0,3.0,0
0.561516449962435,0.6587837837837834,0.0,0.0,1.0,3.0,0
-1.032167985768877,0.8057432432432431,7.0,0.0,1.0,1.0,0
-1.1649750220798196,0.09966216216216206,5.0,1.0,0.0,1.0,0
-0.8993609494579343,0.8952702702702701,2.0,1.0,0.0,1.0,0
-0.3681328042141636,0.24155405405405384,5.0,0.0,1.0,0.0,0
-0.7001503949915203,0.26182432432432423,0.0,0.0,1.0,0.0,0
-0.9657644676134056,0.44932432432432423,8.0,1.0,0.0,2.0,0
0.03028830471866437,0.7837837837837837,0.0,0.0,1.0,1.0,0
-1.231378540235291,0.5506756756756755,1.0,0.0,1.0,3.0,0
0.8271305225843204,0.6266891891891891,0.0,0.0,1.0,1.0,1
-0.8993609494579343,0.3817567567567567,5.0,1.0,0.0,1.0,0
-0.1025187315922783,0.8597972972972973,9.0,1.0,0.0,5.0,0
-0.3681328042141636,0.34966216216216217,6.0,0.0,1.0,2.0,0
2.088797367538276,0.2567567567567567,1.0,1.0,0.0,2.0,0
-1.4969926128571762,0.17229729729729715,3.0,1.0,0.0,3.0,0
1.2919551496726198,0.1148648648648648,1.0,0.0,1.0,4.0,1
0.8271305225843204,0.28378378378378366,8.0,0.0,1.0,3.0,0
-0.1025187315922783,0.849662162162162,8.0,1.0,0.0,5.0,1
0.2959023773405497,0.7989864864864863,9.0,0.0,1.0,2.0,0
0.2959023773405497,0.43243243243243235,8.0,1.0,0.0,1.0,0
-2.227431312567361,0.2787162162162161,6.0,1.0,0.0,0.0,0
-1.1649750220798196,0.125,2.0,1.0,0.0,5.0,0
-1.3641855765462336,0.10472972972972971,4.0,1.0,0.0,1.0,0
-0.7001503949915203,0.3260135135135135,0.0,1.0,0.0,4.0,0
0.6943234862733777,0.18243243243243235,3.0,0.0,1.0,5.0,0
1.2255516315171484,0.8530405405405402,4.0,0.0,1.0,2.0,1
-0.9657644676134056,0.1875,1.0,0.0,1.0,2.0,0
-0.832957431302463,0.35979729729729726,2.0,0.0,1.0,3.0,0
-1.9618172399454756,0.4543918918918918,4.0,1.0,0.0,1.0,0
-0.3017292860586923,0.5608108108108106,7.0,0.0,1.0,5.0,0
-2.625852421500189,0.31418918918918914,6.0,1.0,0.0,4.0,0
1.6903762586054478,0.518581081081081,2.0,0.0,1.0,3.0,1
2.553621994626575,0.2364864864864865,2.0,1.0,0.0,1.0,0
0.0966918228741357,0.6570945945945944,8.0,1.0,0.0,4.0,0
1.557569222294505,0.43243243243243235,6.0,1.0,0.0,1.0,0
0.6943234862733777,0.20777027027027017,4.0,0.0,1.0,3.0,0
-1.2977820583907622,0.9070945945945944,0.0,0.0,1.0,4.0,1
-1.2977820583907622,0.02533783783783783,0.0,1.0,0.0,1.0,0
-1.032167985768877,0.14527027027027029,2.0,0.0,1.0,2.0,0
0.4287094136514924,0.4932432432432431,5.0,1.0,0.0,0.0,0
-0.633746876836049,0.5692567567567567,7.0,0.0,1.0,1.0,0
0.4951129318069637,0.8293918918918916,6.0,1.0,0.0,1.0,0
0.4951129318069637,0.46452702702702686,3.0,0.0,1.0,4.0,0
0.6943234862733777,0.7415540540540538,4.0,1.0,0.0,1.0,0
-0.633746876836049,0.10979729729729726,7.0,0.0,1.0,5.0,0
0.16309534102960704,0.20439189189189177,1.0,1.0,0.0,2.0,0
1.159148113361677,0.7736486486486484,5.0,1.0,0.0,0.0,0
0.22949885918507837,0.7162162162162159,7.0,1.0,0.0,0.0,0
-1.5633961310126476,0.4729729729729729,5.0,1.0,0.0,3.0,0
1.0927445952062058,0.420608108108108,2.0,1.0,0.0,3.0,1
-0.9657644676134056,0.8040540540540541,1.0,0.0,1.0,1.0,0
1.358358667828091,0.41216216216216217,8.0,1.0,0.0,2.0,0
-1.8954137217900044,0.6351351351351352,6.0,1.0,0.0,2.0,0
0.6943234862733777,0.27702702702702686,6.0,0.0,1.0,2.0,0
-0.832957431302463,0.7652027027027025,9.0,1.0,0.0,3.0,1
1.4911657041390338,0.5777027027027025,2.0,1.0,0.0,1.0,0
0.561516449962435,0.31081081081081063,1.0,1.0,0.0,5.0,0
0.22949885918507837,0.6402027027027025,4.0,1.0,0.0,3.0,1
-1.8954137217900044,0.5405405405405405,5.0,0.0,1.0,0.0,0
-0.1025187315922783,0.11993243243243235,9.0,1.0,0.0,5.0,0
-0.5009398405251063,0.23479729729729726,7.0,0.0,1.0,3.0,0
0.8935340407397917,0.4239864864864863,9.0,1.0,0.0,4.0,0
-0.3017292860586923,0.8716216216216214,1.0,0.0,1.0,0.0,0
-0.8993609494579343,0.6368243243243242,8.0,1.0,0.0,3.0,1
-0.43453632236963496,0.8834459459459457,2.0,1.0,0.0,1.0,0
-0.7665539131469916,0.7010135135135133,6.0,1.0,0.0,0.0,0
0.8271305225843204,0.1283783783783783,4.0,1.0,0.0,2.0,1
0.7607270044288491,0.4408783783783784,7.0,1.0,0.0,3.0,0
0.7607270044288491,0.8530405405405402,9.0,0.0,1.0,5.0,1
-1.829010203634533,0.26182432432432423,7.0,1.0,0.0,1.0,0
0.8271305225843204,0.07263513513513509,4.0,0.0,1.0,3.0,0
-0.633746876836049,0.8074324324324323,2.0,1.0,0.0,5.0,0
0.6279199681179064,0.7111486486486486,1.0,1.0,0.0,4.0,1
0.16309534102960704,0.1638513513513512,2.0,0.0,1.0,1.0,0
1.8231832949163904,0.3749999999999999,5.0,0.0,1.0,4.0,0
0.561516449962435,0.5506756756756755,2.0,1.0,0.0,2.0,0
-0.23532576790322096,0.40202702702702686,6.0,1.0,0.0,4.0,0
-0.1025187315922783,0.22466216216216206,6.0,1.0,0.0,5.0,0
-0.23532576790322096,0.6317567567567565,8.0,0.0,1.0,5.0,0
0.4951129318069637,0.8023648648648646,4.0,0.0,1.0,5.0,0
0.16309534102960704,0.3682432432432431,4.0,1.0,0.0,0.0,0
-1.032167985768877,0.385135135135135,6.0,1.0,0.0,2.0,0
0.9599375588952631,0.8834459459459457,4.0,1.0,0.0,1.0,1
0.22949885918507837,0.6908783783783784,0.0,1.0,0.0,5.0,1
-0.16892224974774964,0.3361486486486486,8.0,1.0,0.0,5.0,0
0.9599375588952631,0.6182432432432429,5.0,0.0,1.0,5.0,1
0.03028830471866437,0.5506756756756755,9.0,1.0,0.0,5.0,0
-0.1025187315922783,0.20608108108108103,3.0,1.0,0.0,4.0,0
1.358358667828091,0.1908783783783783,6.0,1.0,0.0,0.0,0
-1.3641855765462336,0.7652027027027025,4.0,1.0,0.0,1.0,0
-0.43453632236963496,0.1942567567567568,7.0,1.0,0.0,5.0,0
1.2919551496726198,0.8344594594594593,3.0,1.0,0.0,0.0,0
-1.2977820583907622,0.9543918918918916,3.0,1.0,0.0,2.0,0
-1.3641855765462336,0.9054054054054054,4.0,0.0,1.0,0.0,0
0.0966918228741357,0.41554054054054046,2.0,1.0,0.0,2.0,0
1.4247621859835624,0.8699324324324321,4.0,1.0,0.0,5.0,1
0.22949885918507837,0.4898648648648648,3.0,1.0,0.0,3.0,0
-0.036115213436806966,0.5320945945945946,8.0,1.0,0.0,2.0,0
0.4287094136514924,0.5777027027027025,4.0,1.0,0.0,3.0,0
-1.032167985768877,0.510135135135135,5.0,0.0,1.0,2.0,0
-0.3017292860586923,0.8074324324324323,0.0,1.0,0.0,5.0,0
-1.0985715039243482,0.5050675675675674,5.0,0.0,1.0,2.0,0
0.16309534102960704,0.5557432432432431,3.0,0.0,1.0,4.0,0
1.2919551496726198,0.16554054054054046,9.0,1.0,0.0,4.0,0
-0.8993609494579343,0.38006756756756743,7.0,0.0,1.0,5.0,0
1.2919551496726198,0.9358108108108106,0.0,1.0,0.0,5.0,1
0.8935340407397917,0.2668918918918918,9.0,1.0,0.0,2.0,1
-1.4969926128571762,0.7702702702702701,1.0,0.0,1.0,0.0,0
0.03028830471866437,0.8902027027027025,0.0,1.0,0.0,0.0,0
1.2255516315171484,0.3260135135135135,2.0,0.0,1.0,2.0,0
1.358358667828091,0.6841216216216214,0.0,1.0,0.0,4.0,1
1.2919551496726198,0.4527027027027025,5.0,0.0,1.0,4.0,0
1.2919551496726198,0.26858108108108103,9.0,0.0,1.0,4.0,0
2.81923606724846,0.9560810810810808,5.0,1.0,0.0,3.0,1
0.0966918228741357,0.5624999999999999,8.0,1.0,0.0,3.0,0
-0.832957431302463,0.22804054054054046,5.0,0.0,1.0,4.0,0
0.561516449962435,0.815878378378378,0.0,1.0,0.0,4.0,0
0.561516449962435,0.9341216216216214,6.0,0.0,1.0,2.0,1
0.16309534102960704,0.07939189189189177,4.0,1.0,0.0,1.0,0
-1.231378540235291,0.7668918918918918,7.0,1.0,0.0,2.0,0
-0.16892224974774964,0.3766891891891889,0.0,1.0,0.0,0.0,0
-1.032167985768877,0.3783783783783784,7.0,1.0,0.0,2.0,0
-0.036115213436806966,0.7668918918918918,6.0,0.0,1.0,0.0,0
0.7607270044288491,0.20439189189189177,3.0,0.0,1.0,0.0,0
0.6943234862733777,0.5827702702702701,4.0,1.0,0.0,5.0,0
-0.3681328042141636,0.4239864864864863,4.0,1.0,0.0,2.0,0
-0.8993609494579343,0.06418918918918914,1.0,1.0,0.0,5.0,0
-0.036115213436806966,0.537162162162162,2.0,0.0,1.0,2.0,0
0.9599375588952631,0.4239864864864863,9.0,0.0,1.0,4.0,0
1.8231832949163904,0.8378378378378376,5.0,0.0,1.0,4.0,1
-0.5673433586805776,0.8327702702702703,5.0,0.0,1.0,5.0,1
-2.625852421500189,0.8361486486486486,4.0,0.0,1.0,0.0,0
-0.1025187315922783,0.3682432432432431,1.0,0.0,1.0,2.0,0
-2.4930453851892462,0.6199324324324323,3.0,0.0,1.0,0.0,0
1.2255516315171484,0.6013513513513512,2.0,1.0,0.0,3.0,1
-0.1025187315922783,0.7094594594594593,0.0,1.0,0.0,2.0,0
-1.3641855765462336,0.7736486486486484,9.0,0.0,1.0,0.0,0
0.6279199681179064,0.7635135135135135,6.0,1.0,0.0,4.0,0
-0.3681328042141636,0.4374999999999999,2.0,0.0,1.0,5.0,0
1.0927445952062058,0.21283783783783772,7.0,0.0,1.0,2.0,0
-0.633746876836049,0.13344594594594594,0.0,1.0,0.0,5.0,0
0.6943234862733777,0.510135135135135,7.0,1.0,0.0,2.0,0
-1.032167985768877,0.2989864864864863,2.0,0.0,1.0,5.0,0
-0.23532576790322096,0.26858108108108103,7.0,0.0,1.0,3.0,0
2.553621994626575,0.8209459459459457,1.0,0.0,1.0,5.0,1
-0.7001503949915203,0.06756756756756754,5.0,1.0,0.0,3.0,0
-1.231378540235291,0.4054054054054054,5.0,1.0,0.0,5.0,0
-2.028220758100947,0.14189189189189177,0.0,1.0,0.0,1.0,0
-0.5009398405251063,0.7449324324324321,7.0,0.0,1.0,3.0,0
2.420814958315632,0.7685810810810808,4.0,1.0,0.0,3.0,1
0.16309534102960704,0.29391891891891897,1.0,1.0,0.0,4.0,0
-1.2977820583907622,0.3749999999999999,5.0,1.0,0.0,2.0,0
0.6279199681179064,0.25168918918918914,3.0,0.0,1.0,3.0,0
0.4287094136514924,0.45777027027027006,3.0,0.0,1.0,3.0,0
0.4287094136514924,0.46283783783783783,3.0,1.0,0.0,0.0,0
1.2919551496726198,0.831081081081081,1.0,1.0,0.0,2.0,1
0.22949885918507837,0.42905405405405406,2.0,1.0,0.0,3.0,0
-0.036115213436806966,0.7550675675675674,7.0,1.0,0.0,1.0,0
-0.23532576790322096,0.518581081081081,5.0,0.0,1.0,5.0,0
1.0263410770507344,0.670608108108108,1.0,1.0,0.0,1.0,0
2.952043103559403,0.9020270270270269,2.0,0.0,1.0,2.0,1
0.03028830471866437,0.6638513513513512,3.0,1.0,0.0,4.0,1
-0.5673433586805776,0.4510135135135135,5.0,1.0,0.0,2.0,0
2.487218476471104,0.31081081081081063,7.0,1.0,0.0,5.0,0
0.03028830471866437,0.5912162162162159,8.0,1.0,0.0,3.0,0
0.0966918228741357,0.787162162162162,7.0,1.0,0.0,5.0,0
-0.8993609494579343,0.699324324324324,3.0,0.0,1.0,1.0,0
1.159148113361677,0.49831081081081063,9.0,1.0,0.0,0.0,0
-0.23532576790322096,0.5320945945945946,5.0,1.0,0.0,5.0,0
-0.832957431302463,0.32094594594594594,7.0,1.0,0.0,4.0,0
0.16309534102960704,0.43581081081081063,9.0,1.0,0.0,5.0,0
0.16309534102960704,0.6503378378378378,8.0,0.0,1.0,3.0,1
0.8271305225843204,0.4898648648648648,4.0,0.0,1.0,1.0,0
-0.3017292860586923,0.8665540540540538,3.0,0.0,1.0,3.0,1
1.557569222294505,0.49155405405405406,0.0,1.0,0.0,4.0,0
-0.5009398405251063,0.27702702702702686,0.0,0.0,1.0,4.0,0
0.22949885918507837,0.7432432432432431,0.0,0.0,1.0,0.0,0
0.16309534102960704,0.108108108108108,7.0,1.0,0.0,5.0,0
-0.16892224974774964,0.9020270270270269,2.0,1.0,0.0,4.0,0
0.16309534102960704,0.4527027027027025,3.0,0.0,1.0,3.0,0
1.0263410770507344,0.1942567567567568,3.0,0.0,1.0,4.0,1
0.8271305225843204,0.5439189189189187,2.0,1.0,0.0,1.0,0
0.6279199681179064,0.6199324324324323,5.0,1.0,0.0,4.0,0
1.358358667828091,0.599662162162162,9.0,1.0,0.0,1.0,0
0.4287094136514924,0.7584459459459457,8.0,1.0,0.0,0.0,0
0.0966918228741357,0.3986486486486486,3.0,0.0,1.0,4.0,0
1.0927445952062058,0.7280405405405402,7.0,1.0,0.0,4.0,1
-0.832957431302463,0.9932432432432431,9.0,1.0,0.0,3.0,0
-0.9657644676134056,0.697635135135135,8.0,1.0,0.0,1.0,0
1.0263410770507344,0.8547297297297295,7.0,0.0,1.0,3.0,1
0.0966918228741357,0.4104729729729729,8.0,0.0,1.0,0.0,0
0.36230589549602105,0.7229729729729729,1.0,0.0,1.0,5.0,0
-0.832957431302463,0.7195945945945946,4.0,0.0,1.0,3.0,0
0.2959023773405497,0.05405405405405406,1.0,1.0,0.0,2.0,0
-1.231378540235291,0.2736486486486486,0.0,0.0,1.0,1.0,0
-0.16892224974774964,0.9898648648648648,2.0,1.0,0.0,5.0,0
0.03028830471866437,0.4459459459459457,7.0,1.0,0.0,5.0,0
-1.430589094701705,0.8648648648648648,7.0,0.0,1.0,2.0,0
-0.23532576790322096,0.5135135135135135,3.0,0.0,1.0,5.0,0
0.6943234862733777,0.6266891891891891,7.0,1.0,0.0,4.0,1
-0.5673433586805776,0.4104729729729729,5.0,1.0,0.0,0.0,0
-0.9657644676134056,0.35304054054054046,4.0,1.0,0.0,5.0,0
1.0263410770507344,0.8412162162162159,1.0,1.0,0.0,5.0,1
0.7607270044288491,0.22635135135135132,7.0,1.0,0.0,5.0,0
-1.4969926128571762,0.6587837837837834,6.0,0.0,1.0,2.0,0
1.0927445952062058,0.5523648648648646,6.0,0.0,1.0,4.0,0
0.8935340407397917,0.5979729729729729,2.0,0.0,1.0,3.0,1
-0.43453632236963496,0.5574324324324323,9.0,1.0,0.0,3.0,0
-0.3681328042141636,0.47128378378378366,1.0,1.0,0.0,3.0,0
-0.5673433586805776,0.9054054054054054,4.0,0.0,1.0,0.0,0
0.8935340407397917,0.606418918918919,1.0,1.0,0.0,5.0,1
1.159148113361677,0.0557432432432432,2.0,0.0,1.0,1.0,0
0.4287094136514924,0.3023648648648648,9.0,1.0,0.0,5.0,0
-0.5009398405251063,0.7888513513513512,4.0,1.0,0.0,2.0,0
-1.032167985768877,0.7787162162162161,1.0,0.0,1.0,2.0,0
0.2959023773405497,0.5979729729729729,7.0,0.0,1.0,2.0,0
0.22949885918507837,0.815878378378378,9.0,1.0,0.0,5.0,1
0.16309534102960704,0.7179054054054052,4.0,0.0,1.0,5.0,0
0.36230589549602105,0.8108108108108106,0.0,1.0,0.0,4.0,1
-0.832957431302463,0.22972972972972971,8.0,1.0,0.0,0.0,0
-1.7626066854790616,0.7787162162162161,1.0,1.0,0.0,0.0,0
0.4951129318069637,0.8209459459459457,9.0,1.0,0.0,2.0,0
0.4951129318069637,0.8986486486486484,6.0,1.0,0.0,4.0,1
-0.7665539131469916,0.36655405405405406,4.0,1.0,0.0,1.0,0
0.22949885918507837,0.5084459459459457,9.0,1.0,0.0,3.0,0
-0.7665539131469916,0.0692567567567568,9.0,1.0,0.0,1.0,0
-0.43453632236963496,0.23479729729729726,9.0,1.0,0.0,4.0,0
-0.7665539131469916,0.8935810810810808,1.0,0.0,1.0,0.0,0
0.4951129318069637,0.8023648648648646,9.0,0.0,1.0,5.0,0
-0.5673433586805776,0.1841216216216215,0.0,1.0,0.0,4.0,0
-0.23532576790322096,0.9493243243243242,0.0,1.0,0.0,2.0,0
0.0966918228741357,0.831081081081081,5.0,1.0,0.0,4.0,0
-1.629799649168119,0.26351351351351326,9.0,0.0,1.0,4.0,0
1.8231832949163904,0.7888513513513512,3.0,1.0,0.0,2.0,1
0.22949885918507837,0.28716216216216217,7.0,0.0,1.0,1.0,0
0.36230589549602105,0.7449324324324321,7.0,1.0,0.0,5.0,0
-0.832957431302463,0.8091216216216214,1.0,0.0,1.0,3.0,0
0.6943234862733777,0.510135135135135,9.0,1.0,0.0,5.0,0
-0.633746876836049,0.46283783783783783,6.0,1.0,0.0,4.0,0
-0.1025187315922783,0.3192567567567567,1.0,1.0,0.0,1.0,0
-0.036115213436806966,0.5202702702702701,7.0,0.0,1.0,2.0,0
0.4287094136514924,0.5878378378378376,9.0,0.0,1.0,2.0,0
-1.3641855765462336,0.27027027027027006,4.0,1.0,0.0,1.0,0
0.0966918228741357,0.233108108108108,5.0,1.0,0.0,1.0,0
-0.7665539131469916,0.40202702702702686,4.0,1.0,0.0,1.0,0
-1.0985715039243482,0.8682432432432431,0.0,1.0,0.0,3.0,0
0.6279199681179064,0.16216216216216206,9.0,1.0,0.0,1.0,0
0.6943234862733777,0.4341216216216216,7.0,1.0,0.0,4.0,0
-0.8993609494579343,0.5050675675675674,2.0,1.0,0.0,1.0,0
-0.23532576790322096,0.5557432432432431,3.0,1.0,0.0,3.0,0
-0.1025187315922783,0.7584459459459457,4.0,0.0,1.0,2.0,1
-1.032167985768877,0.6402027027027025,2.0,1.0,0.0,0.0,0
0.16309534102960704,0.2364864864864865,9.0,1.0,0.0,0.0,0
-0.23532576790322096,0.7381756756756755,7.0,0.0,1.0,5.0,0
0.16309534102960704,0.6452702702702701,9.0,1.0,0.0,2.0,1
-0.43453632236963496,0.6047297297297295,1.0,1.0,0.0,3.0,0
0.9599375588952631,0.6165540540540538,0.0,1.0,0.0,4.0,1
-0.036115213436806966,0.07601351351351349,3.0,1.0,0.0,0.0,0
0.6279199681179064,0.07601351351351349,7.0,1.0,0.0,1.0,0
0.22949885918507837,0.29729729729729726,2.0,1.0,0.0,2.0,0
-0.5009398405251063,0.4898648648648648,3.0,0.0,1.0,1.0,0
0.9599375588952631,0.8023648648648646,7.0,0.0,1.0,0.0,0
-0.23532576790322096,0.7770270270270269,2.0,1.0,0.0,5.0,1
-1.7626066854790616,0.8631756756756755,8.0,0.0,1.0,5.0,0
-0.5009398405251063,0.7584459459459457,8.0,1.0,0.0,4.0,0
0.22949885918507837,0.32432432432432423,0.0,1.0,0.0,2.0,0
0.0966918228741357,0.26858108108108103,5.0,0.0,1.0,2.0,0
0.8271305225843204,0.13006756756756743,3.0,1.0,0.0,1.0,0
-1.0985715039243482,0.1638513513513512,9.0,0.0,1.0,4.0,0
-0.7001503949915203,0.3614864864864863,5.0,1.0,0.0,1.0,0
0.8271305225843204,0.42229729729729726,9.0,0.0,1.0,3.0,0
0.4287094136514924,0.699324324324324,0.0,1.0,0.0,1.0,0
-0.16892224974774964,0.3986486486486486,9.0,1.0,0.0,3.0,0
-0.3017292860586923,0.22804054054054046,1.0,0.0,1.0,1.0,0
0.03028830471866437,0.5219594594594593,6.0,0.0,1.0,0.0,0
0.22949885918507837,0.706081081081081,8.0,1.0,0.0,4.0,0
0.22949885918507837,0.11148648648648651,1.0,1.0,0.0,5.0,0
1.2919551496726198,0.7567567567567565,3.0,0.0,1.0,3.0,1
-0.43453632236963496,0.6655405405405405,6.0,0.0,1.0,3.0,0
-0.036115213436806966,0.10641891891891886,2.0,1.0,0.0,2.0,0
0.0966918228741357,0.17905405405405395,8.0,0.0,1.0,4.0,0
-1.032167985768877,0.9104729729729727,4.0,1.0,0.0,1.0,0
0.2959023773405497,0.7145270270270269,8.0,1.0,0.0,4.0,1
-0.43453632236963496,0.7027027027027025,1.0,1.0,0.0,0.0,0
-1.629799649168119,0.41554054054054046,5.0,1.0,0.0,3.0,0
-1.1649750220798196,0.6182432432432429,0.0,1.0,0.0,0.0,0
1.358358667828091,0.8969594594594591,5.0,0.0,1.0,5.0,1
-0.16892224974774964,0.3124999999999999,6.0,1.0,0.0,3.0,0
0.2959023773405497,0.6402027027027025,8.0,0.0,1.0,1.0,0
-0.633746876836049,0.518581081081081,9.0,0.0,1.0,3.0,0
-0.43453632236963496,0.7618243243243242,6.0,1.0,0.0,5.0,0
1.2255516315171484,0.41554054054054046,3.0,0.0,1.0,3.0,1
-1.5633961310126476,0.5827702702702701,4.0,1.0,0.0,3.0,0
-1.6962031673235902,0.36993243243243235,4.0,1.0,0.0,2.0,0
0.16309534102960704,0.4695945945945946,9.0,0.0,1.0,3.0,0
1.557569222294505,0.8040540540540541,2.0,1.0,0.0,2.0,1
0.8271305225843204,0.5202702702702701,2.0,1.0,0.0,5.0,0
-0.633746876836049,0.8260135135135133,0.0,1.0,0.0,0.0,0
0.16309534102960704,0.8952702702702701,4.0,0.0,1.0,3.0,1
0.4287094136514924,0.3479729729729729,6.0,0.0,1.0,2.0,0
0.7607270044288491,0.9054054054054054,3.0,1.0,0.0,4.0,1
1.159148113361677,0.8969594594594591,6.0,1.0,0.0,3.0,1
-0.1025187315922783,0.9391891891891889,1.0,1.0,0.0,3.0,0
0.6279199681179064,0.21790540540540537,8.0,1.0,0.0,1.0,0
-0.16892224974774964,0.8429054054054052,7.0,1.0,0.0,3.0,0
-0.3681328042141636,0.4070945945945946,6.0,1.0,0.0,1.0,0
0.561516449962435,0.4662162162162161,2.0,1.0,0.0,1.0,0
1.0263410770507344,0.8462837837837837,5.0,1.0,0.0,2.0,1
0.0966918228741357,0.4932432432432431,0.0,1.0,0.0,0.0,0
-1.629799649168119,0.1638513513513512,0.0,0.0,1.0,0.0,0
-0.16892224974774964,0.8091216216216214,1.0,0.0,1.0,0.0,0
-1.0985715039243482,0.26182432432432423,2.0,0.0,1.0,1.0,0
-0.8993609494579343,0.15371621621621623,0.0,0.0,1.0,3.0,0
-0.3017292860586923,0.7618243243243242,2.0,0.0,1.0,4.0,0
-0.5009398405251063,0.420608108108108,6.0,1.0,0.0,5.0,0
-1.032167985768877,0.8243243243243242,4.0,1.0,0.0,5.0,0
-0.9657644676134056,0.028716216216216228,2.0,1.0,0.0,4.0,0
0.6943234862733777,0.8986486486486484,6.0,0.0,1.0,4.0,0
-0.633746876836049,0.5118243243243242,3.0,0.0,1.0,5.0,0
1.2255516315171484,0.599662162162162,2.0,0.0,1.0,1.0,0
-0.3017292860586923,0.8074324324324323,1.0,1.0,0.0,4.0,0
-0.43453632236963496,0.45777027027027006,4.0,1.0,0.0,0.0,0
-1.2977820583907622,0.1283783783783783,3.0,1.0,0.0,1.0,0
0.561516449962435,0.6587837837837834,8.0,0.0,1.0,5.0,0
0.2959023773405497,0.12331081081081063,1.0,1.0,0.0,3.0,0
-0.3017292860586923,0.4527027027027025,2.0,0.0,1.0,2.0,0
1.2919551496726198,0.125,9.0,0.0,1.0,4.0,0
0.0966918228741357,0.322635135135135,5.0,0.0,1.0,0.0,0
-0.8993609494579343,0.5692567567567567,1.0,1.0,0.0,1.0,0
-1.231378540235291,0.26520270270270274,2.0,0.0,1.0,4.0,0
-1.1649750220798196,0.4797297297297295,2.0,0.0,1.0,2.0,0
0.6279199681179064,0.6368243243243242,0.0,0.0,1.0,2.0,1
0.8271305225843204,0.1875,9.0,0.0,1.0,5.0,0
0.4951129318069637,0.5219594594594593,1.0,1.0,0.0,4.0,0
0.6279199681179064,0.9239864864864863,1.0,1.0,0.0,5.0,0
-0.633746876836049,0.8783783783783782,1.0,0.0,1.0,2.0,1
1.4911657041390338,0.15033783783783772,0.0,0.0,1.0,5.0,0
-0.23532576790322096,0.8885135135135135,5.0,0.0,1.0,4.0,1
0.03028830471866437,0.7905405405405405,9.0,0.0,1.0,5.0,1
2.885639585403932,0.7162162162162159,0.0,1.0,0.0,0.0,1
-0.5673433586805776,0.5658783783783782,4.0,1.0,0.0,1.0,0
-1.032167985768877,0.5084459459459457,1.0,1.0,0.0,0.0,0
0.36230589549602105,0.19594594594594594,0.0,1.0,0.0,4.0,0
-0.16892224974774964,0.4729729729729729,7.0,1.0,0.0,0.0,0
-0.3681328042141636,0.4172297297297295,9.0,1.0,0.0,1.0,0
-0.036115213436806966,0.4594594594594593,5.0,1.0,0.0,3.0,0
0.16309534102960704,0.09628378378378377,5.0,1.0,0.0,1.0,0
-0.036115213436806966,0.27195945945945954,2.0,1.0,0.0,5.0,0
-1.0985715039243482,0.5962837837837837,6.0,1.0,0.0,4.0,0
-1.430589094701705,0.27195945945945954,2.0,1.0,0.0,1.0,0
0.0966918228741357,0.815878378378378,4.0,1.0,0.0,0.0,0
0.8271305225843204,0.7516891891891891,0.0,1.0,0.0,1.0,0
0.9599375588952631,0.8293918918918916,1.0,1.0,0.0,3.0,1
-0.9657644676134056,0.2854729729729729,7.0,1.0,0.0,4.0,0
0.0966918228741357,0.7010135135135133,8.0,1.0,0.0,0.0,0
-0.3017292860586923,0.7702702702702701,0.0,1.0,0.0,1.0,0
-0.43453632236963496,0.510135135135135,9.0,0.0,1.0,4.0,0
-1.231378540235291,0.984797297297297,9.0,1.0,0.0,5.0,0
-1.8954137217900044,0.9003378378378376,0.0,0.0,1.0,0.0,0
0.2959023773405497,0.26520270270270274,1.0,1.0,0.0,3.0,0
-1.231378540235291,0.11317567567567566,2.0,1.0,0.0,5.0,0
-0.832957431302463,0.45608108108108103,8.0,1.0,0.0,4.0,0
-1.0985715039243482,0.4172297297297295,0.0,1.0,0.0,3.0,0
1.0927445952062058,0.6283783783783782,4.0,0.0,1.0,5.0,1
0.22949885918507837,0.3513513513513512,1.0,0.0,1.0,3.0,0
-0.5009398405251063,0.3192567567567567,5.0,1.0,0.0,3.0,0
2.420814958315632,0.21790540540540537,4.0,0.0,1.0,4.0,0
0.36230589549602105,0.8817567567567565,6.0,1.0,0.0,1.0,0
0.2959023773405497,0.8716216216216214,2.0,1.0,0.0,4.0,0
-0.43453632236963496,0.606418918918919,3.0,0.0,1.0,2.0,0
0.4951129318069637,0.7466216216216216,7.0,0.0,1.0,3.0,0
-0.7001503949915203,0.6959459459459457,6.0,0.0,1.0,4.0,0
-1.2977820583907622,0.8462837837837837,9.0,1.0,0.0,3.0,1
-0.3017292860586923,0.7347972972972973,2.0,0.0,1.0,1.0,0
1.2255516315171484,0.1317567567567568,8.0,1.0,0.0,0.0,0
-1.5633961310126476,0.6520270270270269,9.0,1.0,0.0,1.0,0
0.4951129318069637,0.6790540540540541,5.0,0.0,1.0,1.0,0
1.2255516315171484,0.5202702702702701,0.0,0.0,1.0,5.0,0
1.6239727404499764,0.5912162162162159,9.0,1.0,0.0,0.0,0
0.22949885918507837,0.6807432432432431,4.0,1.0,0.0,3.0,0
0.4951129318069637,0.7601351351351348,8.0,1.0,0.0,1.0,0
-2.227431312567361,0.5658783783783782,3.0,1.0,0.0,4.0,0
-0.3017292860586923,0.20270270270270263,2.0,1.0,0.0,3.0,0
-0.633746876836049,0.537162162162162,8.0,1.0,0.0,1.0,0
-0.5673433586805776,0.8513513513513512,3.0,0.0,1.0,5.0,0
0.6279199681179064,0.6131756756756755,7.0,1.0,0.0,5.0,0
-0.832957431302463,0.9391891891891889,4.0,0.0,1.0,2.0,1
0.8271305225843204,0.20945945945945943,0.0,1.0,0.0,0.0,0
-0.832957431302463,0.6689189189189187,6.0,1.0,0.0,5.0,1
-0.5009398405251063,0.32770270270270274,0.0,0.0,1.0,0.0,0
-1.0985715039243482,0.125,0.0,0.0,1.0,0.0,0
-1.032167985768877,0.34966216216216217,7.0,1.0,0.0,0.0,0
-0.832957431302463,0.5574324324324323,7.0,1.0,0.0,0.0,0
-1.0985715039243482,0.3749999999999999,8.0,0.0,1.0,2.0,0
-0.1025187315922783,0.33783783783783783,3.0,0.0,1.0,1.0,0
1.8231832949163904,0.8293918918918916,8.0,1.0,0.0,0.0,0
0.36230589549602105,0.849662162162162,4.0,1.0,0.0,2.0,0
-0.7001503949915203,0.22297297297297292,3.0,1.0,0.0,4.0,0
-1.1649750220798196,0.27027027027027006,9.0,1.0,0.0,5.0,0
0.6943234862733777,0.6655405405405405,4.0,1.0,0.0,4.0,0
0.8271305225843204,0.11655405405405406,3.0,1.0,0.0,2.0,1
0.22949885918507837,0.7162162162162159,9.0,0.0,1.0,2.0,0
0.4287094136514924,0.8648648648648648,9.0,1.0,0.0,3.0,1
3.151253658025817,0.1317567567567568,8.0,0.0,1.0,0.0,0
-1.231378540235291,0.07263513513513509,9.0,1.0,0.0,2.0,0
1.0927445952062058,0.060810810810810856,5.0,0.0,1.0,4.0,1
-0.832957431302463,0.8108108108108106,9.0,0.0,1.0,2.0,1
-0.036115213436806966,0.8378378378378376,2.0,1.0,0.0,3.0,0
0.0966918228741357,0.5591216216216214,2.0,0.0,1.0,0.0,0
1.159148113361677,0.37331081081081063,5.0,1.0,0.0,0.0,0
-1.032167985768877,0.5760135135135135,5.0,1.0,0.0,5.0,0
0.03028830471866437,0.34628378378378366,1.0,0.0,1.0,1.0,0
-0.832957431302463,0.8006756756756753,5.0,1.0,0.0,4.0,1
-0.16892224974774964,0.15202702702702708,0.0,0.0,1.0,1.0,0
0.2959023773405497,0.08614864864864857,3.0,1.0,0.0,4.0,0
0.9599375588952631,0.9239864864864863,4.0,0.0,1.0,1.0,0
-0.43453632236963496,0.9341216216216214,4.0,0.0,1.0,3.0,0
-0.8993609494579343,0.43243243243243235,3.0,1.0,0.0,1.0,0
-0.5009398405251063,0.8412162162162159,0.0,1.0,0.0,1.0,0
0.2959023773405497,0.6047297297297295,0.0,0.0,1.0,3.0,0
-0.5673433586805776,0.8429054054054052,9.0,1.0,0.0,1.0,0
-0.3017292860586923,0.7837837837837837,0.0,0.0,1.0,4.0,0
-0.16892224974774964,0.7162162162162159,4.0,0.0,1.0,2.0,1
0.16309534102960704,0.33108108108108103,8.0,0.0,1.0,2.0,0
-0.036115213436806966,0.108108108108108,4.0,0.0,1.0,4.0,0
1.0263410770507344,0.699324324324324,5.0,1.0,0.0,0.0,0
-1.231378540235291,0.45608108108108103,4.0,0.0,1.0,0.0,0
-0.3017292860586923,0.6114864864864863,8.0,0.0,1.0,1.0,0
-1.1649750220798196,0.9560810810810808,9.0,1.0,0.0,5.0,0
0.7607270044288491,0.4070945945945946,6.0,0.0,1.0,2.0,0
0.8271305225843204,0.7398648648648646,3.0,1.0,0.0,2.0,1
0.7607270044288491,0.07939189189189177,5.0,1.0,0.0,2.0,1
0.9599375588952631,0.6604729729729727,5.0,0.0,1.0,2.0,1
0.6943234862733777,0.39358108108108103,6.0,0.0,1.0,1.0,0
0.22949885918507837,0.5422297297297295,6.0,1.0,0.0,0.0,0
0.36230589549602105,0.10472972972972971,5.0,0.0,1.0,5.0,0
-0.832957431302463,0.5270270270270269,1.0,0.0,1.0,5.0,0
0.36230589549602105,0.8091216216216214,2.0,0.0,1.0,5.0,0
0.36230589549602105,0.8277027027027025,3.0,0.0,1.0,4.0,0
-0.832957431302463,0.886824324324324,9.0,0.0,1.0,0.0,0
-1.7626066854790616,0.706081081081081,3.0,0.0,1.0,5.0,0
0.7607270044288491,0.9780405405405402,9.0,1.0,0.0,1.0,0
0.6279199681179064,0.5135135135135135,9.0,1.0,0.0,4.0,0
-1.430589094701705,0.5624999999999999,5.0,1.0,0.0,4.0,0
0.8935340407397917,0.7145270270270269,9.0,1.0,0.0,0.0,0
0.561516449962435,0.46452702702702686,1.0,0.0,1.0,4.0,0
-1.5633961310126476,0.7466216216216216,7.0,0.0,1.0,0.0,0
1.4911657041390338,0.7550675675675674,8.0,1.0,0.0,5.0,1
0.16309534102960704,0.4442567567567567,7.0,0.0,1.0,5.0,0
0.8271305225843204,0.5219594594594593,7.0,1.0,0.0,1.0,0
-1.4969926128571762,0.4510135135135135,5.0,1.0,0.0,0.0,0
-1.032167985768877,0.3648648648648648,0.0,0.0,1.0,0.0,0
-0.7665539131469916,0.8378378378378376,5.0,1.0,0.0,3.0,1
-0.7665539131469916,0.5760135135135135,2.0,0.0,1.0,3.0,0
0.0966918228741357,0.8614864864864863,5.0,1.0,0.0,5.0,0
1.2255516315171484,0.3361486486486486,2.0,0.0,1.0,2.0,0
0.8935340407397917,0.31418918918918914,3.0,1.0,0.0,5.0,0
0.0966918228741357,0.5304054054054052,8.0,0.0,1.0,3.0,0
1.159148113361677,0.6537162162162161,8.0,1.0,0.0,5.0,1
1.159148113361677,0.3716216216216216,2.0,1.0,0.0,0.0,0
-1.829010203634533,0.1807432432432432,1.0,1.0,0.0,2.0,0
-2.028220758100947,0.699324324324324,5.0,0.0,1.0,1.0,0
-1.3641855765462336,0.15878378378378377,9.0,0.0,1.0,0.0,0
-0.7001503949915203,0.32432432432432423,0.0,1.0,0.0,1.0,0
0.4287094136514924,0.07432432432432434,0.0,1.0,0.0,0.0,0
1.4911657041390338,0.8108108108108106,9.0,0.0,1.0,3.0,1
0.16309534102960704,0.8682432432432431,3.0,1.0,0.0,0.0,0
-0.5009398405251063,0.24493243243243235,9.0,0.0,1.0,3.0,0
2.155200885693747,0.6554054054054052,9.0,1.0,0.0,1.0,0
0.8271305225843204,0.08952702702702697,0.0,0.0,1.0,5.0,0
0.2959023773405497,0.6266891891891891,1.0,0.0,1.0,1.0,0
0.36230589549602105,0.6942567567567567,7.0,1.0,0.0,0.0,0
-0.3017292860586923,0.6773648648648648,1.0,0.0,1.0,4.0,0
0.4951129318069637,0.2398648648648648,5.0,0.0,1.0,2.0,0
-0.23532576790322096,0.7618243243243242,9.0,0.0,1.0,0.0,0
0.36230589549602105,0.3817567567567567,3.0,0.0,1.0,2.0,0
0.6279199681179064,0.5253378378378378,0.0,1.0,0.0,5.0,0
0.6943234862733777,0.3429054054054054,4.0,0.0,1.0,2.0,0
-0.43453632236963496,0.12162162162162149,2.0,1.0,0.0,3.0,0
0.0966918228741357,0.2010135135135135,5.0,1.0,0.0,1.0,0
-0.5009398405251063,0.29729729729729726,2.0,1.0,0.0,4.0,0
0.6943234862733777,0.920608108108108,7.0,1.0,0.0,4.0,1
1.4247621859835624,0.1317567567567568,9.0,0.0,1.0,3.0,0
-0.16892224974774964,0.08277027027027029,0.0,1.0,0.0,0.0,0
2.022393849382804,0.6773648648648648,6.0,1.0,0.0,5.0,1
-0.23532576790322096,0.16722972972972971,5.0,0.0,1.0,3.0,0
-0.832957431302463,0.7111486486486486,8.0,0.0,1.0,4.0,1
0.0966918228741357,0.7787162162162161,9.0,0.0,1.0,3.0,1
-0.036115213436806966,0.40878378378378366,7.0,0.0,1.0,2.0,0
0.4287094136514924,0.581081081081081,7.0,0.0,1.0,0.0,0
0.7607270044288491,0.4932432432432431,8.0,1.0,0.0,4.0,0
1.2919551496726198,0.19594594594594594,7.0,0.0,1.0,0.0,0
0.2959023773405497,0.46790540540540515,4.0,0.0,1.0,3.0,0
-0.7001503949915203,0.7820945945945944,7.0,1.0,0.0,5.0,0
-0.3017292860586923,0.8885135135135135,9.0,0.0,1.0,4.0,0
0.0966918228741357,0.3192567567567567,8.0,0.0,1.0,3.0,0
-0.5673433586805776,0.2787162162162161,1.0,1.0,0.0,4.0,0
1.8231832949163904,0.39358108108108103,8.0,0.0,1.0,3.0,0
1.4911657041390338,0.545608108108108,2.0,0.0,1.0,2.0,0
-0.16892224974774964,0.1739864864864865,0.0,1.0,0.0,5.0,0
-0.8993609494579343,0.6689189189189187,6.0,1.0,0.0,1.0,0
0.22949885918507837,0.6756756756756753,8.0,0.0,1.0,3.0,0
0.16309534102960704,0.04391891891891886,0.0,0.0,1.0,4.0,0
-1.6962031673235902,0.8817567567567565,1.0,1.0,0.0,2.0,0
0.16309534102960704,0.7516891891891891,4.0,0.0,1.0,2.0,1
0.8935340407397917,0.4172297297297295,4.0,1.0,0.0,2.0,0
-1.0985715039243482,0.2567567567567567,0.0,1.0,0.0,0.0,0
-1.4969926128571762,0.7094594594594593,7.0,1.0,0.0,3.0,0
1.159148113361677,0.6452702702702701,1.0,1.0,0.0,2.0,1
0.03028830471866437,0.10979729729729726,6.0,1.0,0.0,2.0,0
1.2919551496726198,0.19932432432432423,7.0,1.0,0.0,3.0,0
1.557569222294505,0.2888513513513512,3.0,1.0,0.0,2.0,1
-1.2977820583907622,0.8124999999999997,5.0,0.0,1.0,4.0,0
-0.832957431302463,0.30067567567567555,5.0,1.0,0.0,3.0,0
0.4951129318069637,0.29054054054054046,4.0,1.0,0.0,5.0,0
-0.16892224974774964,0.45608108108108103,7.0,1.0,0.0,2.0,0
-1.2977820583907622,0.21621621621621623,3.0,0.0,1.0,1.0,0
-0.633746876836049,0.5168918918918918,7.0,1.0,0.0,0.0,0
1.159148113361677,0.18581081081081074,1.0,1.0,0.0,2.0,1
-0.5009398405251063,0.5979729729729729,7.0,0.0,1.0,4.0,0
0.7607270044288491,0.6368243243243242,4.0,1.0,0.0,3.0,1
-0.23532576790322096,0.3614864864864863,5.0,1.0,0.0,5.0,0
-0.633746876836049,0.6503378378378378,5.0,0.0,1.0,2.0,0
0.16309534102960704,0.831081081081081,4.0,1.0,0.0,1.0,0
-0.7001503949915203,0.8057432432432431,9.0,0.0,1.0,5.0,1
-1.1649750220798196,0.7077702702702703,0.0,1.0,0.0,5.0,0
-0.23532576790322096,0.5709459459459457,1.0,1.0,0.0,1.0,0
-0.7001503949915203,0.6131756756756755,3.0,1.0,0.0,2.0,1
-1.0985715039243482,0.7905405405405405,5.0,0.0,1.0,0.0,0
-1.430589094701705,0.9780405405405402,2.0,1.0,0.0,3.0,0
0.0966918228741357,0.5743243243243242,2.0,1.0,0.0,0.0,0
0.8935340407397917,0.17905405405405395,6.0,0.0,1.0,4.0,0
-0.832957431302463,0.5489864864864863,6.0,1.0,0.0,2.0,0
-0.3681328042141636,0.8699324324324321,0.0,0.0,1.0,4.0,0
0.2959023773405497,0.36655405405405406,8.0,1.0,0.0,4.0,0
0.8935340407397917,0.22128378378378366,4.0,1.0,0.0,3.0,0
2.221604403849218,0.18581081081081074,7.0,1.0,0.0,3.0,1
1.756779776760919,0.8074324324324323,6.0,1.0,0.0,1.0,1
-0.16892224974774964,0.6266891891891891,1.0,1.0,0.0,4.0,0
0.6943234862733777,0.8260135135135133,5.0,1.0,0.0,5.0,0
-1.629799649168119,0.5827702702702701,8.0,0.0,1.0,0.0,0
2.022393849382804,0.6469594594594591,8.0,0.0,1.0,0.0,0
-0.5673433586805776,0.6435810810810808,2.0,0.0,1.0,5.0,1
0.561516449962435,0.5304054054054052,7.0,1.0,0.0,4.0,0
-1.7626066854790616,0.8699324324324321,1.0,0.0,1.0,5.0,1
-0.16892224974774964,0.10304054054054057,7.0,1.0,0.0,1.0,0
0.03028830471866437,0.8885135135135135,9.0,1.0,0.0,1.0,0
0.561516449962435,0.2398648648648648,6.0,0.0,1.0,3.0,0
-2.16102779441189,0.7702702702702701,0.0,1.0,0.0,3.0,0
1.8895868130718618,0.23817567567567555,7.0,1.0,0.0,3.0,0
-0.16892224974774964,0.5050675675675674,3.0,1.0,0.0,2.0,0
-0.832957431302463,0.6368243243243242,5.0,1.0,0.0,2.0,0
-0.23532576790322096,0.8597972972972973,9.0,1.0,0.0,4.0,0
-0.23532576790322096,0.5624999999999999,1.0,1.0,0.0,1.0,0
1.159148113361677,0.8293918918918916,2.0,1.0,0.0,4.0,1
1.0263410770507344,0.31081081081081063,4.0,0.0,1.0,3.0,0
-0.3017292860586923,0.8395270270270269,8.0,0.0,1.0,0.0,0
-0.1025187315922783,0.36317567567567555,7.0,1.0,0.0,4.0,0
-0.1025187315922783,0.8834459459459457,3.0,1.0,0.0,5.0,0
-1.6962031673235902,0.08277027027027029,7.0,1.0,0.0,4.0,0
-1.3641855765462336,0.8006756756756753,5.0,1.0,0.0,1.0,0
-0.1025187315922783,0.7398648648648646,9.0,1.0,0.0,5.0,0
1.2255516315171484,0.41216216216216217,9.0,1.0,0.0,1.0,0
0.36230589549602105,0.125,1.0,1.0,0.0,5.0,0
-0.5009398405251063,0.7347972972972973,9.0,0.0,1.0,0.0,0
-0.832957431302463,0.5591216216216214,4.0,0.0,1.0,0.0,0
0.7607270044288491,0.2567567567567567,2.0,0.0,1.0,5.0,0
-0.5009398405251063,0.8969594594594591,1.0,1.0,0.0,3.0,0
0.8271305225843204,0.6216216216216216,4.0,1.0,0.0,1.0,0
0.36230589549602105,0.699324324324324,6.0,1.0,0.0,5.0,0
-1.430589094701705,0.7635135135135135,6.0,0.0,1.0,1.0,0
0.4287094136514924,0.4763513513513512,2.0,1.0,0.0,4.0,0
1.0927445952062058,0.7837837837837837,7.0,0.0,1.0,5.0,1
0.22949885918507837,0.4391891891891889,4.0,1.0,0.0,4.0,0
-0.1025187315922783,0.6570945945945944,1.0,1.0,0.0,0.0,0
1.2919551496726198,0.5743243243243242,2.0,0.0,1.0,0.0,0
-0.5009398405251063,0.4864864864864863,9.0,0.0,1.0,1.0,0
0.2959023773405497,0.41891891891891875,5.0,0.0,1.0,4.0,0
1.0263410770507344,0.8733108108108109,7.0,1.0,0.0,0.0,0
0.16309534102960704,0.46452702702702686,0.0,0.0,1.0,1.0,0
0.6943234862733777,0.3192567567567567,3.0,0.0,1.0,0.0,0
-0.8993609494579343,0.2989864864864863,0.0,1.0,0.0,4.0,0
2.620025512782046,0.14020270270270263,6.0,1.0,0.0,0.0,0
-1.4969926128571762,0.4408783783783784,1.0,1.0,0.0,4.0,0
-0.3017292860586923,0.4662162162162161,5.0,0.0,1.0,3.0,0
-1.3641855765462336,0.48141891891891875,9.0,1.0,0.0,5.0,0
0.6279199681179064,0.30405405405405384,7.0,1.0,0.0,5.0,0
-0.5673433586805776,0.6807432432432431,3.0,0.0,1.0,5.0,0
0.6279199681179064,0.5827702702702701,0.0,1.0,0.0,3.0,0
1.159148113361677,0.3513513513513512,2.0,1.0,0.0,2.0,0
0.6279199681179064,0.27195945945945954,7.0,1.0,0.0,3.0,0
0.22949885918507837,0.1739864864864865,1.0,1.0,0.0,5.0,0
0.6943234862733777,0.4510135135135135,2.0,0.0,1.0,2.0,0
-0.1025187315922783,0.8969594594594591,3.0,0.0,1.0,4.0,0
0.8271305225843204,0.7770270270270269,6.0,0.0,1.0,1.0,0
-0.16892224974774964,0.733108108108108,9.0,0.0,1.0,2.0,0
1.159148113361677,0.7685810810810808,3.0,1.0,0.0,1.0,0
-0.7001503949915203,0.4374999999999999,2.0,0.0,1.0,3.0,0
-0.16892224974774964,0.22635135135135132,1.0,1.0,0.0,1.0,0
-0.3017292860586923,0.18581081081081074,8.0,1.0,0.0,0.0,0
-0.1025187315922783,0.10472972972972971,3.0,1.0,0.0,4.0,0
-0.23532576790322096,0.06418918918918914,3.0,1.0,0.0,1.0,0
-1.829010203634533,0.7635135135135135,7.0,1.0,0.0,0.0,0
1.2255516315171484,0.33952702702702686,5.0,1.0,0.0,0.0,0
0.22949885918507837,0.6368243243243242,3.0,1.0,0.0,1.0,0
0.4287094136514924,0.33952702702702686,4.0,0.0,1.0,1.0,0
0.8271305225843204,0.25844594594594594,4.0,0.0,1.0,2.0,0
0.2959023773405497,0.7601351351351348,9.0,0.0,1.0,4.0,1
-1.1649750220798196,0.797297297297297,1.0,0.0,1.0,5.0,0
0.8935340407397917,0.10472972972972971,8.0,1.0,0.0,5.0,0
-0.23532576790322096,0.24831081081081063,2.0,1.0,0.0,2.0,0
-1.9618172399454756,0.5861486486486486,4.0,0.0,1.0,4.0,0
1.4911657041390338,0.14695945945945943,5.0,1.0,0.0,5.0,0
0.2959023773405497,0.7010135135135133,7.0,1.0,0.0,4.0,1
-0.7665539131469916,0.46452702702702686,6.0,1.0,0.0,3.0,0
1.2919551496726198,0.3412162162162161,4.0,1.0,0.0,0.0,0
-0.8993609494579343,0.7297297297297295,0.0,1.0,0.0,2.0,0
-0.3681328042141636,0.5523648648648646,1.0,0.0,1.0,1.0,0
0.2959023773405497,0.4104729729729729,5.0,1.0,0.0,1.0,0
-1.231378540235291,0.8023648648648646,9.0,1.0,0.0,3.0,0
-0.633746876836049,0.7618243243243242,8.0,0.0,1.0,2.0,1
-0.23532576790322096,0.49831081081081063,3.0,1.0,0.0,0.0,0
1.4911657041390338,0.7027027027027025,0.0,1.0,0.0,4.0,1
1.8231832949163904,0.5709459459459457,1.0,1.0,0.0,1.0,0
0.8935340407397917,0.5067567567567567,9.0,0.0,1.0,5.0,0
0.6279199681179064,0.7685810810810808,4.0,1.0,0.0,0.0,0
-1.7626066854790616,0.358108108108108,0.0,0.0,1.0,5.0,0
-0.43453632236963496,0.1385135135135135,8.0,0.0,1.0,1.0,0
-0.9657644676134056,0.545608108108108,3.0,1.0,0.0,5.0,0
0.36230589549602105,0.5591216216216214,1.0,1.0,0.0,2.0,0
-0.16892224974774964,0.7229729729729729,5.0,1.0,0.0,1.0,0
0.2959023773405497,0.5709459459459457,7.0,1.0,0.0,3.0,0
-0.832957431302463,0.9712837837837834,5.0,0.0,1.0,1.0,0
-0.7665539131469916,0.9104729729729727,7.0,1.0,0.0,5.0,0
0.6279199681179064,0.5135135135135135,5.0,1.0,0.0,5.0,0
3.084850139870346,0.14020270270270263,7.0,0.0,1.0,3.0,0
0.4287094136514924,0.6773648648648648,0.0,1.0,0.0,2.0,1
1.4247621859835624,0.1739864864864865,3.0,1.0,0.0,1.0,0
-0.5009398405251063,0.358108108108108,4.0,1.0,0.0,1.0,0
-0.633746876836049,0.1908783783783783,1.0,1.0,0.0,3.0,0
-0.832957431302463,0.22972972972972971,5.0,1.0,0.0,3.0,0
2.155200885693747,0.07601351351351349,9.0,1.0,0.0,2.0,0
1.6239727404499764,0.6030405405405402,1.0,1.0,0.0,3.0,1
0.9599375588952631,0.5202702702702701,2.0,0.0,1.0,4.0,0
-1.430589094701705,0.9374999999999997,7.0,1.0,0.0,4.0,0
0.22949885918507837,0.8429054054054052,8.0,1.0,0.0,1.0,0
1.159148113361677,0.6097972972972973,5.0,0.0,1.0,2.0,1
-1.4969926128571762,0.9037162162162161,1.0,0.0,1.0,1.0,0
0.16309534102960704,0.12162162162162149,5.0,0.0,1.0,2.0,0
0.22949885918507837,0.606418918918919,2.0,0.0,1.0,3.0,0
1.0263410770507344,0.4374999999999999,8.0,1.0,0.0,3.0,1
-1.829010203634533,0.3783783783783784,5.0,1.0,0.0,1.0,0
0.22949885918507837,0.6418918918918918,6.0,1.0,0.0,0.0,0
-2.16102779441189,0.6874999999999997,0.0,1.0,0.0,4.0,0
-0.633746876836049,0.7010135135135133,3.0,1.0,0.0,3.0,0
1.0927445952062058,0.5050675675675674,4.0,1.0,0.0,2.0,1
-1.8954137217900044,0.21452702702702686,3.0,1.0,0.0,1.0,0
-1.032167985768877,0.3885135135135135,1.0,1.0,0.0,3.0,0
-0.9657644676134056,0.5236486486486486,6.0,1.0,0.0,2.0,0
-0.43453632236963496,0.8074324324324323,3.0,1.0,0.0,0.0,0
-0.5009398405251063,0.7043918918918918,6.0,0.0,1.0,0.0,0
-0.3017292860586923,0.8124999999999997,9.0,1.0,0.0,5.0,0
-0.3017292860586923,0.7314189189189185,6.0,1.0,0.0,2.0,0
0.2959023773405497,0.47466216216216195,8.0,1.0,0.0,4.0,0
-1.7626066854790616,0.7347972972972973,2.0,1.0,0.0,4.0,1
0.2959023773405497,0.2922297297297295,9.0,1.0,0.0,0.0,0
0.2959023773405497,0.6604729729729727,1.0,1.0,0.0,4.0,1
-0.7001503949915203,0.6216216216216216,7.0,1.0,0.0,1.0,0
0.22949885918507837,0.25168918918918914,7.0,0.0,1.0,1.0,0
0.7607270044288491,0.3547297297297295,8.0,0.0,1.0,0.0,0
2.022393849382804,0.008445945945945943,2.0,0.0,1.0,4.0,1
0.9599375588952631,0.44256756756756743,3.0,1.0,0.0,1.0,0
-0.5009398405251063,0.0692567567567568,3.0,0.0,1.0,5.0,0
-2.758659457811132,0.12162162162162149,7.0,1.0,0.0,5.0,0
0.2959023773405497,0.35641891891891897,0.0,0.0,1.0,1.0,0
0.0966918228741357,0.6148648648648646,3.0,0.0,1.0,2.0,1
-0.9657644676134056,0.30405405405405384,5.0,0.0,1.0,1.0,0
-2.028220758100947,0.9459459459459457,4.0,1.0,0.0,0.0,0
-0.7665539131469916,0.5168918918918918,4.0,1.0,0.0,3.0,0
0.7607270044288491,0.14695945945945943,2.0,1.0,0.0,3.0,0
-0.9657644676134056,0.815878378378378,7.0,1.0,0.0,5.0,1
1.0263410770507344,0.8192567567567567,8.0,0.0,1.0,2.0,1
-0.036115213436806966,0.3344594594594593,1.0,1.0,0.0,0.0,0
-0.633746876836049,0.9425675675675672,8.0,1.0,0.0,5.0,1
0.8935340407397917,0.24155405405405384,6.0,1.0,0.0,0.0,0
0.6943234862733777,0.2922297297297295,0.0,1.0,0.0,5.0,0
-1.1649750220798196,0.4408783783783784,9.0,1.0,0.0,0.0,0
-0.832957431302463,0.33952702702702686,4.0,1.0,0.0,3.0,0
2.354411440160161,0.8091216216216214,1.0,1.0,0.0,5.0,1
-0.5673433586805776,0.9510135135135133,1.0,1.0,0.0,0.0,0
-0.7001503949915203,0.8766891891891891,9.0,0.0,1.0,4.0,0
1.0927445952062058,0.3158783783783784,2.0,0.0,1.0,0.0,0
0.03028830471866437,0.13682432432432423,4.0,1.0,0.0,4.0,0
-0.43453632236963496,0.06587837837837829,0.0,1.0,0.0,3.0,0
0.03028830471866437,0.21790540540540537,5.0,1.0,0.0,4.0,0
0.561516449962435,0.8851351351351348,7.0,1.0,0.0,0.0,0
-1.5633961310126476,0.20270270270270263,4.0,1.0,0.0,5.0,0
0.36230589549602105,0.08277027027027029,9.0,0.0,1.0,4.0,0
-0.1025187315922783,0.14020270270270263,4.0,0.0,1.0,2.0,0
-3.8875192664541443,0.40878378378378366,1.0,0.0,1.0,5.0,0
0.03028830471866437,0.7432432432432431,7.0,1.0,0.0,5.0,0
-0.16892224974774964,0.8834459459459457,7.0,1.0,0.0,3.0,1
-1.2977820583907622,0.447635135135135,9.0,1.0,0.0,1.0,0
0.22949885918507837,0.1739864864864865,6.0,0.0,1.0,0.0,0
-0.832957431302463,0.8935810810810808,9.0,0.0,1.0,2.0,1
-1.7626066854790616,0.6655405405405405,9.0,0.0,1.0,5.0,0
1.159148113361677,0.6233108108108106,0.0,0.0,1.0,4.0,1
-0.3017292860586923,0.6486486486486486,2.0,0.0,1.0,5.0,0
-0.3681328042141636,0.44256756756756743,2.0,0.0,1.0,5.0,0
-0.7665539131469916,0.447635135135135,4.0,1.0,0.0,4.0,0
0.4951129318069637,0.43243243243243235,3.0,0.0,1.0,4.0,0
-0.1025187315922783,0.8834459459459457,6.0,1.0,0.0,2.0,1
-1.629799649168119,0.608108108108108,4.0,1.0,0.0,2.0,0
-1.032167985768877,0.39358108108108103,8.0,1.0,0.0,2.0,0
-1.231378540235291,0.3158783783783784,7.0,1.0,0.0,2.0,0
2.088797367538276,0.8378378378378376,1.0,1.0,0.0,1.0,0
-0.43453632236963496,0.12331081081081063,2.0,0.0,1.0,5.0,0
-1.8954137217900044,0.08277027027027029,2.0,1.0,0.0,0.0,0
0.8271305225843204,0.7635135135135135,5.0,1.0,0.0,5.0,1
0.03028830471866437,0.6233108108108106,7.0,0.0,1.0,2.0,1
0.6279199681179064,0.6790540540540541,5.0,1.0,0.0,1.0,0
0.16309534102960704,0.420608108108108,3.0,1.0,0.0,2.0,0
-0.832957431302463,0.8631756756756755,3.0,0.0,1.0,3.0,0
0.6279199681179064,0.8564189189189185,2.0,0.0,1.0,5.0,1
-0.1025187315922783,0.6841216216216214,4.0,1.0,0.0,5.0,0
-0.16892224974774964,0.6368243243243242,4.0,1.0,0.0,2.0,0
-1.6962031673235902,0.6587837837837834,4.0,1.0,0.0,2.0,1
-0.1025187315922783,0.606418918918919,1.0,1.0,0.0,1.0,0
-0.3017292860586923,0.19256756756756743,8.0,0.0,1.0,3.0,0
0.16309534102960704,0.6047297297297295,5.0,1.0,0.0,3.0,0
0.7607270044288491,0.31756756756756743,0.0,0.0,1.0,4.0,1
-0.633746876836049,0.8513513513513512,7.0,0.0,1.0,2.0,1
-1.1649750220798196,0.5793918918918918,8.0,1.0,0.0,4.0,0
0.561516449962435,0.21959459459459452,6.0,1.0,0.0,2.0,0
0.22949885918507837,0.9087837837837837,5.0,1.0,0.0,0.0,0
-0.7001503949915203,0.44256756756756743,5.0,1.0,0.0,0.0,0
-0.23532576790322096,0.5743243243243242,0.0,1.0,0.0,5.0,0
1.358358667828091,0.19256756756756743,0.0,0.0,1.0,0.0,0
0.6279199681179064,0.9391891891891889,2.0,1.0,0.0,0.0,0
0.9599375588952631,0.27533783783783783,3.0,1.0,0.0,0.0,0
-0.832957431302463,0.886824324324324,9.0,0.0,1.0,2.0,1
-0.5673433586805776,0.32432432432432423,6.0,1.0,0.0,4.0,0
-0.23532576790322096,0.16554054054054046,1.0,0.0,1.0,3.0,0
0.2959023773405497,0.599662162162162,8.0,1.0,0.0,5.0,1
-0.633746876836049,0.8260135135135133,4.0,0.0,1.0,5.0,0
0.16309534102960704,0.5489864864864863,2.0,0.0,1.0,0.0,0
-0.7001503949915203,0.38006756756756743,4.0,0.0,1.0,0.0,0
-0.23532576790322096,0.8175675675675674,8.0,1.0,0.0,1.0,0
-0.43453632236963496,0.7483108108108109,0.0,1.0,0.0,2.0,1
0.561516449962435,0.27195945945945954,4.0,1.0,0.0,5.0,0
-0.5673433586805776,0.11655405405405406,6.0,1.0,0.0,5.0,0
0.0966918228741357,0.20608108108108103,7.0,1.0,0.0,4.0,0
-0.1025187315922783,0.4527027027027025,8.0,1.0,0.0,5.0,0
0.0966918228741357,0.10304054054054057,8.0,1.0,0.0,2.0,0
-0.23532576790322096,0.5523648648648646,0.0,1.0,0.0,5.0,0
0.7607270044288491,0.4104729729729729,5.0,1.0,0.0,3.0,1
-0.23532576790322096,0.7128378378378376,2.0,1.0,0.0,5.0,0
3.084850139870346,0.20945945945945943,5.0,1.0,0.0,2.0,0
-0.3681328042141636,0.46452702702702686,7.0,1.0,0.0,0.0,0
-1.3641855765462336,0.39527027027027006,5.0,0.0,1.0,2.0,0
-0.832957431302463,0.7483108108108109,7.0,0.0,1.0,2.0,0
0.4951129318069637,0.5962837837837837,0.0,1.0,0.0,1.0,0
0.0966918228741357,0.4797297297297295,8.0,0.0,1.0,4.0,0
0.7607270044288491,0.6351351351351352,7.0,0.0,1.0,5.0,1
0.8271305225843204,0.5219594594594593,3.0,1.0,0.0,1.0,0
0.16309534102960704,0.1841216216216215,7.0,0.0,1.0,5.0,0
-0.5673433586805776,0.36317567567567555,7.0,1.0,0.0,5.0,0
-0.9657644676134056,0.7398648648648646,9.0,1.0,0.0,3.0,0
-0.3017292860586923,0.19256756756756743,7.0,0.0,1.0,4.0,0
0.22949885918507837,0.581081081081081,8.0,1.0,0.0,5.0,0
-1.0985715039243482,0.42905405405405406,2.0,0.0,1.0,0.0,0
-0.1025187315922783,0.1638513513513512,8.0,1.0,0.0,0.0,0
-0.036115213436806966,0.6925675675675674,8.0,0.0,1.0,3.0,0
0.0966918228741357,0.581081081081081,8.0,1.0,0.0,3.0,0
-2.16102779441189,0.233108108108108,3.0,1.0,0.0,1.0,0
0.8271305225843204,0.4864864864864863,7.0,1.0,0.0,1.0,0
-1.9618172399454756,0.3124999999999999,6.0,1.0,0.0,3.0,0
1.2255516315171484,0.27027027027027006,9.0,1.0,0.0,3.0,0
0.4951129318069637,0.3749999999999999,7.0,1.0,0.0,0.0,0
-0.7665539131469916,0.706081081081081,3.0,1.0,0.0,1.0,0
0.03028830471866437,0.2499999999999999,1.0,1.0,0.0,0.0,0
0.16309534102960704,0.5287162162162161,5.0,1.0,0.0,1.0,0
0.6279199681179064,0.6148648648648646,0.0,0.0,1.0,0.0,0
-1.9618172399454756,0.913851351351351,5.0,1.0,0.0,3.0,0
0.2959023773405497,0.48479729729729726,1.0,0.0,1.0,3.0,0
0.36230589549602105,0.8344594594594593,3.0,1.0,0.0,4.0,1
0.36230589549602105,0.5591216216216214,5.0,1.0,0.0,4.0,0
-0.8993609494579343,0.16722972972972971,7.0,0.0,1.0,0.0,0
-0.23532576790322096,0.3412162162162161,8.0,1.0,0.0,1.0,0
-1.1649750220798196,0.3986486486486486,1.0,1.0,0.0,0.0,0
0.0966918228741357,0.4341216216216216,7.0,1.0,0.0,1.0,0
0.4287094136514924,0.9189189189189187,7.0,0.0,1.0,1.0,0
-0.9657644676134056,0.7111486486486486,4.0,1.0,0.0,1.0,0
-0.3017292860586923,0.0557432432432432,1.0,1.0,0.0,5.0,0
1.4247621859835624,0.233108108108108,3.0,0.0,1.0,4.0,0
1.2255516315171484,0.48479729729729726,6.0,1.0,0.0,4.0,1
0.16309534102960704,0.9493243243243242,1.0,1.0,0.0,2.0,0
-0.036115213436806966,0.358108108108108,1.0,1.0,0.0,5.0,0
0.6943234862733777,0.4104729729729729,1.0,1.0,0.0,0.0,0
-1.5633961310126476,0.6148648648648646,4.0,1.0,0.0,3.0,0
0.0966918228741357,0.5016891891891889,5.0,1.0,0.0,1.0,0
1.159148113361677,0.672297297297297,2.0,1.0,0.0,3.0,1
-0.1025187315922783,0.16216216216216206,3.0,0.0,1.0,1.0,0
0.03028830471866437,0.7483108108108109,2.0,1.0,0.0,5.0,1
0.8271305225843204,0.26182432432432423,9.0,0.0,1.0,5.0,1
-0.633746876836049,0.3902027027027025,7.0,0.0,1.0,1.0,0
1.0263410770507344,0.46114864864864835,6.0,0.0,1.0,2.0,0
0.8935340407397917,0.9003378378378376,1.0,1.0,0.0,5.0,1
0.4287094136514924,0.5777027027027025,5.0,0.0,1.0,5.0,0
-1.829010203634533,0.44932432432432423,0.0,1.0,0.0,0.0,0
0.4951129318069637,0.6233108108108106,4.0,1.0,0.0,3.0,0
-0.7001503949915203,0.6638513513513512,2.0,1.0,0.0,4.0,0
-0.5009398405251063,0.5624999999999999,7.0,1.0,0.0,2.0,0
0.7607270044288491,0.48141891891891875,9.0,1.0,0.0,4.0,0
-2.0946242762564182,0.21959459459459452,7.0,1.0,0.0,1.0,0
0.9599375588952631,0.49493243243243235,6.0,1.0,0.0,5.0,0
1.0927445952062058,0.7449324324324321,1.0,1.0,0.0,1.0,0
1.159148113361677,0.5202702702702701,2.0,1.0,0.0,4.0,0
0.4287094136514924,0.5388513513513512,9.0,1.0,0.0,3.0,0
-0.633746876836049,0.9560810810810808,4.0,0.0,1.0,2.0,1
-0.3017292860586923,0.41554054054054046,3.0,1.0,0.0,5.0,0
-0.832957431302463,0.23817567567567555,1.0,0.0,1.0,1.0,0
-0.16892224974774964,0.1942567567567568,2.0,0.0,1.0,5.0,0
0.8271305225843204,0.2499999999999999,0.0,1.0,0.0,5.0,0
-0.16892224974774964,0.5574324324324323,1.0,1.0,0.0,2.0,0
-0.7001503949915203,0.14358108108108092,1.0,0.0,1.0,1.0,0
0.4287094136514924,0.4898648648648648,7.0,0.0,1.0,0.0,0
-0.5009398405251063,0.8040540540540541,6.0,1.0,0.0,3.0,0
-1.430589094701705,0.8530405405405402,1.0,1.0,0.0,1.0,0
-0.5009398405251063,0.8040540540540541,2.0,0.0,1.0,3.0,0
1.8895868130718618,0.8851351351351348,6.0,0.0,1.0,2.0,1
-1.5633961310126476,0.1841216216216215,7.0,1.0,0.0,2.0,0
0.22949885918507837,0.5692567567567567,3.0,1.0,0.0,0.0,0
-1.5633961310126476,0.7905405405405405,3.0,0.0,1.0,1.0,0
-1.629799649168119,0.37331081081081063,9.0,0.0,1.0,4.0,0
0.03028830471866437,0.9290540540540536,7.0,0.0,1.0,0.0,0
-1.6962031673235902,0.8108108108108106,4.0,0.0,1.0,4.0,1
0.7607270044288491,0.43243243243243235,2.0,0.0,1.0,4.0,0
-0.23532576790322096,0.5827702702702701,5.0,1.0,0.0,4.0,0
0.8271305225843204,0.9324324324324323,8.0,1.0,0.0,1.0,0
-0.23532576790322096,0.8293918918918916,9.0,1.0,0.0,3.0,1
0.8271305225843204,0.6824324324324323,1.0,1.0,0.0,3.0,1
-1.4969926128571762,0.26182432432432423,4.0,1.0,0.0,5.0,0
0.0966918228741357,0.8952702702702701,5.0,1.0,0.0,3.0,1
-1.829010203634533,0.5405405405405405,2.0,0.0,1.0,5.0,0
-0.16892224974774964,0.4442567567567567,1.0,0.0,1.0,1.0,0
-0.23532576790322096,0.07094594594594594,4.0,0.0,1.0,3.0,0
-0.16892224974774964,0.8057432432432431,5.0,0.0,1.0,0.0,0
0.561516449962435,0.8057432432432431,6.0,0.0,1.0,1.0,0
-0.3681328042141636,0.7263513513513512,2.0,1.0,0.0,2.0,1
-0.23532576790322096,0.5743243243243242,5.0,0.0,1.0,3.0,0
-1.9618172399454756,0.39358108108108103,7.0,1.0,0.0,0.0,0
0.4287094136514924,0.5743243243243242,6.0,0.0,1.0,5.0,0
-0.5009398405251063,0.2804054054054054,6.0,1.0,0.0,0.0,0
0.16309534102960704,0.6874999999999997,2.0,1.0,0.0,0.0,0
-0.9657644676134056,0.17567567567567566,9.0,1.0,0.0,5.0,0
-1.0985715039243482,0.23479729729729726,3.0,1.0,0.0,3.0,0
0.9599375588952631,0.4932432432432431,9.0,1.0,0.0,2.0,1
-0.7001503949915203,0.49831081081081063,0.0,0.0,1.0,1.0,0
-0.23532576790322096,0.48817567567567555,4.0,0.0,1.0,4.0,0
0.36230589549602105,0.7280405405405402,1.0,0.0,1.0,5.0,1
0.0966918228741357,0.3682432432432431,6.0,0.0,1.0,4.0,0
0.4287094136514924,0.5540540540540541,3.0,0.0,1.0,3.0,0
-0.036115213436806966,0.14189189189189177,4.0,1.0,0.0,2.0,0
-0.633746876836049,0.733108108108108,3.0,1.0,0.0,0.0,0
0.03028830471866437,0.2499999999999999,2.0,0.0,1.0,4.0,0
-0.3681328042141636,0.7668918918918918,1.0,1.0,0.0,2.0,1
-0.8993609494579343,0.3834459459459457,6.0,0.0,1.0,5.0,0
-0.7665539131469916,0.14358108108108092,9.0,1.0,0.0,5.0,0
-0.5673433586805776,0.6182432432432429,0.0,0.0,1.0,3.0,1
-1.8954137217900044,0.6047297297297295,6.0,0.0,1.0,3.0,0
-1.430589094701705,0.5135135135135135,4.0,1.0,0.0,4.0,0
-0.23532576790322096,0.15371621621621623,8.0,1.0,0.0,5.0,0
0.4951129318069637,0.7297297297297295,1.0,0.0,1.0,3.0,0
-0.7665539131469916,0.6199324324324323,6.0,0.0,1.0,1.0,0
0.4287094136514924,0.822635135135135,7.0,0.0,1.0,4.0,1
2.155200885693747,0.8547297297297295,0.0,0.0,1.0,1.0,0
-0.5009398405251063,0.3783783783783784,7.0,0.0,1.0,2.0,0
-0.7665539131469916,0.19256756756756743,1.0,1.0,0.0,0.0,0
0.6943234862733777,0.6621621621621622,6.0,0.0,1.0,5.0,0
0.8271305225843204,0.30405405405405384,5.0,0.0,1.0,5.0,0
-1.231378540235291,0.17229729729729715,9.0,1.0,0.0,1.0,0
1.2919551496726198,0.6334459459459457,3.0,1.0,0.0,0.0,1
1.358358667828091,0.41891891891891875,9.0,1.0,0.0,4.0,1
-0.3017292860586923,0.17905405405405395,2.0,0.0,1.0,1.0,0
0.9599375588952631,0.05912162162162149,1.0,1.0,0.0,1.0,0
0.561516449962435,0.4662162162162161,1.0,0.0,1.0,1.0,0
-0.7001503949915203,0.9425675675675672,9.0,0.0,1.0,2.0,0
-1.6962031673235902,0.4104729729729729,0.0,0.0,1.0,2.0,0
1.0263410770507344,0.31418918918918914,6.0,0.0,1.0,1.0,0
-0.5009398405251063,0.010135135135135087,7.0,1.0,0.0,2.0,0
-0.036115213436806966,0.2888513513513512,6.0,0.0,1.0,4.0,0
-0.5673433586805776,0.18918918918918914,3.0,1.0,0.0,4.0,0
1.0263410770507344,0.3260135135135135,9.0,1.0,0.0,3.0,0
-0.5673433586805776,0.8006756756756753,6.0,0.0,1.0,0.0,0
0.8935340407397917,0.14358108108108092,6.0,1.0,0.0,0.0,0
0.8271305225843204,0.6486486486486486,4.0,0.0,1.0,3.0,1
0.0966918228741357,0.545608108108108,3.0,0.0,1.0,3.0,0
0.6279199681179064,0.815878378378378,9.0,1.0,0.0,0.0,0
-0.633746876836049,0.8108108108108106,8.0,1.0,0.0,0.0,0
-0.633746876836049,0.795608108108108,3.0,1.0,0.0,5.0,0
-0.3017292860586923,0.6807432432432431,3.0,0.0,1.0,2.0,1
1.8231832949163904,0.6148648648648646,9.0,1.0,0.0,2.0,1
-0.036115213436806966,0.7922297297297297,5.0,1.0,0.0,5.0,0
0.9599375588952631,0.5354729729729729,5.0,1.0,0.0,5.0,0
0.4951129318069637,0.48141891891891875,5.0,0.0,1.0,0.0,0
-0.7001503949915203,0.5152027027027025,3.0,1.0,0.0,5.0,0
-0.036115213436806966,0.8513513513513512,3.0,1.0,0.0,0.0,0
-1.032167985768877,0.23479729729729726,4.0,1.0,0.0,3.0,0
0.6279199681179064,0.16891891891891886,5.0,1.0,0.0,5.0,0
0.16309534102960704,0.5152027027027025,0.0,1.0,0.0,3.0,0
0.03028830471866437,0.5152027027027025,1.0,1.0,0.0,0.0,0
1.4247621859835624,0.15709459459459452,5.0,1.0,0.0,5.0,0
-0.832957431302463,0.8006756756756753,4.0,1.0,0.0,4.0,0
-0.5673433586805776,0.733108108108108,8.0,0.0,1.0,1.0,0
1.6239727404499764,0.7010135135135133,2.0,0.0,1.0,3.0,1
-1.032167985768877,0.6858108108108106,8.0,1.0,0.0,1.0,0
-0.1025187315922783,0.6520270270270269,5.0,0.0,1.0,2.0,0
0.9599375588952631,0.49831081081081063,9.0,0.0,1.0,3.0,1
0.03028830471866437,0.4543918918918918,3.0,1.0,0.0,2.0,0
-2.825062975966603,0.6199324324324323,4.0,0.0,1.0,0.0,0
-0.7665539131469916,0.6249999999999999,7.0,1.0,0.0,3.0,0
-0.7001503949915203,0.8344594594594593,4.0,1.0,0.0,5.0,0
0.16309534102960704,0.5608108108108106,1.0,1.0,0.0,3.0,0
-1.0985715039243482,0.25844594594594594,3.0,0.0,1.0,0.0,0
-0.3681328042141636,0.8513513513513512,7.0,0.0,1.0,3.0,0
-0.43453632236963496,0.26858108108108103,3.0,1.0,0.0,4.0,0
1.2255516315171484,0.3057432432432431,8.0,1.0,0.0,0.0,0
-0.5009398405251063,0.26520270270270274,3.0,1.0,0.0,1.0,0
-0.7001503949915203,0.8445945945945942,2.0,1.0,0.0,4.0,0
1.4911657041390338,0.8192567567567567,1.0,1.0,0.0,3.0,1
-0.43453632236963496,0.07939189189189177,1.0,1.0,0.0,4.0,0
0.36230589549602105,0.10979729729729726,1.0,1.0,0.0,1.0,0
-0.9657644676134056,0.7702702702702701,6.0,0.0,1.0,5.0,0
-0.036115213436806966,0.6266891891891891,0.0,1.0,0.0,4.0,0
-0.036115213436806966,0.5760135135135135,8.0,0.0,1.0,5.0,0
-0.23532576790322096,0.7837837837837837,8.0,0.0,1.0,0.0,0
-0.8993609494579343,0.15540540540540537,0.0,0.0,1.0,1.0,0
-0.8993609494579343,0.12668918918918914,8.0,0.0,1.0,4.0,0
-0.5673433586805776,0.49155405405405406,8.0,0.0,1.0,2.0,0
0.8271305225843204,0.19256756756756743,8.0,0.0,1.0,1.0,0
0.6279199681179064,0.2668918918918918,9.0,1.0,0.0,0.0,0
0.7607270044288491,0.5287162162162161,8.0,1.0,0.0,5.0,0
-0.16892224974774964,0.22128378378378366,3.0,1.0,0.0,5.0,0
1.0927445952062058,0.6756756756756753,9.0,1.0,0.0,1.0,1
0.16309534102960704,0.18918918918918914,4.0,1.0,0.0,5.0,0
1.358358667828091,0.6452702702702701,1.0,0.0,1.0,0.0,1
-1.5633961310126476,0.27195945945945954,0.0,1.0,0.0,1.0,0
-0.8993609494579343,0.26858108108108103,8.0,1.0,0.0,2.0,0
-1.2977820583907622,0.5523648648648646,8.0,1.0,0.0,1.0,0
-1.0985715039243482,0.20945945945945943,1.0,1.0,0.0,0.0,0
0.16309534102960704,0.8800675675675674,5.0,1.0,0.0,5.0,1
-0.7665539131469916,0.21790540540540537,9.0,0.0,1.0,3.0,0
-0.7001503949915203,0.23479729729729726,2.0,1.0,0.0,0.0,0
0.8935340407397917,0.36993243243243235,8.0,1.0,0.0,3.0,1
0.22949885918507837,0.46283783783783783,7.0,0.0,1.0,1.0,0
1.0263410770507344,0.8395270270270269,7.0,0.0,1.0,2.0,1
-0.3681328042141636,0.8648648648648648,2.0,1.0,0.0,0.0,0
0.2959023773405497,0.17905405405405395,2.0,0.0,1.0,2.0,0
-0.7001503949915203,0.6925675675675674,5.0,1.0,0.0,5.0,0
0.8935340407397917,0.33277027027027006,2.0,1.0,0.0,1.0,0
0.8271305225843204,0.3361486486486486,3.0,0.0,1.0,1.0,0
-0.633746876836049,0.6402027027027025,3.0,1.0,0.0,4.0,1
1.159148113361677,0.1807432432432432,0.0,1.0,0.0,1.0,0
0.9599375588952631,0.26520270270270274,7.0,1.0,0.0,0.0,0
-2.227431312567361,0.18243243243243235,6.0,0.0,1.0,1.0,0
0.22949885918507837,0.7584459459459457,2.0,1.0,0.0,3.0,0
1.0927445952062058,0.29054054054054046,0.0,1.0,0.0,4.0,1
-1.032167985768877,0.733108108108108,4.0,1.0,0.0,5.0,1
-0.5673433586805776,0.34628378378378366,2.0,0.0,1.0,3.0,0
-1.0985715039243482,0.3344594594594593,1.0,1.0,0.0,5.0,0
-1.032167985768877,0.42567567567567555,3.0,1.0,0.0,5.0,0
-0.16892224974774964,0.49831081081081063,6.0,1.0,0.0,2.0,0
-0.633746876836049,0.7432432432432431,1.0,0.0,1.0,3.0,1
-0.3017292860586923,0.8749999999999999,5.0,1.0,0.0,3.0,0
0.22949885918507837,0.15033783783783772,8.0,1.0,0.0,3.0,0
0.8271305225843204,0.6790540540540541,0.0,0.0,1.0,5.0,1
0.16309534102960704,0.5929054054054054,6.0,1.0,0.0,0.0,0
-0.3681328042141636,0.4054054054054054,3.0,1.0,0.0,1.0,0
-0.633746876836049,0.5236486486486486,4.0,0.0,1.0,4.0,0
1.2255516315171484,0.8192567567567567,3.0,0.0,1.0,4.0,1
-1.4969926128571762,0.5320945945945946,2.0,1.0,0.0,3.0,0
0.03028830471866437,0.922297297297297,6.0,0.0,1.0,5.0,0
-0.832957431302463,0.5608108108108106,4.0,0.0,1.0,2.0,0
0.36230589549602105,0.7922297297297297,5.0,1.0,0.0,3.0,0
0.8935340407397917,0.7263513513513512,2.0,0.0,1.0,5.0,1
-0.7001503949915203,0.3412162162162161,1.0,0.0,1.0,3.0,0
-0.036115213436806966,0.8564189189189185,7.0,0.0,1.0,2.0,0
0.4951129318069637,0.6655405405405405,1.0,0.0,1.0,3.0,0
0.4287094136514924,0.5472972972972973,3.0,1.0,0.0,1.0,0
0.16309534102960704,0.5489864864864863,3.0,1.0,0.0,5.0,0
-1.629799649168119,0.6672297297297297,5.0,0.0,1.0,0.0,0
0.6279199681179064,0.23141891891891886,9.0,0.0,1.0,2.0,0
-0.7665539131469916,0.8648648648648648,8.0,1.0,0.0,4.0,0
1.0927445952062058,0.8716216216216214,6.0,0.0,1.0,4.0,1
-0.16892224974774964,0.7415540540540538,5.0,1.0,0.0,1.0,0
-1.2977820583907622,0.4037162162162161,2.0,0.0,1.0,5.0,0
0.22949885918507837,0.7162162162162159,7.0,1.0,0.0,1.0,0
-0.23532576790322096,0.9070945945945944,3.0,1.0,0.0,0.0,0
1.2255516315171484,0.9391891891891889,7.0,1.0,0.0,5.0,1
0.4287094136514924,0.3614864864864863,2.0,0.0,1.0,4.0,0
-1.9618172399454756,0.5219594594594593,3.0,1.0,0.0,3.0,0
-0.633746876836049,0.33952702702702686,6.0,0.0,1.0,2.0,0
-1.1649750220798196,0.46452702702702686,0.0,0.0,1.0,0.0,0
2.553621994626575,0.6621621621621622,7.0,1.0,0.0,1.0,0
-0.7665539131469916,0.1739864864864865,6.0,1.0,0.0,2.0,0
2.752832549092989,0.40878378378378366,1.0,1.0,0.0,0.0,0
-0.633746876836049,0.1283783783783783,6.0,1.0,0.0,1.0,0
1.8895868130718618,0.699324324324324,2.0,1.0,0.0,1.0,0
1.2255516315171484,0.46790540540540515,2.0,1.0,0.0,0.0,0
1.0927445952062058,0.5033783783783782,5.0,0.0,1.0,0.0,0
-1.4969926128571762,0.8057432432432431,2.0,0.0,1.0,1.0,0
-0.036115213436806966,0.7635135135135135,3.0,1.0,0.0,2.0,0
-0.9657644676134056,0.35641891891891897,4.0,1.0,0.0,4.0,0
2.088797367538276,0.40202702702702686,1.0,0.0,1.0,5.0,1
-0.036115213436806966,0.8006756756756753,8.0,1.0,0.0,5.0,1
-0.7001503949915203,0.5016891891891889,1.0,1.0,0.0,0.0,0
-1.231378540235291,0.4543918918918918,4.0,0.0,1.0,3.0,0
-0.16892224974774964,0.8175675675675674,9.0,1.0,0.0,2.0,1
0.8935340407397917,0.6165540540540538,0.0,0.0,1.0,3.0,1
-0.036115213436806966,0.5844594594594593,8.0,1.0,0.0,2.0,0
-1.4969926128571762,0.9054054054054054,5.0,0.0,1.0,2.0,1
0.22949885918507837,0.48479729729729726,9.0,0.0,1.0,2.0,0
-0.5009398405251063,0.1739864864864865,1.0,1.0,0.0,3.0,0
-2.16102779441189,0.8192567567567567,6.0,0.0,1.0,3.0,1
2.686429030937518,0.8327702702702703,2.0,0.0,1.0,1.0,0
0.8935340407397917,0.46283783783783783,8.0,0.0,1.0,5.0,0
0.561516449962435,0.9510135135135133,6.0,0.0,1.0,3.0,0
-0.5673433586805776,0.699324324324324,2.0,0.0,1.0,4.0,1
-0.16892224974774964,0.30743243243243235,0.0,1.0,0.0,1.0,0
-1.231378540235291,0.4307432432432431,1.0,0.0,1.0,5.0,0
-0.633746876836049,0.7770270270270269,9.0,1.0,0.0,2.0,0
-1.231378540235291,0.7804054054054052,2.0,0.0,1.0,1.0,0
0.7607270044288491,0.29391891891891897,4.0,0.0,1.0,0.0,0
0.4951129318069637,0.22972972972972971,6.0,1.0,0.0,3.0,0
0.16309534102960704,0.5152027027027025,9.0,0.0,1.0,1.0,0
1.0263410770507344,0.3885135135135135,6.0,0.0,1.0,2.0,0
1.6903762586054478,0.125,9.0,1.0,0.0,5.0,0
0.7607270044288491,0.787162162162162,8.0,1.0,0.0,1.0,0
1.358358667828091,0.795608108108108,4.0,1.0,0.0,4.0,1
0.2959023773405497,0.8108108108108106,6.0,1.0,0.0,5.0,1
3.881692357736002,0.22804054054054046,7.0,1.0,0.0,3.0,1
-1.231378540235291,0.9679054054054052,6.0,1.0,0.0,4.0,0
-0.9657644676134056,0.7314189189189185,2.0,1.0,0.0,5.0,0
0.0966918228741357,0.26520270270270274,9.0,1.0,0.0,1.0,0
0.4951129318069637,0.5641891891891891,5.0,0.0,1.0,5.0,0
1.0263410770507344,0.4864864864864863,3.0,0.0,1.0,5.0,0
0.8271305225843204,0.6030405405405402,8.0,1.0,0.0,0.0,0
0.561516449962435,0.43581081081081063,1.0,0.0,1.0,2.0,0
1.0263410770507344,0.724662162162162,9.0,0.0,1.0,5.0,1
-1.231378540235291,0.8074324324324323,6.0,0.0,1.0,5.0,1
0.36230589549602105,0.8260135135135133,9.0,0.0,1.0,5.0,0
-0.16892224974774964,0.3513513513513512,6.0,1.0,0.0,0.0,0
-0.16892224974774964,0.46790540540540515,9.0,0.0,1.0,4.0,0
1.8231832949163904,0.20270270270270263,1.0,1.0,0.0,3.0,0
2.022393849382804,0.8378378378378376,7.0,1.0,0.0,0.0,0
-0.036115213436806966,0.48817567567567555,2.0,1.0,0.0,3.0,0
-0.43453632236963496,0.672297297297297,9.0,0.0,1.0,4.0,1
-0.036115213436806966,0.5202702702702701,1.0,1.0,0.0,4.0,0
2.28800792200469,0.2668918918918918,2.0,1.0,0.0,1.0,0
0.0966918228741357,0.795608108108108,2.0,0.0,1.0,0.0,0
0.0966918228741357,0.4104729729729729,8.0,1.0,0.0,0.0,0
0.4951129318069637,0.39527027027027006,1.0,1.0,0.0,4.0,0
-0.7665539131469916,0.8074324324324323,4.0,1.0,0.0,4.0,0
0.16309534102960704,0.1773648648648648,6.0,0.0,1.0,4.0,0
0.561516449962435,0.6908783783783784,2.0,1.0,0.0,4.0,0
-1.0985715039243482,0.3260135135135135,7.0,1.0,0.0,3.0,0
0.22949885918507837,0.5253378378378378,6.0,1.0,0.0,4.0,0
0.8935340407397917,0.7922297297297297,4.0,1.0,0.0,0.0,0
1.159148113361677,0.12162162162162149,8.0,1.0,0.0,0.0,0
1.955990331227333,0.29729729729729726,8.0,0.0,1.0,2.0,0
-0.036115213436806966,0.608108108108108,7.0,1.0,0.0,5.0,0
-0.9657644676134056,0.47128378378378366,7.0,1.0,0.0,3.0,0
-0.9657644676134056,0.3513513513513512,3.0,1.0,0.0,0.0,0
0.16309534102960704,0.1976351351351351,6.0,0.0,1.0,0.0,0
-1.0985715039243482,0.322635135135135,4.0,0.0,1.0,2.0,0
-0.036115213436806966,0.4307432432432431,7.0,0.0,1.0,1.0,0
0.4951129318069637,0.6858108108108106,1.0,1.0,0.0,2.0,0
0.0966918228741357,0.606418918918919,9.0,0.0,1.0,3.0,0
-0.3681328042141636,0.8766891891891891,7.0,1.0,0.0,2.0,1
-0.7001503949915203,0.5591216216216214,1.0,0.0,1.0,1.0,0
2.420814958315632,0.2533783783783784,0.0,0.0,1.0,4.0,0
-1.032167985768877,0.6959459459459457,8.0,1.0,0.0,2.0,0
1.4247621859835624,0.706081081081081,1.0,0.0,1.0,3.0,1
0.03028830471866437,0.5506756756756755,5.0,0.0,1.0,5.0,0
0.0966918228741357,0.7077702702702703,5.0,0.0,1.0,1.0,0
-1.3641855765462336,0.545608108108108,6.0,1.0,0.0,0.0,0
0.03028830471866437,0.4932432432432431,9.0,1.0,0.0,4.0,0
-0.16892224974774964,0.8445945945945942,1.0,0.0,1.0,1.0,0
-0.43453632236963496,0.6047297297297295,4.0,0.0,1.0,2.0,1
-1.0985715039243482,0.24831081081081063,8.0,0.0,1.0,0.0,0
0.561516449962435,0.6469594594594591,3.0,1.0,0.0,2.0,1
1.358358667828091,0.7820945945945944,2.0,1.0,0.0,0.0,0
-0.832957431302463,0.5506756756756755,6.0,0.0,1.0,2.0,0
-2.6922559396556602,0.7584459459459457,1.0,0.0,1.0,3.0,1
-1.032167985768877,0.3091216216216216,8.0,1.0,0.0,4.0,0
0.0966918228741357,0.6841216216216214,4.0,1.0,0.0,1.0,0
0.8271305225843204,0.42567567567567555,3.0,0.0,1.0,3.0,0
-1.9618172399454756,0.5236486486486486,2.0,1.0,0.0,4.0,0
-0.8993609494579343,0.26351351351351326,6.0,1.0,0.0,4.0,0
0.36230589549602105,0.670608108108108,9.0,0.0,1.0,5.0,1
-1.032167985768877,0.16554054054054046,8.0,1.0,0.0,4.0,0
-1.4969926128571762,0.8091216216216214,6.0,1.0,0.0,3.0,1
0.36230589549602105,0.22804054054054046,2.0,1.0,0.0,5.0,0
2.221604403849218,0.2668918918918918,5.0,0.0,1.0,2.0,0
-0.633746876836049,0.5912162162162159,8.0,0.0,1.0,0.0,0
-0.633746876836049,0.31756756756756743,9.0,0.0,1.0,0.0,0
-0.3017292860586923,0.15878378378378377,0.0,0.0,1.0,1.0,0
-1.032167985768877,0.7939189189189187,8.0,1.0,0.0,1.0,0
0.2959023773405497,0.385135135135135,7.0,0.0,1.0,1.0,0
0.2959023773405497,0.6283783783783782,3.0,1.0,0.0,4.0,0
0.03028830471866437,0.21959459459459452,5.0,0.0,1.0,1.0,0
0.4287094136514924,0.4527027027027025,9.0,0.0,1.0,1.0,0
0.6279199681179064,0.8175675675675674,4.0,1.0,0.0,4.0,1
0.7607270044288491,0.5523648648648646,8.0,1.0,0.0,1.0,0
-0.5009398405251063,0.8293918918918916,0.0,0.0,1.0,5.0,0
1.0927445952062058,0.8986486486486484,8.0,0.0,1.0,3.0,1
-0.036115213436806966,0.822635135135135,4.0,1.0,0.0,3.0,0
0.2959023773405497,0.4307432432432431,9.0,1.0,0.0,5.0,0
-0.036115213436806966,0.5320945945945946,8.0,1.0,0.0,0.0,0
0.22949885918507837,0.6959459459459457,3.0,0.0,1.0,2.0,0
0.22949885918507837,0.984797297297297,6.0,0.0,1.0,2.0,1
1.358358667828091,0.7516891891891891,9.0,1.0,0.0,2.0,1
-2.4930453851892462,0.5050675675675674,0.0,1.0,0.0,5.0,0
0.2959023773405497,0.3260135135135135,9.0,0.0,1.0,4.0,0
0.22949885918507837,0.2364864864864865,9.0,1.0,0.0,3.0,0
0.0966918228741357,0.8293918918918916,1.0,1.0,0.0,2.0,0
1.6903762586054478,0.822635135135135,3.0,1.0,0.0,2.0,1
-1.1649750220798196,0.3445945945945944,8.0,1.0,0.0,1.0,0
-0.23532576790322096,0.29729729729729726,2.0,1.0,0.0,3.0,0
0.03028830471866437,0.30067567567567555,4.0,1.0,0.0,0.0,0
-0.43453632236963496,0.8902027027027025,1.0,1.0,0.0,3.0,1
-0.8993609494579343,0.7162162162162159,1.0,1.0,0.0,5.0,0
1.4247621859835624,0.920608108108108,0.0,1.0,0.0,4.0,1
0.6943234862733777,0.2466216216216216,3.0,1.0,0.0,5.0,0
0.16309534102960704,0.7347972972972973,9.0,1.0,0.0,2.0,0
0.16309534102960704,0.32432432432432423,0.0,1.0,0.0,0.0,0
-0.5673433586805776,0.4662162162162161,3.0,1.0,0.0,2.0,0
0.7607270044288491,0.5557432432432431,7.0,1.0,0.0,3.0,0
0.8271305225843204,0.8260135135135133,5.0,1.0,0.0,2.0,1
-0.832957431302463,0.1739864864864865,9.0,0.0,1.0,3.0,0
-0.5673433586805776,0.7263513513513512,8.0,0.0,1.0,3.0,1
0.22949885918507837,0.3766891891891889,5.0,1.0,0.0,1.0,0
0.4951129318069637,0.36655405405405406,8.0,1.0,0.0,3.0,0
1.0927445952062058,0.3682432432432431,5.0,1.0,0.0,3.0,0
1.6903762586054478,0.6503378378378378,5.0,1.0,0.0,0.0,0
0.7607270044288491,0.18243243243243235,2.0,1.0,0.0,3.0,1
-0.7001503949915203,0.6773648648648648,0.0,1.0,0.0,1.0,0
0.36230589549602105,0.4138513513513512,8.0,0.0,1.0,4.0,0
2.088797367538276,0.5067567567567567,2.0,1.0,0.0,3.0,0
1.159148113361677,0.3361486486486486,5.0,1.0,0.0,0.0,0
1.557569222294505,0.49155405405405406,6.0,1.0,0.0,3.0,1
0.8271305225843204,0.12331081081081063,4.0,1.0,0.0,0.0,0
-1.1649750220798196,0.9679054054054052,4.0,0.0,1.0,5.0,0
-1.3641855765462336,0.4729729729729729,6.0,1.0,0.0,3.0,0
-2.0946242762564182,0.25844594594594594,3.0,0.0,1.0,3.0,0
0.16309534102960704,0.48817567567567555,1.0,0.0,1.0,5.0,0
0.561516449962435,0.26182432432432423,4.0,0.0,1.0,3.0,0
-1.4969926128571762,0.5033783783783782,9.0,1.0,0.0,5.0,0
-0.5673433586805776,0.7212837837837837,4.0,1.0,0.0,3.0,0
1.4911657041390338,0.32094594594594594,3.0,1.0,0.0,0.0,0
-0.16892224974774964,0.5422297297297295,7.0,0.0,1.0,0.0,0
1.0263410770507344,0.22128378378378366,1.0,1.0,0.0,3.0,0
0.2959023773405497,0.2922297297297295,4.0,1.0,0.0,4.0,0
0.8935340407397917,0.6841216216216214,0.0,1.0,0.0,3.0,1
-0.036115213436806966,0.8648648648648648,3.0,1.0,0.0,1.0,0
0.6279199681179064,0.9374999999999997,1.0,0.0,1.0,3.0,1
0.36230589549602105,0.5692567567567567,2.0,1.0,0.0,5.0,0
0.8935340407397917,0.0557432432432432,0.0,1.0,0.0,5.0,0
-0.8993609494579343,0.3057432432432431,6.0,1.0,0.0,2.0,0
-0.16892224974774964,0.09966216216216206,9.0,1.0,0.0,3.0,0
0.8271305225843204,0.44932432432432423,9.0,0.0,1.0,5.0,0
0.8271305225843204,0.6756756756756753,8.0,1.0,0.0,3.0,1
-0.036115213436806966,0.31756756756756743,5.0,1.0,0.0,0.0,0
-0.7665539131469916,0.3513513513513512,8.0,1.0,0.0,2.0,0
0.4287094136514924,0.849662162162162,6.0,0.0,1.0,3.0,0
0.8271305225843204,0.6824324324324323,4.0,1.0,0.0,1.0,0
1.358358667828091,0.8327702702702703,7.0,0.0,1.0,5.0,1
-1.032167985768877,0.7381756756756755,5.0,1.0,0.0,1.0,0
-0.9657644676134056,0.2398648648648648,1.0,0.0,1.0,1.0,0
-0.3017292860586923,0.15033783783783772,6.0,1.0,0.0,1.0,0
-0.3017292860586923,0.260135135135135,2.0,1.0,0.0,5.0,0
-0.036115213436806966,0.41891891891891875,3.0,1.0,0.0,4.0,0
1.8895868130718618,0.4307432432432431,0.0,0.0,1.0,3.0,0
-0.633746876836049,0.7989864864864863,5.0,0.0,1.0,4.0,0
-1.0985715039243482,0.8766891891891891,3.0,0.0,1.0,2.0,1
0.2959023773405497,0.11655405405405406,7.0,0.0,1.0,1.0,0
0.2959023773405497,0.37331081081081063,3.0,0.0,1.0,5.0,0
1.6903762586054478,0.483108108108108,0.0,0.0,1.0,2.0,0
-0.7001503949915203,0.3902027027027025,5.0,1.0,0.0,0.0,0
-0.43453632236963496,0.26182432432432423,2.0,0.0,1.0,1.0,0
0.7607270044288491,0.6925675675675674,6.0,1.0,0.0,5.0,1
-1.231378540235291,0.17905405405405395,5.0,1.0,0.0,1.0,0
-0.3681328042141636,0.8378378378378376,4.0,1.0,0.0,5.0,0
0.22949885918507837,0.7195945945945946,7.0,1.0,0.0,4.0,0
0.2959023773405497,0.4239864864864863,5.0,1.0,0.0,0.0,0
-0.832957431302463,0.7043918918918918,9.0,0.0,1.0,2.0,0
0.6279199681179064,0.7212837837837837,0.0,0.0,1.0,1.0,0
0.4951129318069637,0.47128378378378366,4.0,1.0,0.0,2.0,0
-0.633746876836049,0.5270270270270269,2.0,0.0,1.0,0.0,0
0.0966918228741357,0.08614864864864857,7.0,0.0,1.0,2.0,0
0.2959023773405497,0.2854729729729729,5.0,0.0,1.0,4.0,0
-0.3017292860586923,0.24831081081081063,5.0,1.0,0.0,0.0,0
1.2255516315171484,0.48141891891891875,2.0,0.0,1.0,5.0,0
-0.7665539131469916,0.4104729729729729,4.0,1.0,0.0,1.0,0
-1.629799649168119,0.7077702702702703,8.0,1.0,0.0,3.0,0
1.6239727404499764,0.8800675675675674,0.0,1.0,0.0,5.0,1
-1.1649750220798196,0.9983108108108104,3.0,0.0,1.0,0.0,0
0.4287094136514924,0.2820945945945944,8.0,0.0,1.0,3.0,0
0.561516449962435,0.25506756756756743,0.0,1.0,0.0,0.0,0
1.0263410770507344,0.8733108108108109,4.0,1.0,0.0,0.0,1
0.2959023773405497,0.14864864864864857,2.0,1.0,0.0,1.0,0
0.4951129318069637,0.699324324324324,3.0,1.0,0.0,2.0,1
-0.5009398405251063,0.4307432432432431,9.0,0.0,1.0,1.0,0
-2.360238348878304,0.16722972972972971,3.0,1.0,0.0,1.0,0
0.4951129318069637,0.1351351351351351,4.0,1.0,0.0,4.0,0
-0.3017292860586923,0.3986486486486486,0.0,0.0,1.0,2.0,0
-0.8993609494579343,0.4763513513513512,1.0,1.0,0.0,1.0,0
1.0263410770507344,0.28716216216216217,7.0,0.0,1.0,0.0,0
-1.1649750220798196,0.8344594594594593,3.0,0.0,1.0,3.0,0
-1.430589094701705,0.4054054054054054,8.0,0.0,1.0,2.0,0
-0.3681328042141636,0.912162162162162,2.0,1.0,0.0,5.0,0
0.8935340407397917,0.16216216216216206,0.0,0.0,1.0,4.0,0
-0.7001503949915203,0.19932432432432423,0.0,0.0,1.0,4.0,0
-0.8993609494579343,0.40202702702702686,3.0,0.0,1.0,5.0,0
0.2959023773405497,0.5135135135135135,3.0,1.0,0.0,5.0,0
-0.9657644676134056,0.5709459459459457,9.0,1.0,0.0,1.0,0
-0.5009398405251063,0.2820945945945944,4.0,1.0,0.0,1.0,0
0.6279199681179064,0.020270270270270285,0.0,1.0,0.0,5.0,0
0.4951129318069637,0.6182432432432429,3.0,1.0,0.0,3.0,0
0.36230589549602105,0.22128378378378366,3.0,1.0,0.0,4.0,0
-1.2977820583907622,0.7094594594594593,6.0,0.0,1.0,3.0,0
-0.8993609494579343,0.19594594594594594,1.0,0.0,1.0,0.0,0
-0.8993609494579343,0.21452702702702686,6.0,0.0,1.0,4.0,0
-1.829010203634533,0.7179054054054052,0.0,0.0,1.0,2.0,1
2.686429030937518,0.21959459459459452,5.0,1.0,0.0,5.0,0
0.7607270044288491,0.1638513513513512,7.0,0.0,1.0,2.0,0
0.36230589549602105,0.7635135135135135,1.0,1.0,0.0,0.0,0
0.22949885918507837,0.38682432432432423,0.0,1.0,0.0,3.0,0
0.2959023773405497,0.13344594594594594,3.0,1.0,0.0,5.0,0
-1.032167985768877,0.6013513513513512,2.0,1.0,0.0,2.0,0
1.0263410770507344,0.6249999999999999,3.0,1.0,0.0,1.0,0
-1.231378540235291,0.3969594594594593,0.0,1.0,0.0,4.0,0
2.686429030937518,0.4594594594594593,5.0,1.0,0.0,5.0,0
0.36230589549602105,0.8108108108108106,7.0,0.0,1.0,3.0,0
-1.032167985768877,0.4459459459459457,5.0,1.0,0.0,3.0,0
-0.5673433586805776,0.6773648648648648,2.0,1.0,0.0,5.0,1
-0.23532576790322096,0.22128378378378366,5.0,0.0,1.0,5.0,0
0.0966918228741357,0.31081081081081063,1.0,1.0,0.0,3.0,0
-0.036115213436806966,0.5675675675675674,0.0,1.0,0.0,1.0,0
0.6943234862733777,0.20608108108108103,6.0,1.0,0.0,3.0,0
-0.7001503949915203,0.26520270270270274,6.0,1.0,0.0,0.0,0
-1.032167985768877,0.1385135135135135,4.0,1.0,0.0,1.0,0
-0.633746876836049,0.3091216216216216,1.0,0.0,1.0,0.0,0
-0.036115213436806966,0.7381756756756755,8.0,1.0,0.0,3.0,1
-1.6962031673235902,0.5033783783783782,0.0,0.0,1.0,0.0,0
0.561516449962435,0.15371621621621623,3.0,0.0,1.0,0.0,0
0.6279199681179064,0.8006756756756753,5.0,1.0,0.0,4.0,1
-0.23532576790322096,0.6942567567567567,4.0,1.0,0.0,2.0,0
0.22949885918507837,0.7652027027027025,8.0,1.0,0.0,3.0,1
-0.5009398405251063,0.8209459459459457,5.0,0.0,1.0,0.0,0
-1.8954137217900044,0.7094594594594593,4.0,0.0,1.0,1.0,0
0.16309534102960704,0.3918918918918918,9.0,0.0,1.0,1.0,0
-1.231378540235291,0.125,0.0,1.0,0.0,4.0,0
-0.8993609494579343,0.9510135135135133,9.0,1.0,0.0,1.0,0
1.6239727404499764,0.233108108108108,9.0,1.0,0.0,5.0,0
-0.16892224974774964,0.38682432432432423,6.0,0.0,1.0,0.0,0
-1.1649750220798196,0.4864864864864863,1.0,0.0,1.0,3.0,0
-1.6962031673235902,0.31081081081081063,0.0,1.0,0.0,0.0,0
-0.43453632236963496,0.8665540540540538,6.0,1.0,0.0,0.0,0
-1.231378540235291,0.8006756756756753,6.0,0.0,1.0,0.0,0
0.4951129318069637,0.14864864864864857,0.0,1.0,0.0,4.0,0
-1.5633961310126476,0.5405405405405405,1.0,0.0,1.0,2.0,0
-0.9657644676134056,0.07263513513513509,1.0,1.0,0.0,3.0,0
0.22949885918507837,0.22635135135135132,6.0,0.0,1.0,0.0,0
0.6943234862733777,0.6013513513513512,5.0,1.0,0.0,1.0,0
0.8935340407397917,0.8834459459459457,4.0,0.0,1.0,2.0,1
0.6943234862733777,0.19256756756756743,6.0,0.0,1.0,0.0,0
0.2959023773405497,0.7162162162162159,0.0,1.0,0.0,2.0,0
1.955990331227333,0.5270270270270269,5.0,1.0,0.0,2.0,0
1.8231832949163904,0.9307432432432431,5.0,0.0,1.0,2.0,1
0.6279199681179064,0.14358108108108092,6.0,0.0,1.0,3.0,0
-0.633746876836049,0.09121621621621623,8.0,1.0,0.0,0.0,0
-0.633746876836049,0.5135135135135135,1.0,0.0,1.0,4.0,0
2.155200885693747,0.060810810810810856,7.0,1.0,0.0,5.0,1
-0.23532576790322096,0.9307432432432431,3.0,1.0,0.0,0.0,0
0.4287094136514924,0.39527027027027006,5.0,0.0,1.0,0.0,0
-1.7626066854790616,0.15878378378378377,2.0,1.0,0.0,2.0,0
-0.3681328042141636,0.6621621621621622,6.0,1.0,0.0,4.0,0
-0.7665539131469916,0.5979729729729729,1.0,0.0,1.0,5.0,1
-0.23532576790322096,0.11317567567567566,7.0,1.0,0.0,4.0,0
0.0966918228741357,0.2820945945945944,4.0,0.0,1.0,5.0,0
-0.16892224974774964,0.7516891891891891,9.0,0.0,1.0,3.0,0
-1.4969926128571762,0.5388513513513512,4.0,0.0,1.0,4.0,0
0.03028830471866437,0.358108108108108,7.0,1.0,0.0,3.0,0
-1.0985715039243482,0.6570945945945944,1.0,0.0,1.0,0.0,0
0.8271305225843204,0.07770270270270263,7.0,1.0,0.0,0.0,0
0.22949885918507837,0.4172297297297295,7.0,0.0,1.0,4.0,0
-1.3641855765462336,0.21621621621621623,0.0,1.0,0.0,5.0,0
1.6239727404499764,0.16554054054054046,8.0,1.0,0.0,4.0,1
-0.8993609494579343,0.21283783783783772,4.0,1.0,0.0,4.0,0
1.0263410770507344,0.8733108108108109,2.0,1.0,0.0,4.0,1
1.0927445952062058,0.20608108108108103,6.0,1.0,0.0,5.0,0
0.0966918228741357,0.47128378378378366,6.0,1.0,0.0,0.0,0
1.756779776760919,0.6672297297297297,5.0,1.0,0.0,5.0,1
2.155200885693747,0.18243243243243235,7.0,0.0,1.0,2.0,0
0.0966918228741357,0.5608108108108106,0.0,0.0,1.0,5.0,0
-0.16892224974774964,0.22635135135135132,3.0,0.0,1.0,5.0,0
-0.43453632236963496,0.35304054054054046,3.0,1.0,0.0,4.0,0
0.9599375588952631,0.8885135135135135,2.0,1.0,0.0,5.0,1
-0.43453632236963496,0.5084459459459457,3.0,1.0,0.0,4.0,0
-1.3641855765462336,0.6604729729729727,9.0,0.0,1.0,1.0,0
-1.8954137217900044,0.5895270270270269,8.0,1.0,0.0,3.0,0
0.36230589549602105,0.5760135135135135,4.0,1.0,0.0,0.0,0
2.28800792200469,0.8581081081081078,5.0,1.0,0.0,2.0,1
1.0927445952062058,0.2364864864864865,3.0,1.0,0.0,3.0,0
1.0927445952062058,0.06756756756756754,7.0,1.0,0.0,1.0,0
-0.3017292860586923,0.8091216216216214,3.0,0.0,1.0,1.0,0
-0.16892224974774964,0.6756756756756753,9.0,1.0,0.0,1.0,0
0.4951129318069637,0.5422297297297295,3.0,0.0,1.0,4.0,0
0.0966918228741357,0.6266891891891891,6.0,1.0,0.0,4.0,0
0.561516449962435,0.21621621621621623,3.0,1.0,0.0,3.0,0
0.9599375588952631,0.31756756756756743,0.0,1.0,0.0,5.0,0
-0.633746876836049,0.09459459459459452,1.0,1.0,0.0,2.0,0
0.6279199681179064,0.849662162162162,8.0,0.0,1.0,1.0,0
-0.43453632236963496,0.5574324324324323,1.0,1.0,0.0,3.0,0
0.0966918228741357,0.5168918918918918,0.0,1.0,0.0,2.0,0
-0.5009398405251063,0.32094594594594594,0.0,1.0,0.0,4.0,0
2.088797367538276,0.6655405405405405,3.0,1.0,0.0,1.0,0
0.16309534102960704,0.7432432432432431,4.0,0.0,1.0,1.0,0
-1.0985715039243482,0.14358108108108092,4.0,1.0,0.0,5.0,0
-0.7665539131469916,0.8074324324324323,0.0,1.0,0.0,4.0,0
-1.3641855765462336,0.10472972972972971,1.0,1.0,0.0,3.0,0
0.4287094136514924,0.7145270270270269,9.0,1.0,0.0,2.0,0
0.6943234862733777,0.8631756756756755,8.0,1.0,0.0,0.0,0
-0.23532576790322096,0.41554054054054046,2.0,0.0,1.0,0.0,0
1.2919551496726198,0.5253378378378378,5.0,0.0,1.0,2.0,0
1.358358667828091,0.45608108108108103,7.0,1.0,0.0,2.0,0
0.561516449962435,0.23817567567567555,9.0,1.0,0.0,4.0,0
0.8271305225843204,0.8986486486486484,8.0,1.0,0.0,0.0,1
0.0966918228741357,0.08108108108108092,6.0,0.0,1.0,5.0,0
0.22949885918507837,0.47128378378378366,8.0,1.0,0.0,2.0,0
0.8935340407397917,0.8783783783783782,8.0,0.0,1.0,2.0,1
0.6279199681179064,0.6604729729729727,2.0,0.0,1.0,5.0,1
-0.5673433586805776,0.20439189189189177,3.0,0.0,1.0,5.0,0
-1.3641855765462336,0.20945945945945943,7.0,1.0,0.0,0.0,0
0.4287094136514924,0.17229729729729715,2.0,1.0,0.0,3.0,0
-0.7001503949915203,0.8986486486486484,5.0,1.0,0.0,3.0,0
0.16309534102960704,0.483108108108108,9.0,1.0,0.0,5.0,0
0.8935340407397917,0.9527027027027025,3.0,1.0,0.0,4.0,1
1.955990331227333,0.7922297297297297,6.0,0.0,1.0,2.0,1
0.16309534102960704,0.060810810810810856,3.0,1.0,0.0,3.0,0
-0.036115213436806966,0.12668918918918914,5.0,0.0,1.0,2.0,0
1.4911657041390338,0.6047297297297295,9.0,0.0,1.0,2.0,1
-0.43453632236963496,0.49155405405405406,1.0,1.0,0.0,3.0,0
-1.829010203634533,0.3749999999999999,0.0,1.0,0.0,4.0,0
1.4911657041390338,0.3918918918918918,1.0,1.0,0.0,5.0,0
1.0263410770507344,0.4307432432432431,7.0,0.0,1.0,1.0,0
-0.43453632236963496,0.8462837837837837,4.0,1.0,0.0,3.0,0
-1.3641855765462336,0.8327702702702703,8.0,1.0,0.0,3.0,1
-0.8993609494579343,0.5033783783783782,6.0,1.0,0.0,1.0,0
1.557569222294505,0.46283783783783783,8.0,1.0,0.0,5.0,1
-0.832957431302463,0.6148648648648646,4.0,1.0,0.0,4.0,0
-0.5673433586805776,0.7179054054054052,9.0,0.0,1.0,3.0,1
0.9599375588952631,0.599662162162162,9.0,0.0,1.0,1.0,0
0.6279199681179064,0.8834459459459457,7.0,1.0,0.0,5.0,0
-1.430589094701705,0.8462837837837837,5.0,1.0,0.0,3.0,0
0.561516449962435,0.22297297297297292,4.0,1.0,0.0,2.0,0
-0.7001503949915203,0.5658783783783782,0.0,0.0,1.0,1.0,0
0.561516449962435,0.5219594594594593,2.0,0.0,1.0,1.0,0
0.8935340407397917,0.41216216216216217,4.0,1.0,0.0,5.0,1
0.6279199681179064,0.15709459459459452,3.0,0.0,1.0,4.0,0
-1.4969926128571762,0.32094594594594594,8.0,1.0,0.0,5.0,0
-0.3681328042141636,0.8749999999999999,2.0,1.0,0.0,3.0,0
0.0966918228741357,0.8091216216216214,9.0,1.0,0.0,4.0,0
1.358358667828091,0.3023648648648648,3.0,1.0,0.0,1.0,0
0.22949885918507837,0.7145270270270269,4.0,1.0,0.0,0.0,0
-0.7665539131469916,0.7347972972972973,7.0,1.0,0.0,4.0,0
-0.5009398405251063,0.7736486486486484,0.0,1.0,0.0,1.0,0
0.36230589549602105,0.7719594594594591,4.0,0.0,1.0,2.0,0
0.4287094136514924,0.8462837837837837,9.0,1.0,0.0,3.0,0
-0.7001503949915203,0.518581081081081,8.0,0.0,1.0,2.0,0
-0.1025187315922783,0.6773648648648648,5.0,1.0,0.0,2.0,0
-0.7001503949915203,0.19256756756756743,3.0,1.0,0.0,3.0,0
0.9599375588952631,0.447635135135135,1.0,0.0,1.0,5.0,1
1.6239727404499764,0.6621621621621622,8.0,0.0,1.0,5.0,1
-1.0985715039243482,0.795608108108108,2.0,0.0,1.0,1.0,0
-0.7665539131469916,0.41216216216216217,7.0,1.0,0.0,1.0,0
-1.4969926128571762,0.9881756756756755,7.0,1.0,0.0,0.0,0
-0.832957431302463,0.3547297297297295,6.0,1.0,0.0,0.0,0
0.8935340407397917,0.3648648648648648,4.0,0.0,1.0,4.0,1
1.358358667828091,0.7162162162162159,4.0,0.0,1.0,2.0,1
0.6943234862733777,0.6131756756756755,2.0,0.0,1.0,2.0,1
1.2255516315171484,0.1875,3.0,1.0,0.0,0.0,0
0.36230589549602105,0.18581081081081074,2.0,0.0,1.0,3.0,0
-0.5009398405251063,0.8885135135135135,7.0,1.0,0.0,5.0,0
-0.633746876836049,0.47128378378378366,2.0,1.0,0.0,3.0,0
0.561516449962435,0.8614864864864863,7.0,0.0,1.0,3.0,0
0.7607270044288491,0.48479729729729726,6.0,1.0,0.0,3.0,1
0.4951129318069637,0.20270270270270263,3.0,0.0,1.0,1.0,0
-0.3681328042141636,0.26182432432432423,9.0,0.0,1.0,0.0,0
-0.43453632236963496,0.10979729729729726,6.0,1.0,0.0,0.0,0
0.03028830471866437,0.17229729729729715,6.0,1.0,0.0,3.0,0
1.2919551496726198,0.49493243243243235,8.0,1.0,0.0,1.0,0
0.03028830471866437,0.8479729729729729,8.0,0.0,1.0,1.0,0
0.2959023773405497,0.14695945945945943,6.0,0.0,1.0,3.0,0
1.2255516315171484,0.4070945945945946,4.0,0.0,1.0,0.0,0
0.561516449962435,0.1942567567567568,2.0,1.0,0.0,0.0,0
0.8271305225843204,0.6655405405405405,8.0,1.0,0.0,4.0,1
1.4247621859835624,0.795608108108108,5.0,0.0,1.0,3.0,1
-0.23532576790322096,0.2787162162162161,2.0,1.0,0.0,2.0,0
-2.360238348878304,0.6418918918918918,7.0,1.0,0.0,2.0,0
-1.9618172399454756,0.5152027027027025,7.0,1.0,0.0,0.0,0
1.557569222294505,0.7381756756756755,3.0,1.0,0.0,5.0,1
-0.3017292860586923,0.125,1.0,1.0,0.0,5.0,0
0.7607270044288491,0.26858108108108103,0.0,0.0,1.0,5.0,0
0.4287094136514924,0.08952702702702697,7.0,1.0,0.0,3.0,0
0.7607270044288491,0.35304054054054046,2.0,1.0,0.0,2.0,0
0.6279199681179064,0.5135135135135135,8.0,1.0,0.0,0.0,0
1.0927445952062058,0.36993243243243235,2.0,0.0,1.0,5.0,0
-0.16892224974774964,0.13006756756756743,5.0,1.0,0.0,3.0,0
1.159148113361677,0.7905405405405405,8.0,1.0,0.0,2.0,1
0.8935340407397917,0.49831081081081063,1.0,1.0,0.0,4.0,1
-0.1025187315922783,0.30067567567567555,8.0,0.0,1.0,2.0,0
-0.633746876836049,0.672297297297297,8.0,1.0,0.0,2.0,1
0.36230589549602105,0.6942567567567567,0.0,1.0,0.0,5.0,1
0.22949885918507837,0.8175675675675674,2.0,1.0,0.0,1.0,0
0.7607270044288491,0.20945945945945943,4.0,0.0,1.0,0.0,0
-0.5009398405251063,0.0557432432432432,1.0,0.0,1.0,1.0,0
-0.43453632236963496,0.35979729729729726,7.0,0.0,1.0,2.0,0
1.2919551496726198,0.27027027027027006,8.0,0.0,1.0,4.0,0
-0.7001503949915203,0.8969594594594591,7.0,1.0,0.0,1.0,0
-1.0985715039243482,0.545608108108108,3.0,1.0,0.0,0.0,0
-1.3641855765462336,0.8851351351351348,1.0,1.0,0.0,3.0,0
-0.7665539131469916,0.7415540540540538,5.0,0.0,1.0,3.0,0
-0.7665539131469916,0.3158783783783784,6.0,1.0,0.0,3.0,0
0.561516449962435,0.09290540540540537,7.0,1.0,0.0,5.0,0
-1.3641855765462336,0.08614864864864857,5.0,1.0,0.0,0.0,0
-1.3641855765462336,0.9442567567567567,5.0,1.0,0.0,0.0,0
1.2919551496726198,0.40878378378378366,5.0,1.0,0.0,0.0,0
-0.7665539131469916,0.14527027027027029,0.0,0.0,1.0,5.0,0
0.36230589549602105,0.6266891891891891,4.0,0.0,1.0,3.0,0
0.6943234862733777,0.18918918918918914,3.0,1.0,0.0,5.0,0
0.4287094136514924,0.295608108108108,2.0,1.0,0.0,2.0,0
-0.16892224974774964,0.3091216216216216,9.0,1.0,0.0,5.0,0
1.4247621859835624,0.6249999999999999,6.0,0.0,1.0,2.0,1
1.756779776760919,0.6554054054054052,2.0,1.0,0.0,4.0,1
-1.7626066854790616,0.31756756756756743,8.0,0.0,1.0,4.0,0
-0.1025187315922783,0.4662162162162161,9.0,0.0,1.0,1.0,0
0.2959023773405497,0.7516891891891891,9.0,0.0,1.0,3.0,0
-0.5673433586805776,0.5608108108108106,3.0,0.0,1.0,2.0,0
-1.3641855765462336,0.3192567567567567,4.0,1.0,0.0,0.0,0
-0.23532576790322096,0.322635135135135,0.0,1.0,0.0,0.0,0
0.8271305225843204,0.7449324324324321,1.0,1.0,0.0,2.0,1
0.36230589549602105,0.17229729729729715,2.0,1.0,0.0,2.0,0
-0.036115213436806966,0.7804054054054052,5.0,1.0,0.0,1.0,0
2.28800792200469,0.21621621621621623,6.0,1.0,0.0,1.0,0
-1.2977820583907622,0.8716216216216214,3.0,0.0,1.0,0.0,0
0.2959023773405497,0.3749999999999999,3.0,0.0,1.0,3.0,0
-1.4969926128571762,0.28716216216216217,1.0,1.0,0.0,4.0,0
1.756779776760919,0.7027027027027025,5.0,1.0,0.0,5.0,1
0.6943234862733777,0.4070945945945946,7.0,0.0,1.0,3.0,0
-1.2977820583907622,0.35979729729729726,1.0,0.0,1.0,2.0,0
0.0966918228741357,0.21452702702702686,8.0,1.0,0.0,1.0,0
0.4951129318069637,0.4408783783783784,2.0,1.0,0.0,2.0,0
-0.3017292860586923,0.47128378378378366,4.0,1.0,0.0,0.0,0
2.022393849382804,0.6790540540540541,9.0,1.0,0.0,4.0,1
1.2255516315171484,0.6047297297297295,0.0,1.0,0.0,2.0,1
-0.43453632236963496,0.48479729729729726,9.0,1.0,0.0,2.0,0
-0.16892224974774964,0.6469594594594591,6.0,1.0,0.0,0.0,0
-0.7665539131469916,0.5793918918918918,3.0,0.0,1.0,2.0,0
0.16309534102960704,0.2804054054054054,6.0,1.0,0.0,4.0,0
1.6239727404499764,0.9527027027027025,7.0,0.0,1.0,3.0,1
0.8935340407397917,0.6824324324324323,9.0,0.0,1.0,0.0,0
0.4287094136514924,0.12162162162162149,0.0,1.0,0.0,0.0,0
1.4911657041390338,0.797297297297297,2.0,0.0,1.0,0.0,0
0.36230589549602105,0.4999999999999999,9.0,1.0,0.0,4.0,0
1.2919551496726198,0.24831081081081063,1.0,1.0,0.0,0.0,0
-1.0985715039243482,0.26351351351351326,8.0,1.0,0.0,5.0,0
-0.5673433586805776,0.8209459459459457,3.0,1.0,0.0,1.0,0
1.2255516315171484,0.5878378378378376,6.0,0.0,1.0,0.0,1
-1.8954137217900044,0.510135135135135,4.0,0.0,1.0,3.0,0
-1.3641855765462336,0.3614864864864863,9.0,1.0,0.0,5.0,0
-1.231378540235291,0.22466216216216206,9.0,1.0,0.0,1.0,0
0.4287094136514924,0.09121621621621623,4.0,1.0,0.0,2.0,0
0.8935340407397917,0.5692567567567567,9.0,1.0,0.0,2.0,0
1.557569222294505,0.4374999999999999,9.0,0.0,1.0,2.0,0
0.6279199681179064,0.46790540540540515,7.0,0.0,1.0,4.0,0
-0.7001503949915203,0.23817567567567555,7.0,1.0,0.0,0.0,0
-0.036115213436806966,0.3682432432432431,3.0,0.0,1.0,2.0,0
-0.036115213436806966,0.3885135135135135,1.0,0.0,1.0,5.0,0
-0.23532576790322096,0.3445945945945944,1.0,1.0,0.0,5.0,0
0.561516449962435,0.5405405405405405,6.0,0.0,1.0,5.0,0
0.36230589549602105,0.9324324324324323,5.0,1.0,0.0,3.0,0
0.0966918228741357,0.24831081081081063,9.0,0.0,1.0,2.0,0
0.03028830471866437,0.14358108108108092,6.0,0.0,1.0,2.0,0
0.2959023773405497,0.22635135135135132,8.0,0.0,1.0,3.0,0
-1.7626066854790616,0.9662162162162159,7.0,0.0,1.0,0.0,0
1.6903762586054478,0.6891891891891889,3.0,0.0,1.0,1.0,0
1.6239727404499764,0.3412162162162161,4.0,1.0,0.0,1.0,0
-0.1025187315922783,0.19932432432432423,9.0,0.0,1.0,0.0,0
-1.1649750220798196,0.6097972972972973,3.0,1.0,0.0,0.0,0
0.03028830471866437,0.16216216216216206,1.0,1.0,0.0,2.0,0
-1.8954137217900044,0.13682432432432423,5.0,1.0,0.0,0.0,0
-0.036115213436806966,0.10641891891891886,6.0,0.0,1.0,1.0,0
0.8935340407397917,0.9273648648648646,1.0,1.0,0.0,2.0,1
1.0263410770507344,0.7635135135135135,3.0,1.0,0.0,5.0,1
0.6943234862733777,0.10304054054054057,5.0,0.0,1.0,0.0,0
-0.5009398405251063,0.9898648648648648,2.0,1.0,0.0,1.0,0
-1.6962031673235902,0.6249999999999999,4.0,1.0,0.0,4.0,0
-1.231378540235291,0.42905405405405406,5.0,0.0,1.0,4.0,0
0.8935340407397917,0.4898648648648648,1.0,0.0,1.0,2.0,1
1.0927445952062058,0.6097972972972973,7.0,1.0,0.0,1.0,0
0.6943234862733777,0.9408783783783782,1.0,0.0,1.0,1.0,0
1.159148113361677,0.3614864864864863,1.0,1.0,0.0,2.0,1
1.159148113361677,0.6013513513513512,7.0,0.0,1.0,0.0,0
-2.4930453851892462,0.510135135135135,7.0,0.0,1.0,4.0,0
0.7607270044288491,0.7027027027027025,6.0,0.0,1.0,5.0,1
0.36230589549602105,0.5540540540540541,4.0,1.0,0.0,4.0,0
-0.3681328042141636,0.8564189189189185,3.0,0.0,1.0,5.0,0
-0.633746876836049,0.2567567567567567,9.0,0.0,1.0,2.0,0
-0.5009398405251063,0.7162162162162159,2.0,1.0,0.0,4.0,0
-0.8993609494579343,0.3766891891891889,8.0,1.0,0.0,5.0,0
-0.3017292860586923,0.7094594594594593,6.0,1.0,0.0,1.0,0
-0.036115213436806966,0.5878378378378376,8.0,0.0,1.0,0.0,0
-0.5673433586805776,0.16722972972972971,9.0,1.0,0.0,1.0,0
1.0927445952062058,0.672297297297297,5.0,1.0,0.0,4.0,1
0.4951129318069637,0.5827702702702701,4.0,0.0,1.0,3.0,0
-0.7001503949915203,0.5118243243243242,8.0,0.0,1.0,5.0,0
0.561516449962435,0.8192567567567567,6.0,1.0,0.0,3.0,0
0.6943234862733777,0.2432432432432433,4.0,1.0,0.0,1.0,0
0.16309534102960704,0.19594594594594594,6.0,1.0,0.0,2.0,0
0.6943234862733777,0.4307432432432431,9.0,0.0,1.0,3.0,0
-0.23532576790322096,0.7787162162162161,9.0,0.0,1.0,4.0,1
-1.430589094701705,0.545608108108108,8.0,0.0,1.0,2.0,0
-0.43453632236963496,0.34966216216216217,9.0,1.0,0.0,0.0,0
0.0966918228741357,0.45777027027027006,8.0,0.0,1.0,5.0,0
-0.633746876836049,0.6182432432432429,3.0,1.0,0.0,5.0,0
-0.633746876836049,0.14527027027027029,4.0,1.0,0.0,5.0,0
-0.9657644676134056,0.49155405405405406,9.0,0.0,1.0,5.0,0
-0.9657644676134056,0.31418918918918914,1.0,0.0,1.0,5.0,0
-1.1649750220798196,0.20439189189189177,1.0,0.0,1.0,4.0,0
-0.633746876836049,0.035472972972972916,1.0,1.0,0.0,5.0,0
0.4951129318069637,0.1182432432432432,6.0,1.0,0.0,3.0,0
-2.028220758100947,0.5641891891891891,2.0,1.0,0.0,4.0,0
2.155200885693747,0.10472972972972971,4.0,0.0,1.0,5.0,1
-1.1649750220798196,0.2854729729729729,6.0,1.0,0.0,4.0,0
0.561516449962435,0.5304054054054052,2.0,1.0,0.0,3.0,0
-0.1025187315922783,0.8040540540540541,5.0,1.0,0.0,1.0,0
-1.032167985768877,0.22972972972972971,9.0,1.0,0.0,3.0,0
1.6239727404499764,0.6537162162162161,2.0,1.0,0.0,5.0,1
-0.5673433586805776,0.7668918918918918,9.0,1.0,0.0,0.0,0
-0.3017292860586923,0.2922297297297295,8.0,0.0,1.0,4.0,0
-0.43453632236963496,0.6891891891891889,0.0,0.0,1.0,2.0,0
0.0966918228741357,0.8631756756756755,0.0,0.0,1.0,2.0,1
0.03028830471866437,0.5084459459459457,0.0,1.0,0.0,3.0,0
0.8271305225843204,0.14020270270270263,1.0,1.0,0.0,1.0,0
0.16309534102960704,0.5777027027027025,7.0,1.0,0.0,5.0,0
1.4247621859835624,0.7922297297297297,4.0,1.0,0.0,3.0,1
-1.1649750220798196,0.8277027027027025,3.0,1.0,0.0,0.0,0
0.03028830471866437,0.572635135135135,9.0,0.0,1.0,3.0,0
0.8271305225843204,0.20608108108108103,3.0,1.0,0.0,4.0,1
-0.036115213436806966,0.29729729729729726,0.0,0.0,1.0,0.0,0
2.022393849382804,0.5287162162162161,1.0,1.0,0.0,1.0,0
-0.5673433586805776,0.45608108108108103,5.0,1.0,0.0,4.0,0
0.4287094136514924,0.8108108108108106,7.0,0.0,1.0,5.0,0
-0.23532576790322096,0.46283783783783783,3.0,1.0,0.0,1.0,0
-1.032167985768877,0.39527027027027006,7.0,1.0,0.0,0.0,0
-2.426641867033775,0.8479729729729729,6.0,1.0,0.0,0.0,0
-0.5673433586805776,0.3344594594594593,4.0,1.0,0.0,1.0,0
1.6239727404499764,0.5033783783783782,5.0,0.0,1.0,0.0,0
0.4951129318069637,0.42229729729729726,7.0,1.0,0.0,1.0,0
-0.7665539131469916,0.6756756756756753,4.0,1.0,0.0,1.0,0
-2.028220758100947,0.7162162162162159,7.0,1.0,0.0,4.0,1
0.16309534102960704,0.6216216216216216,8.0,1.0,0.0,5.0,0
0.22949885918507837,0.822635135135135,0.0,1.0,0.0,3.0,0
-0.7001503949915203,0.21452702702702686,7.0,1.0,0.0,3.0,0
-1.430589094701705,0.4442567567567567,6.0,1.0,0.0,3.0,0
-0.23532576790322096,0.8614864864864863,1.0,1.0,0.0,3.0,1
0.6943234862733777,0.7162162162162159,2.0,1.0,0.0,5.0,0
0.0966918228741357,0.15033783783783772,9.0,0.0,1.0,1.0,0
-0.7665539131469916,0.5439189189189187,4.0,0.0,1.0,0.0,0
-1.231378540235291,0.8817567567567565,6.0,0.0,1.0,1.0,0
1.2919551496726198,0.7550675675675674,4.0,1.0,0.0,5.0,1
0.0966918228741357,0.6486486486486486,2.0,1.0,0.0,4.0,1
-0.23532576790322096,0.4442567567567567,9.0,1.0,0.0,1.0,0
-0.5673433586805776,0.6858108108108106,1.0,1.0,0.0,5.0,0
0.2959023773405497,0.14695945945945943,4.0,1.0,0.0,0.0,0
0.8271305225843204,0.2787162162162161,5.0,1.0,0.0,5.0,0
0.6279199681179064,0.7145270270270269,6.0,0.0,1.0,0.0,0
0.8935340407397917,0.5168918918918918,4.0,1.0,0.0,3.0,0
0.0966918228741357,0.6959459459459457,0.0,1.0,0.0,4.0,0
-2.0946242762564182,0.9020270270270269,2.0,1.0,0.0,0.0,0
0.22949885918507837,0.8935810810810808,3.0,1.0,0.0,4.0,1
-0.3681328042141636,0.5506756756756755,8.0,0.0,1.0,4.0,0
0.9599375588952631,0.6216216216216216,4.0,1.0,0.0,1.0,0
0.9599375588952631,0.28378378378378366,5.0,1.0,0.0,2.0,0
0.7607270044288491,0.29729729729729726,5.0,0.0,1.0,4.0,0
-0.832957431302463,0.8293918918918916,5.0,0.0,1.0,3.0,0
2.81923606724846,0.49155405405405406,2.0,1.0,0.0,2.0,0
-1.4969926128571762,0.48479729729729726,5.0,1.0,0.0,1.0,0
-1.829010203634533,0.2787162162162161,8.0,0.0,1.0,3.0,0
-2.16102779441189,0.9290540540540536,8.0,0.0,1.0,4.0,0
1.159148113361677,0.447635135135135,8.0,1.0,0.0,2.0,1
-0.036115213436806966,0.11655405405405406,5.0,0.0,1.0,2.0,0
-0.5009398405251063,0.8952702702702701,7.0,1.0,0.0,5.0,0
-0.43453632236963496,0.22128378378378366,5.0,0.0,1.0,5.0,0
1.0263410770507344,0.7364864864864863,8.0,1.0,0.0,3.0,1
1.0263410770507344,0.2668918918918918,5.0,1.0,0.0,5.0,0
0.8271305225843204,0.8412162162162159,7.0,0.0,1.0,2.0,1
-1.829010203634533,0.1841216216216215,2.0,1.0,0.0,0.0,0
-0.1025187315922783,0.20608108108108103,6.0,1.0,0.0,5.0,0
-1.9618172399454756,0.1841216216216215,4.0,1.0,0.0,1.0,0
1.0263410770507344,0.5050675675675674,0.0,1.0,0.0,2.0,0
-0.7001503949915203,0.5084459459459457,1.0,0.0,1.0,5.0,0
-0.43453632236963496,0.706081081081081,4.0,1.0,0.0,1.0,0
0.0966918228741357,0.11317567567567566,3.0,0.0,1.0,3.0,0
0.9599375588952631,0.32094594594594594,3.0,1.0,0.0,3.0,0
-0.5009398405251063,0.797297297297297,0.0,0.0,1.0,5.0,0
-0.036115213436806966,0.5827702702702701,3.0,1.0,0.0,5.0,0
0.561516449962435,0.29391891891891897,6.0,1.0,0.0,4.0,0
-0.5009398405251063,0.2736486486486486,7.0,1.0,0.0,2.0,0
0.9599375588952631,0.35979729729729726,4.0,1.0,0.0,3.0,0
1.0927445952062058,0.30405405405405384,9.0,1.0,0.0,2.0,1
-0.23532576790322096,0.5253378378378378,9.0,1.0,0.0,2.0,0
1.2919551496726198,0.2820945945945944,0.0,1.0,0.0,4.0,0
-1.430589094701705,0.26351351351351326,8.0,1.0,0.0,4.0,0
0.03028830471866437,0.20777027027027017,9.0,1.0,0.0,0.0,0
0.36230589549602105,0.6604729729729727,2.0,1.0,0.0,5.0,1
-0.3017292860586923,0.22972972972972971,8.0,1.0,0.0,0.0,0
0.4287094136514924,0.7652027027027025,0.0,1.0,0.0,0.0,0
0.16309534102960704,0.7668918918918918,6.0,0.0,1.0,4.0,0
0.6279199681179064,0.2888513513513512,5.0,1.0,0.0,5.0,0
-0.7665539131469916,0.8023648648648646,9.0,1.0,0.0,4.0,1
0.9599375588952631,0.9358108108108106,9.0,0.0,1.0,5.0,1
-0.3017292860586923,0.9189189189189187,7.0,1.0,0.0,3.0,0
0.9599375588952631,0.6824324324324323,9.0,0.0,1.0,4.0,1
-0.23532576790322096,0.08783783783783772,8.0,0.0,1.0,2.0,0
0.8935340407397917,0.26182432432432423,5.0,0.0,1.0,2.0,0
1.2919551496726198,0.6165540540540538,7.0,0.0,1.0,3.0,1
0.4287094136514924,0.322635135135135,1.0,0.0,1.0,4.0,0
0.4287094136514924,0.20777027027027017,9.0,0.0,1.0,4.0,0
-1.1649750220798196,0.21790540540540537,7.0,1.0,0.0,4.0,0
-1.5633961310126476,0.21452702702702686,5.0,1.0,0.0,4.0,0
0.03028830471866437,0.7550675675675674,6.0,0.0,1.0,2.0,0
-0.9657644676134056,0.6351351351351352,0.0,1.0,0.0,1.0,0
0.03028830471866437,0.40202702702702686,4.0,1.0,0.0,0.0,0
-0.23532576790322096,0.44256756756756743,8.0,1.0,0.0,4.0,0
0.4287094136514924,0.31081081081081063,3.0,1.0,0.0,2.0,0
-2.0946242762564182,0.20270270270270263,4.0,1.0,0.0,2.0,0
-0.16892224974774964,0.9797297297297295,2.0,1.0,0.0,2.0,0
-0.633746876836049,0.32432432432432423,6.0,1.0,0.0,3.0,0
0.36230589549602105,0.7162162162162159,5.0,0.0,1.0,1.0,0
-0.1025187315922783,0.6418918918918918,2.0,0.0,1.0,0.0,0
-1.7626066854790616,0.9594594594594593,8.0,1.0,0.0,0.0,0
-0.5673433586805776,0.22466216216216206,6.0,1.0,0.0,2.0,0
-0.7001503949915203,0.8749999999999999,0.0,1.0,0.0,5.0,0
1.358358667828091,0.2567567567567567,3.0,1.0,0.0,2.0,1
-0.832957431302463,0.5067567567567567,3.0,1.0,0.0,1.0,0
-0.23532576790322096,0.2466216216216216,4.0,1.0,0.0,2.0,0
-0.036115213436806966,0.6621621621621622,7.0,0.0,1.0,5.0,0
-0.036115213436806966,0.21621621621621623,8.0,0.0,1.0,5.0,0
0.6943234862733777,0.2736486486486486,8.0,1.0,0.0,2.0,0
0.4951129318069637,0.36655405405405406,9.0,1.0,0.0,1.0,0
-1.032167985768877,0.920608108108108,8.0,0.0,1.0,1.0,0
0.03028830471866437,0.5337837837837837,7.0,1.0,0.0,5.0,0
1.557569222294505,0.1283783783783783,5.0,0.0,1.0,3.0,0
1.0263410770507344,0.43243243243243235,9.0,0.0,1.0,1.0,0
-0.5009398405251063,0.8479729729729729,9.0,0.0,1.0,5.0,1
0.8271305225843204,0.23141891891891886,0.0,1.0,0.0,4.0,1
0.6943234862733777,0.4037162162162161,5.0,1.0,0.0,2.0,0
0.0966918228741357,0.6283783783783782,0.0,1.0,0.0,0.0,0
2.221604403849218,0.8547297297297295,1.0,1.0,0.0,1.0,0
0.36230589549602105,0.4594594594594593,2.0,1.0,0.0,2.0,0
-1.4969926128571762,0.1317567567567568,6.0,0.0,1.0,2.0,0
-0.7665539131469916,0.8547297297297295,4.0,1.0,0.0,0.0,0
1.557569222294505,0.2736486486486486,0.0,0.0,1.0,4.0,0
3.350464212492231,0.6959459459459457,2.0,1.0,0.0,0.0,1
-0.633746876836049,0.7280405405405402,8.0,1.0,0.0,5.0,1
0.6943234862733777,0.3412162162162161,9.0,0.0,1.0,1.0,0
-0.633746876836049,0.3902027027027025,2.0,1.0,0.0,3.0,0
0.6279199681179064,0.7652027027027025,2.0,1.0,0.0,2.0,0
-1.2977820583907622,0.15878378378378377,6.0,1.0,0.0,4.0,0
-1.3641855765462336,0.7787162162162161,5.0,1.0,0.0,0.0,0
-0.036115213436806966,0.37331081081081063,8.0,1.0,0.0,2.0,0
0.2959023773405497,0.4273648648648648,7.0,1.0,0.0,5.0,0
1.557569222294505,0.3445945945945944,4.0,1.0,0.0,2.0,1
0.22949885918507837,0.3023648648648648,2.0,0.0,1.0,0.0,0
-1.5633961310126476,0.49155405405405406,5.0,0.0,1.0,4.0,0
-1.6962031673235902,0.8834459459459457,7.0,1.0,0.0,3.0,0
-2.2938348307228322,0.9155405405405405,9.0,0.0,1.0,5.0,0
-0.3681328042141636,0.7516891891891891,8.0,1.0,0.0,5.0,0
-1.032167985768877,0.6402027027027025,9.0,0.0,1.0,0.0,0
1.557569222294505,0.6368243243243242,6.0,1.0,0.0,3.0,1
-0.43453632236963496,0.14695945945945943,5.0,0.0,1.0,1.0,0
1.358358667828091,0.1351351351351351,1.0,0.0,1.0,1.0,0
-0.43453632236963496,0.17567567567567566,9.0,1.0,0.0,1.0,0
-1.3641855765462336,0.6638513513513512,0.0,1.0,0.0,4.0,1
-0.43453632236963496,0.3986486486486486,8.0,0.0,1.0,0.0,0
0.9599375588952631,0.8902027027027025,5.0,1.0,0.0,5.0,1
0.03028830471866437,0.5624999999999999,1.0,0.0,1.0,5.0,0
0.2959023773405497,0.30743243243243235,0.0,1.0,0.0,5.0,0
1.159148113361677,0.5118243243243242,0.0,1.0,0.0,5.0,0
0.7607270044288491,0.545608108108108,5.0,1.0,0.0,3.0,0
1.955990331227333,0.3158783783783784,1.0,1.0,0.0,5.0,0
-0.7665539131469916,0.5236486486486486,7.0,1.0,0.0,5.0,0
1.4247621859835624,0.4864864864864863,6.0,1.0,0.0,0.0,0
-0.036115213436806966,0.5152027027027025,9.0,1.0,0.0,2.0,0
0.8935340407397917,0.06756756756756754,2.0,0.0,1.0,1.0,0
-0.1025187315922783,0.8006756756756753,2.0,1.0,0.0,4.0,0
-0.832957431302463,0.5760135135135135,2.0,1.0,0.0,2.0,0
0.2959023773405497,0.38006756756756743,6.0,0.0,1.0,5.0,0
0.2959023773405497,0.4510135135135135,9.0,1.0,0.0,5.0,0
2.155200885693747,0.5320945945945946,4.0,1.0,0.0,0.0,0
-0.3681328042141636,0.22466216216216206,2.0,1.0,0.0,5.0,0
-1.2977820583907622,0.15202702702702708,4.0,1.0,0.0,4.0,0
1.159148113361677,0.4391891891891889,9.0,1.0,0.0,5.0,0
0.16309534102960704,0.545608108108108,0.0,0.0,1.0,3.0,0
1.0263410770507344,0.8057432432432431,4.0,0.0,1.0,5.0,1
-0.633746876836049,0.7094594594594593,6.0,1.0,0.0,5.0,0
0.2959023773405497,0.8902027027027025,5.0,1.0,0.0,4.0,1
1.0263410770507344,0.5050675675675674,9.0,1.0,0.0,0.0,0
-1.1649750220798196,0.15540540540540537,9.0,1.0,0.0,3.0,0
-0.9657644676134056,0.8445945945945942,4.0,1.0,0.0,2.0,0
-0.7665539131469916,0.7668918918918918,6.0,1.0,0.0,5.0,0
-0.7665539131469916,0.5608108108108106,6.0,1.0,0.0,0.0,0
0.16309534102960704,0.35304054054054046,2.0,1.0,0.0,3.0,0
0.8271305225843204,0.6773648648648648,1.0,1.0,0.0,4.0,1
-1.4969926128571762,0.8935810810810808,6.0,1.0,0.0,3.0,0
0.03028830471866437,0.22297297297297292,0.0,0.0,1.0,0.0,0
1.6903762586054478,0.48141891891891875,2.0,1.0,0.0,0.0,0
-0.16892224974774964,0.16891891891891886,4.0,1.0,0.0,3.0,0
1.0263410770507344,0.4442567567567567,8.0,1.0,0.0,3.0,0
1.358358667828091,0.572635135135135,0.0,1.0,0.0,5.0,1
1.159148113361677,0.4864864864864863,7.0,1.0,0.0,1.0,0
-0.1025187315922783,0.36317567567567555,7.0,0.0,1.0,4.0,0
-0.43453632236963496,0.447635135135135,3.0,0.0,1.0,0.0,0
0.22949885918507837,0.8479729729729729,9.0,1.0,0.0,0.0,0
0.561516449962435,0.6486486486486486,2.0,0.0,1.0,4.0,1
-0.3017292860586923,0.510135135135135,5.0,1.0,0.0,3.0,0
-0.832957431302463,0.23479729729729726,1.0,1.0,0.0,5.0,0
0.561516449962435,0.8023648648648646,1.0,1.0,0.0,4.0,0
-0.1025187315922783,0.8124999999999997,2.0,1.0,0.0,4.0,0
-0.43453632236963496,0.21452702702702686,8.0,0.0,1.0,3.0,0
0.36230589549602105,0.0523648648648648,6.0,1.0,0.0,1.0,0
-0.43453632236963496,0.6385135135135135,3.0,1.0,0.0,4.0,1
0.0966918228741357,0.7736486486486484,8.0,0.0,1.0,1.0,0
-1.2977820583907622,0.30405405405405384,7.0,1.0,0.0,3.0,0
-0.23532576790322096,0.7162162162162159,1.0,1.0,0.0,0.0,0
0.36230589549602105,0.07263513513513509,5.0,1.0,0.0,2.0,0
-0.23532576790322096,0.8733108108108109,6.0,1.0,0.0,1.0,0
0.16309534102960704,0.6385135135135135,1.0,1.0,0.0,3.0,0
-0.43453632236963496,0.6486486486486486,2.0,1.0,0.0,5.0,0
-0.7001503949915203,0.15540540540540537,2.0,1.0,0.0,0.0,0
1.8231832949163904,0.4459459459459457,5.0,0.0,1.0,1.0,0
0.03028830471866437,0.7111486486486486,7.0,0.0,1.0,5.0,0
-1.5633961310126476,0.9037162162162161,9.0,0.0,1.0,1.0,0
2.155200885693747,0.46790540540540515,8.0,1.0,0.0,1.0,0
0.03028830471866437,0.6891891891891889,4.0,1.0,0.0,1.0,0
-0.036115213436806966,0.1841216216216215,9.0,1.0,0.0,4.0,0
1.0263410770507344,0.6503378378378378,3.0,0.0,1.0,5.0,1
-0.5673433586805776,0.8445945945945942,5.0,0.0,1.0,4.0,1
-0.3017292860586923,0.26520270270270274,4.0,0.0,1.0,0.0,0
0.561516449962435,0.5777027027027025,7.0,1.0,0.0,1.0,0
-0.1025187315922783,0.5067567567567567,0.0,1.0,0.0,5.0,0
1.6239727404499764,0.3158783783783784,6.0,1.0,0.0,4.0,1
-1.231378540235291,0.21790540540540537,4.0,1.0,0.0,4.0,0
-0.3681328042141636,0.5760135135135135,0.0,1.0,0.0,1.0,0
-2.6922559396556602,0.6756756756756753,6.0,0.0,1.0,4.0,0
0.36230589549602105,0.5270270270270269,9.0,1.0,0.0,4.0,0
2.022393849382804,0.24831081081081063,5.0,1.0,0.0,1.0,0
-0.43453632236963496,0.35641891891891897,9.0,0.0,1.0,1.0,0
-0.8993609494579343,0.07094594594594594,0.0,1.0,0.0,0.0,0
1.358358667828091,0.02533783783783783,4.0,1.0,0.0,4.0,0
0.4287094136514924,0.5033783783783782,7.0,1.0,0.0,4.0,0
1.0927445952062058,0.6824324324324323,8.0,0.0,1.0,3.0,1
1.159148113361677,0.5962837837837837,0.0,1.0,0.0,0.0,1
0.4951129318069637,0.45777027027027006,1.0,1.0,0.0,3.0,0
-0.7665539131469916,0.1385135135135135,3.0,0.0,1.0,1.0,0
-0.5673433586805776,0.483108108108108,7.0,1.0,0.0,4.0,0
-1.5633961310126476,0.09459459459459452,0.0,1.0,0.0,0.0,0
0.22949885918507837,0.6554054054054052,4.0,1.0,0.0,5.0,1
0.4951129318069637,0.4070945945945946,6.0,0.0,1.0,1.0,0
-0.5009398405251063,0.5033783783783782,6.0,0.0,1.0,5.0,0
0.03028830471866437,0.3902027027027025,7.0,1.0,0.0,4.0,0
1.2919551496726198,0.6959459459459457,6.0,0.0,1.0,2.0,1
0.561516449962435,0.5439189189189187,4.0,1.0,0.0,2.0,0
-0.3017292860586923,0.26182432432432423,3.0,0.0,1.0,5.0,0
-1.2977820583907622,0.8023648648648646,1.0,0.0,1.0,2.0,0
-2.2938348307228322,0.8361486486486486,2.0,1.0,0.0,3.0,1
-1.8954137217900044,0.6114864864864863,7.0,1.0,0.0,1.0,0
-1.430589094701705,0.4408783783783784,2.0,0.0,1.0,3.0,0
0.16309534102960704,0.572635135135135,8.0,1.0,0.0,1.0,0
-0.3017292860586923,0.3412162162162161,7.0,0.0,1.0,2.0,0
-1.1649750220798196,0.7381756756756755,1.0,1.0,0.0,4.0,1
1.0927445952062058,0.4695945945945946,4.0,1.0,0.0,2.0,0
0.36230589549602105,0.6233108108108106,4.0,1.0,0.0,3.0,0
0.2959023773405497,0.8074324324324323,3.0,0.0,1.0,4.0,1
-0.3017292860586923,0.7499999999999999,7.0,1.0,0.0,0.0,0
-0.8993609494579343,0.4543918918918918,0.0,0.0,1.0,5.0,0
-0.9657644676134056,0.385135135135135,4.0,0.0,1.0,2.0,0
0.561516449962435,0.6435810810810808,3.0,1.0,0.0,3.0,0
-0.8993609494579343,0.42905405405405406,9.0,1.0,0.0,5.0,0
1.4247621859835624,0.1385135135135135,3.0,1.0,0.0,2.0,0
-1.3641855765462336,0.5658783783783782,0.0,1.0,0.0,1.0,0
0.4287094136514924,0.26351351351351326,2.0,0.0,1.0,5.0,0
0.7607270044288491,0.14864864864864857,0.0,1.0,0.0,4.0,1
-0.9657644676134056,0.170608108108108,0.0,1.0,0.0,0.0,0
0.6279199681179064,0.8040540540540541,3.0,1.0,0.0,1.0,0
1.2255516315171484,0.1841216216216215,7.0,1.0,0.0,2.0,0
0.2959023773405497,0.385135135135135,8.0,1.0,0.0,5.0,0
-0.16892224974774964,0.5760135135135135,6.0,1.0,0.0,0.0,0
0.22949885918507837,0.6148648648648646,1.0,0.0,1.0,3.0,0
-0.1025187315922783,0.6418918918918918,7.0,1.0,0.0,5.0,0
-0.8993609494579343,0.6097972972972973,6.0,1.0,0.0,4.0,1
0.8271305225843204,0.7635135135135135,0.0,1.0,0.0,3.0,1
0.7607270044288491,0.36655405405405406,7.0,1.0,0.0,2.0,0
0.561516449962435,0.7297297297297295,9.0,0.0,1.0,2.0,0
-1.5633961310126476,0.2888513513513512,5.0,1.0,0.0,2.0,0
-0.43453632236963496,0.385135135135135,1.0,0.0,1.0,5.0,0
-0.832957431302463,0.3344594594594593,0.0,1.0,0.0,2.0,0
-0.5673433586805776,0.5574324324324323,1.0,1.0,0.0,3.0,0
-1.7626066854790616,0.12331081081081063,1.0,0.0,1.0,1.0,0
0.0966918228741357,0.6925675675675674,5.0,0.0,1.0,1.0,0
0.4287094136514924,0.6418918918918918,5.0,0.0,1.0,4.0,0
1.159148113361677,0.16554054054054046,4.0,1.0,0.0,2.0,0
0.16309534102960704,0.26351351351351326,4.0,1.0,0.0,0.0,0
2.487218476471104,0.36993243243243235,4.0,1.0,0.0,3.0,0
-0.3017292860586923,0.1942567567567568,5.0,1.0,0.0,2.0,0
-1.0985715039243482,0.30405405405405384,0.0,1.0,0.0,2.0,0
-0.9657644676134056,0.5439189189189187,8.0,1.0,0.0,4.0,0
0.0966918228741357,0.2010135135135135,7.0,1.0,0.0,2.0,0
1.6239727404499764,0.21621621621621623,9.0,0.0,1.0,0.0,0
-0.3681328042141636,0.06756756756756754,0.0,1.0,0.0,5.0,0
1.2255516315171484,0.3783783783783784,6.0,1.0,0.0,1.0,0
0.8271305225843204,0.5658783783783782,0.0,1.0,0.0,2.0,1
-1.6962031673235902,0.7280405405405402,7.0,1.0,0.0,0.0,0
-0.7001503949915203,0.42229729729729726,6.0,1.0,0.0,5.0,0
1.8895868130718618,0.5962837837837837,6.0,1.0,0.0,4.0,1
1.6903762586054478,0.5287162162162161,6.0,0.0,1.0,2.0,1
-0.3681328042141636,0.6182432432432429,7.0,1.0,0.0,2.0,0
0.0966918228741357,0.6655405405405405,0.0,1.0,0.0,5.0,0
-0.16892224974774964,0.5624999999999999,4.0,1.0,0.0,0.0,0
-1.231378540235291,0.7820945945945944,2.0,0.0,1.0,3.0,1
-1.430589094701705,0.7280405405405402,7.0,1.0,0.0,5.0,1
-0.16892224974774964,0.2567567567567567,3.0,0.0,1.0,5.0,0
-0.16892224974774964,0.09797297297297292,6.0,1.0,0.0,4.0,0
-0.7665539131469916,0.7820945945945944,0.0,0.0,1.0,4.0,0
1.0263410770507344,0.170608108108108,3.0,0.0,1.0,4.0,1
-0.036115213436806966,0.2668918918918918,9.0,0.0,1.0,4.0,0
0.0966918228741357,0.6030405405405402,2.0,0.0,1.0,0.0,0
0.7607270044288491,0.1182432432432432,0.0,0.0,1.0,1.0,0
-0.23532576790322096,0.8040540540540541,1.0,1.0,0.0,0.0,0
-0.3017292860586923,0.16891891891891886,7.0,1.0,0.0,4.0,0
0.8935340407397917,0.5016891891891889,7.0,0.0,1.0,3.0,0
-0.036115213436806966,0.4999999999999999,7.0,1.0,0.0,5.0,0
-1.9618172399454756,0.46114864864864835,6.0,1.0,0.0,1.0,0
0.22949885918507837,0.797297297297297,0.0,1.0,0.0,4.0,0
1.159148113361677,0.7010135135135133,0.0,1.0,0.0,3.0,1
0.4951129318069637,0.4966216216216216,5.0,0.0,1.0,1.0,0
1.557569222294505,0.7195945945945946,7.0,0.0,1.0,3.0,1
2.686429030937518,0.5489864864864863,5.0,1.0,0.0,2.0,0
-1.5633961310126476,0.3057432432432431,5.0,0.0,1.0,1.0,0
0.6943234862733777,0.7364864864864863,2.0,1.0,0.0,4.0,0
1.0927445952062058,0.020270270270270285,8.0,1.0,0.0,1.0,0
-1.7626066854790616,0.39527027027027006,8.0,1.0,0.0,5.0,0
-0.5009398405251063,0.0557432432432432,3.0,0.0,1.0,0.0,0
1.2919551496726198,0.19932432432432423,6.0,0.0,1.0,3.0,0
-0.9657644676134056,0.670608108108108,7.0,0.0,1.0,2.0,0
-0.1025187315922783,0.6469594594594591,9.0,1.0,0.0,4.0,0
0.16309534102960704,0.7466216216216216,6.0,1.0,0.0,3.0,0
-1.032167985768877,0.6199324324324323,6.0,1.0,0.0,5.0,0
0.16309534102960704,0.6199324324324323,2.0,1.0,0.0,3.0,0
0.22949885918507837,0.07770270270270263,7.0,1.0,0.0,5.0,0
-1.2977820583907622,0.5591216216216214,6.0,1.0,0.0,1.0,0
-1.231378540235291,0.4442567567567567,3.0,1.0,0.0,0.0,0
-0.633746876836049,0.7314189189189185,7.0,1.0,0.0,4.0,0
0.2959023773405497,0.48141891891891875,1.0,1.0,0.0,0.0,0
-0.7665539131469916,0.4695945945945946,1.0,0.0,1.0,2.0,0
-0.3017292860586923,0.42567567567567555,2.0,0.0,1.0,5.0,0
0.6943234862733777,0.7719594594594591,7.0,1.0,0.0,1.0,0
1.0263410770507344,0.8192567567567567,0.0,1.0,0.0,5.0,1
0.22949885918507837,0.7922297297297297,9.0,0.0,1.0,5.0,0
-0.23532576790322096,0.7010135135135133,9.0,1.0,0.0,4.0,1
-0.43453632236963496,0.8277027027027025,6.0,1.0,0.0,2.0,0
0.4287094136514924,0.3986486486486486,7.0,0.0,1.0,0.0,0
0.561516449962435,0.7533783783783782,2.0,0.0,1.0,5.0,1
-0.16892224974774964,0.7381756756756755,9.0,1.0,0.0,0.0,0
0.2959023773405497,0.4864864864864863,8.0,1.0,0.0,2.0,0
1.955990331227333,0.5304054054054052,4.0,0.0,1.0,5.0,0
0.36230589549602105,0.48141891891891875,7.0,0.0,1.0,3.0,0
-0.1025187315922783,0.19594594594594594,4.0,0.0,1.0,5.0,0
0.9599375588952631,0.2432432432432433,6.0,1.0,0.0,3.0,1
-0.832957431302463,0.09628378378378377,3.0,0.0,1.0,1.0,0
-1.231378540235291,0.8327702702702703,2.0,1.0,0.0,0.0,0
1.756779776760919,0.7111486486486486,6.0,0.0,1.0,1.0,0
-0.43453632236963496,0.5016891891891889,9.0,0.0,1.0,4.0,0
-1.4969926128571762,0.30743243243243235,2.0,1.0,0.0,3.0,0
1.358358667828091,0.6587837837837834,3.0,0.0,1.0,1.0,0
-0.633746876836049,0.21114864864864857,7.0,1.0,0.0,5.0,0
-0.5673433586805776,0.47128378378378366,1.0,1.0,0.0,3.0,0
-0.3681328042141636,0.20270270270270263,8.0,1.0,0.0,2.0,0
-1.430589094701705,0.24155405405405384,7.0,1.0,0.0,0.0,0
-0.8993609494579343,0.670608108108108,8.0,1.0,0.0,2.0,0
1.2255516315171484,0.40878378378378366,1.0,1.0,0.0,1.0,0
1.4911657041390338,0.8412162162162159,5.0,1.0,0.0,4.0,1
-2.028220758100947,0.32432432432432423,4.0,1.0,0.0,5.0,0
-0.7001503949915203,0.5135135135135135,9.0,1.0,0.0,2.0,0
-0.23532576790322096,0.3158783783783784,5.0,0.0,1.0,2.0,0
-0.3017292860586923,0.28378378378378366,6.0,1.0,0.0,2.0,0
-0.1025187315922783,0.5743243243243242,0.0,1.0,0.0,1.0,0
0.03028830471866437,0.1773648648648648,3.0,1.0,0.0,4.0,0
1.0927445952062058,0.5878378378378376,1.0,0.0,1.0,0.0,0
-0.3681328042141636,0.5979729729729729,8.0,1.0,0.0,0.0,0
-1.2977820583907622,0.4763513513513512,4.0,1.0,0.0,3.0,0
0.22949885918507837,0.7685810810810808,5.0,1.0,0.0,0.0,0
0.16309534102960704,0.5354729729729729,8.0,1.0,0.0,2.0,0
-0.5673433586805776,0.29729729729729726,3.0,1.0,0.0,0.0,0
-0.23532576790322096,0.5202702702702701,9.0,0.0,1.0,4.0,0
0.4951129318069637,0.27533783783783783,9.0,1.0,0.0,3.0,0
-2.227431312567361,0.17905405405405395,3.0,1.0,0.0,0.0,0
-0.5009398405251063,0.6824324324324323,4.0,1.0,0.0,4.0,0
2.221604403849218,0.09966216216216206,0.0,0.0,1.0,0.0,0
0.22949885918507837,0.6165540540540538,3.0,1.0,0.0,1.0,0
0.22949885918507837,0.4374999999999999,8.0,1.0,0.0,2.0,0
0.561516449962435,0.30405405405405384,2.0,0.0,1.0,2.0,0
0.22949885918507837,0.6385135135135135,1.0,0.0,1.0,2.0,1
-0.036115213436806966,0.15371621621621623,1.0,1.0,0.0,2.0,0
0.9599375588952631,0.4459459459459457,9.0,1.0,0.0,1.0,0
0.6279199681179064,0.3817567567567567,5.0,0.0,1.0,0.0,0
0.36230589549602105,0.1875,0.0,1.0,0.0,5.0,0
1.8231832949163904,0.606418918918919,3.0,1.0,0.0,0.0,1
-0.43453632236963496,0.7043918918918918,9.0,1.0,0.0,0.0,0
-0.1025187315922783,0.35641891891891897,3.0,0.0,1.0,5.0,0
-0.5673433586805776,0.12162162162162149,3.0,1.0,0.0,3.0,0
-0.036115213436806966,0.797297297297297,1.0,1.0,0.0,2.0,0
-0.7665539131469916,0.23479729729729726,1.0,1.0,0.0,4.0,0
0.2959023773405497,0.1976351351351351,1.0,1.0,0.0,5.0,0
1.6903762586054478,0.49155405405405406,4.0,1.0,0.0,3.0,1
0.36230589549602105,0.21452702702702686,2.0,1.0,0.0,2.0,0
0.2959023773405497,0.7854729729729727,5.0,1.0,0.0,5.0,1
0.16309534102960704,0.1148648648648648,4.0,1.0,0.0,1.0,0
-1.3641855765462336,0.8209459459459457,6.0,0.0,1.0,2.0,1
-0.5673433586805776,0.3749999999999999,9.0,0.0,1.0,0.0,0
-0.7665539131469916,0.39527027027027006,8.0,1.0,0.0,0.0,0
-0.5673433586805776,0.2533783783783784,1.0,1.0,0.0,0.0,0
-2.360238348878304,0.5523648648648646,2.0,1.0,0.0,0.0,0
-1.0985715039243482,0.8192567567567567,9.0,1.0,0.0,4.0,0
-0.8993609494579343,0.6486486486486486,7.0,0.0,1.0,3.0,0
-0.8993609494579343,0.5912162162162159,5.0,0.0,1.0,4.0,0
0.4287094136514924,0.39358108108108103,9.0,0.0,1.0,4.0,0
-0.43453632236963496,0.9037162162162161,2.0,1.0,0.0,1.0,0
0.7607270044288491,0.17905405405405395,2.0,0.0,1.0,1.0,0
1.159148113361677,0.14189189189189177,7.0,1.0,0.0,3.0,0
0.4287094136514924,0.27702702702702686,1.0,1.0,0.0,4.0,0
0.8935340407397917,0.27195945945945954,6.0,0.0,1.0,1.0,0
0.561516449962435,0.13682432432432423,8.0,0.0,1.0,5.0,0
0.4287094136514924,0.4408783783783784,0.0,0.0,1.0,0.0,0
-0.3681328042141636,0.699324324324324,1.0,1.0,0.0,2.0,0
-1.231378540235291,0.9037162162162161,0.0,1.0,0.0,1.0,0
-0.5009398405251063,0.6300675675675674,4.0,1.0,0.0,4.0,1
-0.23532576790322096,0.672297297297297,9.0,1.0,0.0,2.0,0
1.557569222294505,0.8530405405405402,3.0,0.0,1.0,0.0,1
0.7607270044288491,0.2010135135135135,1.0,1.0,0.0,5.0,1
-2.0946242762564182,0.672297297297297,7.0,0.0,1.0,2.0,0
1.0263410770507344,0.39358108108108103,4.0,0.0,1.0,2.0,0
1.2919551496726198,0.7584459459459457,0.0,1.0,0.0,2.0,1
0.7607270044288491,0.41216216216216217,0.0,1.0,0.0,3.0,0
-0.1025187315922783,0.8479729729729729,6.0,1.0,0.0,1.0,0
-0.9657644676134056,0.5202702702702701,5.0,1.0,0.0,4.0,0
0.4287094136514924,0.23817567567567555,8.0,0.0,1.0,4.0,0
-0.7665539131469916,0.12331081081081063,8.0,1.0,0.0,5.0,0
1.0263410770507344,0.3192567567567567,3.0,1.0,0.0,4.0,1
1.0927445952062058,0.295608108108108,9.0,1.0,0.0,1.0,0
-0.832957431302463,0.26520270270270274,8.0,0.0,1.0,5.0,0
-0.16892224974774964,0.29391891891891897,9.0,1.0,0.0,5.0,0
-0.3681328042141636,0.1875,2.0,1.0,0.0,1.0,0
-0.832957431302463,0.7499999999999999,9.0,1.0,0.0,0.0,0
-1.9618172399454756,0.1976351351351351,1.0,1.0,0.0,2.0,0
-1.6962031673235902,0.7702702702702701,0.0,0.0,1.0,4.0,1
-0.5009398405251063,0.5929054054054054,8.0,0.0,1.0,2.0,0
1.756779776760919,0.3124999999999999,6.0,1.0,0.0,2.0,0
0.561516449962435,0.23479729729729726,4.0,1.0,0.0,1.0,0
-0.633746876836049,0.7229729729729729,4.0,1.0,0.0,4.0,0
1.4911657041390338,0.7466216216216216,6.0,1.0,0.0,0.0,0
-1.6962031673235902,0.4374999999999999,0.0,1.0,0.0,5.0,0
-0.036115213436806966,0.3766891891891889,2.0,0.0,1.0,0.0,0
-0.16892224974774964,0.6418918918918918,1.0,1.0,0.0,4.0,0
0.0966918228741357,0.08952702702702697,4.0,0.0,1.0,2.0,0
0.4287094136514924,0.358108108108108,0.0,1.0,0.0,5.0,0
-0.23532576790322096,0.2787162162162161,9.0,1.0,0.0,0.0,0
0.8271305225843204,0.8614864864864863,3.0,1.0,0.0,3.0,1
0.2959023773405497,0.7854729729729727,8.0,0.0,1.0,0.0,0
1.557569222294505,0.31756756756756743,8.0,1.0,0.0,3.0,1
0.4287094136514924,0.7263513513513512,1.0,1.0,0.0,0.0,0
-1.032167985768877,0.6520270270270269,0.0,0.0,1.0,0.0,0
0.9599375588952631,0.7381756756756755,0.0,1.0,0.0,0.0,0
1.2919551496726198,0.6874999999999997,8.0,0.0,1.0,1.0,0
-0.3681328042141636,0.9560810810810808,8.0,0.0,1.0,3.0,0
0.0966918228741357,0.8462837837837837,7.0,0.0,1.0,3.0,0
-0.1025187315922783,0.36655405405405406,7.0,1.0,0.0,3.0,0
-1.430589094701705,0.8209459459459457,5.0,0.0,1.0,2.0,0
0.6279199681179064,0.7601351351351348,1.0,1.0,0.0,3.0,0
0.8935340407397917,0.5557432432432431,6.0,0.0,1.0,5.0,0
-0.5009398405251063,0.5844594594594593,0.0,1.0,0.0,0.0,0
1.358358667828091,0.6773648648648648,8.0,1.0,0.0,4.0,1
1.159148113361677,0.46114864864864835,9.0,1.0,0.0,0.0,0
-0.16892224974774964,0.233108108108108,4.0,1.0,0.0,2.0,0
0.16309534102960704,0.6570945945945944,2.0,1.0,0.0,0.0,0
-0.036115213436806966,0.8885135135135135,2.0,0.0,1.0,5.0,0
0.4951129318069637,0.5270270270270269,7.0,0.0,1.0,5.0,0
0.4287094136514924,0.08614864864864857,6.0,0.0,1.0,0.0,0
2.088797367538276,0.822635135135135,1.0,0.0,1.0,1.0,0
0.36230589549602105,0.26182432432432423,1.0,1.0,0.0,2.0,0
0.9599375588952631,0.29729729729729726,1.0,1.0,0.0,3.0,0
0.0966918228741357,0.797297297297297,0.0,1.0,0.0,5.0,1
-0.1025187315922783,0.510135135135135,8.0,0.0,1.0,3.0,0
-0.5009398405251063,0.6283783783783782,3.0,1.0,0.0,4.0,0
0.4287094136514924,0.1739864864864865,8.0,1.0,0.0,2.0,0
0.561516449962435,0.7601351351351348,2.0,1.0,0.0,4.0,0
-0.036115213436806966,0.6385135135135135,0.0,0.0,1.0,4.0,1
-0.8993609494579343,0.5878378378378376,1.0,0.0,1.0,3.0,0
0.03028830471866437,0.41216216216216217,9.0,1.0,0.0,1.0,0
1.159148113361677,0.886824324324324,1.0,0.0,1.0,2.0,1
0.4287094136514924,0.6520270270270269,8.0,0.0,1.0,5.0,0
-0.23532576790322096,0.7820945945945944,1.0,1.0,0.0,2.0,1
-0.3017292860586923,0.8124999999999997,6.0,1.0,0.0,2.0,0
-0.5009398405251063,0.3986486486486486,7.0,1.0,0.0,4.0,0
1.2919551496726198,0.6317567567567565,4.0,1.0,0.0,5.0,1
0.22949885918507837,0.2499999999999999,4.0,1.0,0.0,3.0,0
-0.16892224974774964,0.38006756756756743,4.0,0.0,1.0,1.0,0
-0.9657644676134056,0.913851351351351,9.0,1.0,0.0,3.0,1
1.0263410770507344,0.3445945945945944,3.0,0.0,1.0,1.0,0
-0.036115213436806966,0.7804054054054052,1.0,0.0,1.0,3.0,1
-0.3681328042141636,0.3361486486486486,4.0,1.0,0.0,2.0,0
-0.7665539131469916,0.7195945945945946,8.0,1.0,0.0,3.0,0
-0.5009398405251063,0.9037162162162161,2.0,1.0,0.0,4.0,1
0.4951129318069637,0.44932432432432423,4.0,0.0,1.0,1.0,0
0.6279199681179064,0.170608108108108,6.0,1.0,0.0,4.0,0
0.561516449962435,0.42567567567567555,8.0,1.0,0.0,3.0,0
-0.43453632236963496,0.31081081081081063,3.0,0.0,1.0,2.0,0
-1.032167985768877,0.25168918918918914,7.0,1.0,0.0,3.0,0
-0.7665539131469916,0.3124999999999999,1.0,1.0,0.0,0.0,0
-0.3681328042141636,0.6013513513513512,3.0,1.0,0.0,3.0,0
-0.3017292860586923,0.3783783783783784,6.0,1.0,0.0,0.0,0
-1.3641855765462336,0.4273648648648648,0.0,0.0,1.0,3.0,0
-1.1649750220798196,0.5236486486486486,6.0,0.0,1.0,3.0,0
-1.032167985768877,0.706081081081081,3.0,1.0,0.0,1.0,0
0.7607270044288491,0.4442567567567567,1.0,1.0,0.0,1.0,0
-0.036115213436806966,0.12162162162162149,5.0,1.0,0.0,3.0,0
1.0263410770507344,0.4104729729729729,3.0,1.0,0.0,2.0,0
-0.633746876836049,0.8260135135135133,5.0,1.0,0.0,0.0,0
-0.23532576790322096,0.8445945945945942,1.0,1.0,0.0,1.0,0
1.0927445952062058,0.8530405405405402,5.0,1.0,0.0,0.0,0
-1.032167985768877,0.3091216216216216,0.0,0.0,1.0,1.0,0
-0.832957431302463,0.8040540540540541,9.0,1.0,0.0,2.0,0
1.6903762586054478,0.09459459459459452,7.0,1.0,0.0,4.0,0
0.9599375588952631,0.9425675675675672,6.0,0.0,1.0,5.0,1
-0.036115213436806966,0.2010135135135135,1.0,0.0,1.0,2.0,0
0.2959023773405497,0.5506756756756755,6.0,1.0,0.0,2.0,0
-0.633746876836049,0.537162162162162,7.0,0.0,1.0,4.0,0
-0.43453632236963496,0.5439189189189187,1.0,0.0,1.0,4.0,0
-1.2977820583907622,0.8023648648648646,1.0,0.0,1.0,4.0,0
0.2959023773405497,0.6773648648648648,7.0,1.0,0.0,1.0,0
-0.23532576790322096,0.3817567567567567,6.0,1.0,0.0,1.0,0
0.6943234862733777,0.6013513513513512,6.0,1.0,0.0,0.0,0
0.561516449962435,0.20945945945945943,6.0,1.0,0.0,0.0,0
-0.832957431302463,0.21790540540540537,8.0,1.0,0.0,4.0,0
-0.1025187315922783,0.5033783783783782,2.0,1.0,0.0,3.0,0
0.03028830471866437,0.32432432432432423,5.0,0.0,1.0,2.0,0
0.9599375588952631,0.6621621621621622,5.0,1.0,0.0,3.0,1
1.0263410770507344,0.3547297297297295,0.0,0.0,1.0,1.0,0
-0.036115213436806966,0.2010135135135135,6.0,0.0,1.0,0.0,0
-0.7001503949915203,0.6368243243243242,9.0,1.0,0.0,4.0,0
0.4951129318069637,0.23141891891891886,4.0,0.0,1.0,1.0,0
0.4951129318069637,0.5895270270270269,9.0,1.0,0.0,0.0,0
-0.5673433586805776,0.170608108108108,3.0,1.0,0.0,2.0,0
-0.16892224974774964,0.6925675675675674,9.0,0.0,1.0,5.0,0
-0.832957431302463,0.170608108108108,2.0,0.0,1.0,4.0,0
-0.7001503949915203,0.7483108108108109,8.0,0.0,1.0,0.0,0
0.9599375588952631,0.699324324324324,4.0,1.0,0.0,4.0,1
0.7607270044288491,0.3158783783783784,1.0,1.0,0.0,3.0,0
-0.633746876836049,0.233108108108108,8.0,1.0,0.0,0.0,0
-0.5673433586805776,0.07263513513513509,7.0,1.0,0.0,4.0,0
1.2255516315171484,0.5624999999999999,9.0,0.0,1.0,0.0,0
1.4247621859835624,0.5523648648648646,6.0,0.0,1.0,0.0,0
1.6903762586054478,0.23141891891891886,4.0,0.0,1.0,3.0,1
-0.5673433586805776,0.8547297297297295,2.0,1.0,0.0,0.0,0
-1.2977820583907622,0.797297297297297,0.0,1.0,0.0,3.0,0
0.6279199681179064,0.6165540540540538,9.0,0.0,1.0,4.0,0
-0.7001503949915203,0.48817567567567555,6.0,0.0,1.0,5.0,0
-1.0985715039243482,0.6418918918918918,3.0,1.0,0.0,2.0,0
2.686429030937518,0.41554054054054046,0.0,1.0,0.0,0.0,0
0.9599375588952631,0.05405405405405406,0.0,1.0,0.0,5.0,0
0.6943234862733777,0.4273648648648648,6.0,1.0,0.0,1.0,0
-1.430589094701705,0.8277027027027025,8.0,1.0,0.0,1.0,0
1.6239727404499764,0.6469594594594591,3.0,1.0,0.0,1.0,0
-0.3017292860586923,0.483108108108108,7.0,1.0,0.0,1.0,0
-0.036115213436806966,0.8851351351351348,0.0,0.0,1.0,0.0,0
1.2919551496726198,0.6351351351351352,6.0,0.0,1.0,4.0,1
-0.1025187315922783,0.20945945945945943,2.0,1.0,0.0,1.0,0
0.4951129318069637,0.8412162162162159,2.0,1.0,0.0,2.0,0
0.4951129318069637,0.8902027027027025,9.0,1.0,0.0,0.0,0
-2.028220758100947,0.7347972972972973,3.0,0.0,1.0,2.0,1
0.6943234862733777,0.24493243243243235,5.0,0.0,1.0,0.0,0
0.8935340407397917,0.21114864864864857,8.0,1.0,0.0,5.0,0
-0.5009398405251063,0.9003378378378376,7.0,1.0,0.0,4.0,0
-0.5673433586805776,0.33783783783783783,0.0,1.0,0.0,3.0,0
0.6943234862733777,0.913851351351351,6.0,1.0,0.0,4.0,1
-0.23532576790322096,0.41554054054054046,0.0,0.0,1.0,2.0,0
-1.1649750220798196,0.5658783783783782,9.0,0.0,1.0,1.0,0
0.0966918228741357,0.4341216216216216,9.0,1.0,0.0,3.0,0
-0.3017292860586923,0.8412162162162159,8.0,1.0,0.0,4.0,0
-0.832957431302463,0.36655405405405406,1.0,0.0,1.0,2.0,0
-0.5009398405251063,0.18243243243243235,8.0,0.0,1.0,4.0,0
1.0263410770507344,0.06756756756756754,5.0,0.0,1.0,3.0,0
0.0966918228741357,0.8277027027027025,6.0,1.0,0.0,2.0,0
1.6239727404499764,0.18581081081081074,2.0,1.0,0.0,2.0,0
0.9599375588952631,0.26351351351351326,1.0,0.0,1.0,1.0,0
-0.036115213436806966,0.4273648648648648,4.0,0.0,1.0,2.0,0
0.03028830471866437,0.8277027027027025,9.0,1.0,0.0,5.0,1
1.4247621859835624,0.5287162162162161,2.0,1.0,0.0,2.0,1
1.159148113361677,0.6148648648648646,6.0,1.0,0.0,2.0,1
1.159148113361677,0.1773648648648648,0.0,0.0,1.0,2.0,0
0.4287094136514924,0.6148648648648646,4.0,1.0,0.0,0.0,0
0.0966918228741357,0.7719594594594591,5.0,1.0,0.0,0.0,0
0.6279199681179064,0.5709459459459457,0.0,0.0,1.0,3.0,0
0.0966918228741357,0.8091216216216214,8.0,0.0,1.0,3.0,0
0.16309534102960704,0.5168918918918918,0.0,0.0,1.0,2.0,0
-0.23532576790322096,0.5929054054054054,9.0,0.0,1.0,5.0,0
1.4247621859835624,0.5945945945945946,5.0,1.0,0.0,0.0,0
2.420814958315632,0.9864864864864863,7.0,0.0,1.0,1.0,0
-1.629799649168119,0.6587837837837834,1.0,0.0,1.0,2.0,0
-1.0985715039243482,0.08783783783783772,8.0,1.0,0.0,5.0,0
0.6943234862733777,0.6537162162162161,9.0,0.0,1.0,1.0,0
-1.231378540235291,0.3513513513513512,3.0,1.0,0.0,4.0,0
0.8935340407397917,0.6570945945945944,1.0,0.0,1.0,5.0,1
-0.3681328042141636,0.38682432432432423,8.0,0.0,1.0,1.0,0
-1.5633961310126476,0.08108108108108092,8.0,1.0,0.0,2.0,0
-0.7001503949915203,0.2567567567567567,3.0,0.0,1.0,4.0,0
-0.43453632236963496,0.4594594594594593,3.0,0.0,1.0,0.0,0
1.955990331227333,0.6537162162162161,8.0,0.0,1.0,0.0,0
-1.2977820583907622,0.8057432432432431,4.0,0.0,1.0,5.0,0
-0.5009398405251063,0.8260135135135133,7.0,0.0,1.0,0.0,0
-2.360238348878304,0.4662162162162161,5.0,1.0,0.0,5.0,0
0.9599375588952631,0.16891891891891886,9.0,1.0,0.0,0.0,0
-1.0985715039243482,0.7280405405405402,1.0,1.0,0.0,0.0,0
0.4287094136514924,0.6891891891891889,8.0,0.0,1.0,5.0,1
-0.7001503949915203,0.46790540540540515,7.0,1.0,0.0,0.0,0
-1.1649750220798196,0.8175675675675674,8.0,0.0,1.0,3.0,0
-0.5673433586805776,0.3445945945945944,4.0,1.0,0.0,3.0,0
1.0927445952062058,0.39358108108108103,0.0,1.0,0.0,4.0,0
0.7607270044288491,0.8344594594594593,6.0,1.0,0.0,3.0,1
-1.0985715039243482,0.724662162162162,4.0,1.0,0.0,0.0,0
1.6903762586054478,0.12668918918918914,0.0,1.0,0.0,4.0,1
-1.9618172399454756,0.6959459459459457,8.0,1.0,0.0,3.0,1
0.8271305225843204,0.40202702702702686,9.0,0.0,1.0,3.0,0
-0.8993609494579343,0.26351351351351326,8.0,1.0,0.0,4.0,0
1.0927445952062058,0.5574324324324323,9.0,1.0,0.0,0.0,0
1.8231832949163904,0.3023648648648648,4.0,0.0,1.0,3.0,0
1.0927445952062058,0.4763513513513512,4.0,1.0,0.0,5.0,1
1.358358667828091,0.8209459459459457,6.0,1.0,0.0,3.0,1
1.0927445952062058,0.831081081081081,4.0,1.0,0.0,0.0,0
-0.43453632236963496,0.6368243243243242,3.0,1.0,0.0,5.0,0
-0.16892224974774964,0.15878378378378377,7.0,1.0,0.0,1.0,0
-0.1025187315922783,0.8513513513513512,9.0,1.0,0.0,0.0,0
1.4247621859835624,0.0523648648648648,0.0,1.0,0.0,5.0,0
-1.3641855765462336,0.045608108108108,9.0,0.0,1.0,3.0,0
0.0966918228741357,0.1385135135135135,2.0,1.0,0.0,4.0,0
-0.16892224974774964,0.4864864864864863,4.0,1.0,0.0,2.0,0
-1.032167985768877,0.5152027027027025,1.0,0.0,1.0,3.0,0
0.561516449962435,0.34966216216216217,5.0,0.0,1.0,2.0,0
-0.3681328042141636,0.7550675675675674,0.0,0.0,1.0,5.0,0
0.4287094136514924,0.6959459459459457,3.0,1.0,0.0,0.0,0
-0.9657644676134056,0.39527027027027006,3.0,0.0,1.0,5.0,0
0.2959023773405497,0.6874999999999997,2.0,1.0,0.0,3.0,0
-0.1025187315922783,0.16891891891891886,0.0,1.0,0.0,4.0,0
-1.6962031673235902,0.13006756756756743,1.0,1.0,0.0,1.0,0
0.16309534102960704,0.8293918918918916,8.0,1.0,0.0,3.0,0
0.2959023773405497,0.9290540540540536,3.0,1.0,0.0,0.0,0
1.0927445952062058,0.7618243243243242,5.0,0.0,1.0,3.0,1
0.4287094136514924,0.48479729729729726,5.0,1.0,0.0,5.0,0
-0.3681328042141636,0.7347972972972973,4.0,0.0,1.0,1.0,0
0.561516449962435,0.886824324324324,5.0,0.0,1.0,5.0,0
0.8271305225843204,0.572635135135135,8.0,0.0,1.0,4.0,1
-1.4969926128571762,0.15202702702702708,2.0,1.0,0.0,4.0,0
0.4287094136514924,0.39358108108108103,3.0,1.0,0.0,5.0,0
0.0966918228741357,0.7128378378378376,7.0,0.0,1.0,4.0,0
0.8935340407397917,0.5067567567567567,4.0,1.0,0.0,4.0,0
-0.7001503949915203,0.4408783783783784,4.0,1.0,0.0,4.0,0
-0.036115213436806966,0.4898648648648648,1.0,1.0,0.0,5.0,0
-0.832957431302463,0.30405405405405384,3.0,1.0,0.0,5.0,0
1.756779776760919,0.15709459459459452,6.0,0.0,1.0,3.0,0
-1.1649750220798196,0.6469594594594591,2.0,1.0,0.0,3.0,1
0.22949885918507837,0.5827702702702701,9.0,1.0,0.0,0.0,0
0.6279199681179064,0.5422297297297295,2.0,1.0,0.0,3.0,0
0.7607270044288491,0.6689189189189187,5.0,0.0,1.0,0.0,0
-1.7626066854790616,0.6537162162162161,9.0,0.0,1.0,1.0,0
-0.8993609494579343,0.706081081081081,7.0,0.0,1.0,1.0,0
0.4287094136514924,0.32432432432432423,6.0,1.0,0.0,4.0,0
2.354411440160161,0.7229729729729729,6.0,1.0,0.0,3.0,1
0.6943234862733777,0.6604729729729727,6.0,0.0,1.0,4.0,1
-0.43453632236963496,0.46283783783783783,0.0,1.0,0.0,2.0,0
1.0927445952062058,0.2567567567567567,0.0,1.0,0.0,3.0,1
-1.430589094701705,0.44932432432432423,5.0,1.0,0.0,0.0,0
-0.7665539131469916,0.08445945945945943,2.0,1.0,0.0,0.0,0
0.6279199681179064,0.023648648648648574,0.0,1.0,0.0,2.0,0
-0.3681328042141636,0.7263513513513512,8.0,1.0,0.0,0.0,0
0.8935340407397917,0.3614864864864863,3.0,0.0,1.0,3.0,1
0.561516449962435,0.9408783783783782,4.0,0.0,1.0,4.0,0
0.7607270044288491,0.7128378378378376,6.0,1.0,0.0,2.0,1
-2.0946242762564182,0.26182432432432423,9.0,1.0,0.0,4.0,0
-0.1025187315922783,0.8749999999999999,6.0,1.0,0.0,3.0,0
0.9599375588952631,0.40878378378378366,8.0,1.0,0.0,3.0,0
-0.633746876836049,0.5489864864864863,5.0,1.0,0.0,2.0,0
-0.8993609494579343,0.4273648648648648,6.0,1.0,0.0,3.0,0
1.756779776760919,0.2668918918918918,3.0,0.0,1.0,5.0,0
2.022393849382804,0.581081081081081,7.0,1.0,0.0,2.0,1
0.7607270044288491,0.6959459459459457,8.0,1.0,0.0,5.0,1
0.561516449962435,0.5709459459459457,0.0,0.0,1.0,5.0,0
-1.032167985768877,0.43581081081081063,1.0,1.0,0.0,3.0,0
-0.3017292860586923,0.048986486486486513,2.0,0.0,1.0,5.0,0
-0.8993609494579343,0.9239864864864863,5.0,1.0,0.0,0.0,0
-0.7001503949915203,0.21959459459459452,7.0,1.0,0.0,1.0,0
-1.0985715039243482,0.1875,3.0,1.0,0.0,5.0,0
0.16309534102960704,0.2668918918918918,8.0,1.0,0.0,5.0,0
1.159148113361677,0.16554054054054046,8.0,1.0,0.0,0.0,0
-0.16892224974774964,0.3513513513513512,0.0,1.0,0.0,5.0,0
1.159148113361677,0.2854729729729729,6.0,1.0,0.0,5.0,0
0.7607270044288491,0.8445945945945942,0.0,0.0,1.0,1.0,0
-0.3681328042141636,0.3479729729729729,6.0,1.0,0.0,0.0,0
1.4911657041390338,0.27195945945945954,1.0,1.0,0.0,4.0,0
0.2959023773405497,0.46283783783783783,1.0,1.0,0.0,1.0,0
-0.7665539131469916,0.5016891891891889,8.0,0.0,1.0,1.0,0
-1.829010203634533,0.6385135135135135,4.0,1.0,0.0,0.0,0
-0.7665539131469916,0.26520270270270274,5.0,0.0,1.0,2.0,0
0.9599375588952631,0.8040540540540541,2.0,0.0,1.0,0.0,1
1.6239727404499764,0.5692567567567567,5.0,1.0,0.0,0.0,0
-0.8993609494579343,0.33277027027027006,0.0,0.0,1.0,2.0,0
0.561516449962435,0.9459459459459457,8.0,1.0,0.0,1.0,0
0.4287094136514924,0.045608108108108,7.0,1.0,0.0,0.0,0
-1.3641855765462336,0.18243243243243235,4.0,1.0,0.0,4.0,0
0.4951129318069637,0.4459459459459457,8.0,0.0,1.0,2.0,0
-1.9618172399454756,0.1385135135135135,1.0,1.0,0.0,5.0,0
1.0263410770507344,0.6114864864864863,7.0,1.0,0.0,4.0,1
-0.1025187315922783,0.3260135135135135,8.0,1.0,0.0,0.0,0
1.0927445952062058,0.49493243243243235,4.0,0.0,1.0,0.0,0
-0.5673433586805776,0.5895270270270269,7.0,1.0,0.0,5.0,1
0.36230589549602105,0.5912162162162159,6.0,1.0,0.0,2.0,0
0.2959023773405497,0.9307432432432431,9.0,1.0,0.0,1.0,0
-1.5633961310126476,0.6131756756756755,6.0,0.0,1.0,2.0,0
-2.227431312567361,0.6097972972972973,2.0,1.0,0.0,0.0,0
0.36230589549602105,0.14864864864864857,6.0,0.0,1.0,2.0,0
-0.036115213436806966,0.39527027027027006,4.0,1.0,0.0,5.0,0
-0.3681328042141636,0.6266891891891891,3.0,0.0,1.0,2.0,1
0.4287094136514924,0.4864864864864863,5.0,0.0,1.0,4.0,0
-0.7001503949915203,0.6266891891891891,0.0,0.0,1.0,3.0,1
-0.036115213436806966,0.34966216216216217,5.0,1.0,0.0,2.0,0
-0.7001503949915203,0.7550675675675674,5.0,1.0,0.0,2.0,0
1.4911657041390338,0.22972972972972971,6.0,0.0,1.0,3.0,0
-1.0985715039243482,0.7499999999999999,0.0,1.0,0.0,2.0,0
0.8935340407397917,0.3969594594594593,8.0,1.0,0.0,5.0,0
0.16309534102960704,0.5760135135135135,8.0,1.0,0.0,5.0,0
1.756779776760919,0.6097972972972973,9.0,0.0,1.0,1.0,0
0.8271305225843204,0.4391891891891889,2.0,1.0,0.0,1.0,0
0.6279199681179064,0.44932432432432423,5.0,1.0,0.0,1.0,0
-0.633746876836049,0.2010135135135135,0.0,1.0,0.0,5.0,0
-1.1649750220798196,0.5168918918918918,4.0,1.0,0.0,1.0,0
0.8935340407397917,0.4966216216216216,3.0,0.0,1.0,5.0,0
-0.5009398405251063,0.6216216216216216,9.0,0.0,1.0,5.0,0
-0.7001503949915203,0.6925675675675674,1.0,1.0,0.0,1.0,0
-1.231378540235291,0.20608108108108103,6.0,0.0,1.0,4.0,0
-0.5673433586805776,0.6807432432432431,1.0,0.0,1.0,3.0,0
-0.633746876836049,0.32094594594594594,8.0,1.0,0.0,1.0,0
0.36230589549602105,0.7668918918918918,8.0,0.0,1.0,0.0,0
-1.1649750220798196,0.9999999999999999,0.0,1.0,0.0,1.0,0
1.756779776760919,0.15709459459459452,8.0,0.0,1.0,5.0,1
0.22949885918507837,0.545608108108108,8.0,0.0,1.0,2.0,0
0.2959023773405497,0.9324324324324323,0.0,0.0,1.0,4.0,0
0.6279199681179064,0.36993243243243235,9.0,1.0,0.0,4.0,0
-1.2977820583907622,0.8547297297297295,6.0,1.0,0.0,3.0,0
0.7607270044288491,0.14527027027027029,3.0,1.0,0.0,0.0,0
-0.633746876836049,0.8209459459459457,8.0,0.0,1.0,2.0,0
-0.5009398405251063,0.6385135135135135,6.0,1.0,0.0,3.0,0
1.2255516315171484,0.7804054054054052,1.0,0.0,1.0,3.0,1
-0.9657644676134056,0.3158783783783784,4.0,1.0,0.0,3.0,0
-0.5673433586805776,0.20608108108108103,3.0,1.0,0.0,5.0,0
0.7607270044288491,0.45608108108108103,4.0,0.0,1.0,0.0,0
0.8935340407397917,0.581081081081081,3.0,1.0,0.0,4.0,0
-1.6962031673235902,0.3614864864864863,6.0,0.0,1.0,3.0,0
0.6279199681179064,0.5270270270270269,4.0,1.0,0.0,5.0,0
1.0263410770507344,0.5709459459459457,8.0,1.0,0.0,5.0,0
-0.3017292860586923,0.4391891891891889,9.0,0.0,1.0,5.0,0
0.36230589549602105,0.36655405405405406,7.0,1.0,0.0,3.0,0
-1.3641855765462336,0.6385135135135135,4.0,1.0,0.0,5.0,0
0.36230589549602105,0.3293918918918918,3.0,1.0,0.0,2.0,0
1.4911657041390338,0.7027027027027025,2.0,0.0,1.0,2.0,1
0.2959023773405497,0.447635135135135,4.0,1.0,0.0,1.0,0
0.2959023773405497,0.6182432432432429,2.0,1.0,0.0,4.0,0
-0.036115213436806966,0.41891891891891875,7.0,1.0,0.0,1.0,0
0.0966918228741357,0.21114864864864857,3.0,1.0,0.0,5.0,0
0.2959023773405497,0.3023648648648648,9.0,1.0,0.0,3.0,0
-0.5673433586805776,0.8124999999999997,5.0,0.0,1.0,0.0,0
-1.430589094701705,0.3429054054054054,7.0,0.0,1.0,0.0,0
2.022393849382804,0.40878378378378366,6.0,0.0,1.0,5.0,0
-0.1025187315922783,0.7195945945945946,5.0,1.0,0.0,0.0,0
0.4287094136514924,0.49493243243243235,9.0,0.0,1.0,3.0,0
0.03028830471866437,0.8293918918918916,4.0,1.0,0.0,2.0,0
0.2959023773405497,0.8986486486486484,9.0,1.0,0.0,0.0,0
-0.7665539131469916,0.6452702702702701,8.0,1.0,0.0,3.0,0
-0.9657644676134056,0.11655405405405406,3.0,0.0,1.0,5.0,0
0.6279199681179064,0.7077702702702703,8.0,1.0,0.0,2.0,0
-1.032167985768877,0.385135135135135,1.0,1.0,0.0,4.0,0
-1.9618172399454756,0.6790540540540541,9.0,1.0,0.0,0.0,0
-1.4969926128571762,0.3986486486486486,9.0,0.0,1.0,0.0,0
-0.1025187315922783,0.6013513513513512,9.0,1.0,0.0,5.0,0
-1.2977820583907622,0.8141891891891889,7.0,0.0,1.0,0.0,0
1.0263410770507344,0.30067567567567555,6.0,0.0,1.0,4.0,0
-0.3681328042141636,0.3834459459459457,5.0,0.0,1.0,1.0,0
1.6239727404499764,0.822635135135135,4.0,0.0,1.0,3.0,1
0.03028830471866437,0.5439189189189187,7.0,0.0,1.0,5.0,0
1.0927445952062058,0.7280405405405402,6.0,0.0,1.0,3.0,1
0.6943234862733777,0.2364864864864865,7.0,0.0,1.0,2.0,0
0.6279199681179064,0.8108108108108106,0.0,1.0,0.0,2.0,0
-1.829010203634533,0.5827702702702701,8.0,0.0,1.0,5.0,0
1.0263410770507344,0.5540540540540541,1.0,1.0,0.0,5.0,0
-0.7001503949915203,0.6655405405405405,0.0,0.0,1.0,3.0,0
0.4287094136514924,0.7685810810810808,0.0,1.0,0.0,0.0,0
-0.5009398405251063,0.4932432432432431,8.0,0.0,1.0,0.0,0
0.7607270044288491,0.5624999999999999,3.0,0.0,1.0,4.0,0
-1.3641855765462336,0.34966216216216217,6.0,1.0,0.0,0.0,0
0.9599375588952631,0.09121621621621623,8.0,0.0,1.0,0.0,0
0.0966918228741357,0.08108108108108092,6.0,0.0,1.0,3.0,0
-0.633746876836049,0.706081081081081,9.0,1.0,0.0,0.0,0
0.6943234862733777,0.8631756756756755,1.0,1.0,0.0,4.0,1
-0.1025187315922783,0.5320945945945946,6.0,0.0,1.0,1.0,0
-0.1025187315922783,0.7145270270270269,1.0,1.0,0.0,1.0,0
-0.16892224974774964,0.9003378378378376,4.0,1.0,0.0,3.0,0
0.9599375588952631,0.7212837837837837,9.0,1.0,0.0,0.0,0
1.159148113361677,0.15709459459459452,3.0,0.0,1.0,4.0,0
-1.3641855765462336,0.6925675675675674,8.0,0.0,1.0,2.0,0
1.4247621859835624,0.12331081081081063,8.0,1.0,0.0,2.0,0
-0.23532576790322096,0.2804054054054054,8.0,0.0,1.0,3.0,0
0.2959023773405497,0.6874999999999997,8.0,1.0,0.0,3.0,0
0.22949885918507837,0.7550675675675674,5.0,1.0,0.0,0.0,0
2.420814958315632,0.6942567567567567,8.0,1.0,0.0,4.0,1
-1.9618172399454756,0.5067567567567567,3.0,0.0,1.0,3.0,0
-0.3681328042141636,0.8344594594594593,0.0,0.0,1.0,5.0,1
0.03028830471866437,0.3902027027027025,1.0,1.0,0.0,1.0,0
0.0966918228741357,0.886824324324324,1.0,0.0,1.0,5.0,0
0.36230589549602105,0.5422297297297295,6.0,1.0,0.0,1.0,0
0.2959023773405497,0.9729729729729729,4.0,0.0,1.0,4.0,0
2.088797367538276,0.5827702702702701,9.0,0.0,1.0,5.0,0
-0.036115213436806966,0.6807432432432431,0.0,1.0,0.0,4.0,0
-0.036115213436806966,0.2432432432432433,5.0,0.0,1.0,1.0,0
-0.036115213436806966,0.09797297297297292,1.0,1.0,0.0,2.0,0
1.4247621859835624,0.7635135135135135,1.0,1.0,0.0,5.0,1
-0.633746876836049,0.606418918918919,1.0,1.0,0.0,2.0,0
0.6279199681179064,0.9290540540540536,7.0,1.0,0.0,3.0,1
-0.43453632236963496,0.697635135135135,1.0,1.0,0.0,2.0,0
-2.227431312567361,0.7820945945945944,5.0,1.0,0.0,4.0,0
0.0966918228741357,0.38682432432432423,6.0,1.0,0.0,1.0,0
-0.036115213436806966,0.3682432432432431,6.0,0.0,1.0,3.0,0
0.8271305225843204,0.9070945945945944,2.0,1.0,0.0,1.0,0
-0.43453632236963496,0.45608108108108103,9.0,0.0,1.0,3.0,0
-1.3641855765462336,0.42229729729729726,6.0,1.0,0.0,5.0,0
1.4247621859835624,0.26351351351351326,5.0,1.0,0.0,4.0,0
0.8271305225843204,0.7415540540540538,0.0,0.0,1.0,4.0,1
1.0263410770507344,0.9307432432432431,0.0,1.0,0.0,4.0,1
0.6279199681179064,0.5270270270270269,0.0,1.0,0.0,3.0,0
0.03028830471866437,0.5135135135135135,2.0,1.0,0.0,0.0,0
1.4911657041390338,0.1182432432432432,7.0,1.0,0.0,0.0,0
0.2959023773405497,0.4594594594594593,9.0,1.0,0.0,1.0,0
0.2959023773405497,0.19256756756756743,0.0,1.0,0.0,4.0,0
-0.036115213436806966,0.6807432432432431,0.0,1.0,0.0,2.0,0
1.159148113361677,0.42229729729729726,0.0,0.0,1.0,2.0,0
0.8271305225843204,0.42905405405405406,0.0,0.0,1.0,5.0,1
-1.032167985768877,0.260135135135135,3.0,1.0,0.0,2.0,0
-0.16892224974774964,0.8834459459459457,0.0,1.0,0.0,0.0,0
1.4911657041390338,0.42229729729729726,0.0,0.0,1.0,0.0,0
0.36230589549602105,0.7432432432432431,2.0,1.0,0.0,1.0,0
1.756779776760919,0.9070945945945944,7.0,0.0,1.0,5.0,1
0.8271305225843204,0.7905405405405405,3.0,1.0,0.0,5.0,1
1.4911657041390338,0.7347972972972973,7.0,0.0,1.0,5.0,1
-0.5009398405251063,0.5287162162162161,3.0,0.0,1.0,0.0,0
1.358358667828091,0.4999999999999999,7.0,1.0,0.0,1.0,0
-0.9657644676134056,0.24493243243243235,5.0,0.0,1.0,3.0,0
2.088797367538276,0.4932432432432431,8.0,0.0,1.0,3.0,0
-0.633746876836049,0.07432432432432434,9.0,1.0,0.0,2.0,0
0.16309534102960704,0.31756756756756743,8.0,1.0,0.0,2.0,0
2.221604403849218,0.4662162162162161,2.0,1.0,0.0,1.0,0
2.088797367538276,0.6114864864864863,3.0,0.0,1.0,0.0,0
-0.1025187315922783,0.3293918918918918,6.0,1.0,0.0,2.0,0
-0.7001503949915203,0.5895270270270269,9.0,0.0,1.0,3.0,1
0.8271305225843204,0.5388513513513512,0.0,0.0,1.0,0.0,0
0.561516449962435,0.14864864864864857,2.0,1.0,0.0,2.0,0
1.0927445952062058,0.6165540540540538,1.0,1.0,0.0,0.0,0
0.4951129318069637,0.26182432432432423,9.0,1.0,0.0,5.0,0
0.36230589549602105,0.912162162162162,1.0,1.0,0.0,1.0,0
-1.032167985768877,0.7854729729729727,8.0,1.0,0.0,4.0,0
0.2959023773405497,0.35304054054054046,8.0,0.0,1.0,5.0,0
-1.1649750220798196,0.27533783783783783,4.0,1.0,0.0,1.0,0
-1.4969926128571762,0.8564189189189185,9.0,1.0,0.0,3.0,1
0.4951129318069637,0.7195945945945946,4.0,0.0,1.0,5.0,0
-1.5633961310126476,0.8851351351351348,1.0,1.0,0.0,5.0,0
-0.23532576790322096,0.4543918918918918,5.0,0.0,1.0,1.0,0
-1.1649750220798196,0.8023648648648646,3.0,1.0,0.0,4.0,1
0.4951129318069637,0.3648648648648648,7.0,0.0,1.0,0.0,0
-0.3681328042141636,0.21452702702702686,2.0,0.0,1.0,0.0,0
0.561516449962435,0.3817567567567567,4.0,0.0,1.0,2.0,0
1.557569222294505,0.6503378378378378,0.0,1.0,0.0,5.0,1
0.6943234862733777,0.8952702702702701,9.0,1.0,0.0,1.0,0
-0.3017292860586923,0.8074324324324323,4.0,1.0,0.0,4.0,0
0.4287094136514924,0.6249999999999999,9.0,1.0,0.0,0.0,0
1.2919551496726198,0.20270270270270263,5.0,0.0,1.0,0.0,0
0.6943234862733777,0.4729729729729729,3.0,1.0,0.0,2.0,0
2.022393849382804,0.8192567567567567,8.0,1.0,0.0,3.0,1
0.6279199681179064,0.295608108108108,8.0,1.0,0.0,1.0,0
0.561516449962435,0.10472972972972971,1.0,1.0,0.0,2.0,0
0.03028830471866437,0.14189189189189177,1.0,1.0,0.0,5.0,0
0.561516449962435,0.8445945945945942,8.0,0.0,1.0,1.0,0
0.9599375588952631,0.08277027027027029,8.0,1.0,0.0,4.0,1
0.6279199681179064,0.33783783783783783,3.0,1.0,0.0,4.0,0
0.6943234862733777,0.8108108108108106,0.0,0.0,1.0,1.0,0
1.8231832949163904,0.18243243243243235,6.0,1.0,0.0,4.0,1
-0.7665539131469916,0.49493243243243235,0.0,0.0,1.0,5.0,0
1.4911657041390338,0.724662162162162,5.0,0.0,1.0,0.0,0
-1.2977820583907622,0.23479729729729726,3.0,0.0,1.0,1.0,0
0.2959023773405497,0.7601351351351348,9.0,1.0,0.0,0.0,0
-0.43453632236963496,0.3885135135135135,6.0,1.0,0.0,0.0,0
-0.633746876836049,0.8952702702702701,9.0,1.0,0.0,0.0,0
-0.7001503949915203,0.6013513513513512,0.0,0.0,1.0,4.0,0
-0.23532576790322096,0.670608108108108,3.0,1.0,0.0,5.0,0
-1.0985715039243482,0.4391891891891889,3.0,0.0,1.0,1.0,0
0.8935340407397917,0.7145270270270269,7.0,1.0,0.0,3.0,1
0.2959023773405497,0.10472972972972971,4.0,1.0,0.0,1.0,0
-1.3641855765462336,0.30405405405405384,6.0,1.0,0.0,1.0,0
1.6903762586054478,0.4307432432432431,2.0,1.0,0.0,4.0,1
1.557569222294505,0.108108108108108,9.0,0.0,1.0,4.0,0
-0.1025187315922783,0.09797297297297292,5.0,1.0,0.0,4.0,0
1.2919551496726198,0.9324324324324323,2.0,0.0,1.0,2.0,1
0.0966918228741357,0.5016891891891889,0.0,1.0,0.0,2.0,0
-0.3681328042141636,0.3192567567567567,5.0,0.0,1.0,1.0,0
-0.1025187315922783,0.42905405405405406,0.0,0.0,1.0,0.0,0
0.6279199681179064,0.21959459459459452,6.0,1.0,0.0,2.0,0
0.36230589549602105,0.672297297297297,9.0,1.0,0.0,5.0,1
-0.16892224974774964,0.5472972972972973,9.0,1.0,0.0,5.0,0
-0.1025187315922783,0.6013513513513512,4.0,1.0,0.0,1.0,0
-1.629799649168119,0.4662162162162161,7.0,1.0,0.0,1.0,0
-0.5009398405251063,0.5016891891891889,0.0,0.0,1.0,1.0,0
0.22949885918507837,0.6925675675675674,6.0,0.0,1.0,4.0,0
0.16309534102960704,0.6114864864864863,8.0,0.0,1.0,3.0,0
0.9599375588952631,0.7635135135135135,4.0,1.0,0.0,2.0,1
0.36230589549602105,0.7466216216216216,6.0,1.0,0.0,0.0,0
-0.7665539131469916,0.5591216216216214,6.0,1.0,0.0,3.0,0
-0.832957431302463,0.4391891891891889,4.0,1.0,0.0,4.0,0
-1.1649750220798196,0.18243243243243235,7.0,1.0,0.0,0.0,0
-0.9657644676134056,0.6114864864864863,0.0,1.0,0.0,3.0,0
0.4287094136514924,0.9054054054054054,1.0,1.0,0.0,0.0,0
0.03028830471866437,0.6807432432432431,9.0,1.0,0.0,1.0,0
-0.9657644676134056,0.7466216216216216,9.0,1.0,0.0,4.0,1
0.6279199681179064,0.6638513513513512,2.0,0.0,1.0,2.0,0
-0.23532576790322096,0.22128378378378366,5.0,1.0,0.0,0.0,0
-0.1025187315922783,0.8513513513513512,3.0,1.0,0.0,0.0,0
1.4911657041390338,0.4374999999999999,7.0,0.0,1.0,0.0,0
0.2959023773405497,0.17229729729729715,9.0,0.0,1.0,4.0,0
0.6279199681179064,0.3986486486486486,6.0,1.0,0.0,1.0,0
0.8271305225843204,0.8124999999999997,8.0,1.0,0.0,0.0,0
2.022393849382804,0.6874999999999997,0.0,1.0,0.0,5.0,1
-0.7001503949915203,0.4543918918918918,6.0,0.0,1.0,3.0,0
1.358358667828091,0.33108108108108103,4.0,1.0,0.0,1.0,0
-0.8993609494579343,0.20270270270270263,4.0,1.0,0.0,4.0,0
0.0966918228741357,0.7787162162162161,5.0,1.0,0.0,3.0,1
-1.032167985768877,0.260135135135135,1.0,0.0,1.0,5.0,0
-2.028220758100947,0.46114864864864835,2.0,0.0,1.0,4.0,0
0.8935340407397917,0.125,7.0,0.0,1.0,4.0,0
0.36230589549602105,0.2466216216216216,1.0,1.0,0.0,0.0,0
0.8935340407397917,0.8260135135135133,1.0,0.0,1.0,1.0,0
-1.3641855765462336,0.41891891891891875,4.0,0.0,1.0,0.0,0
1.6903762586054478,0.7499999999999999,7.0,1.0,0.0,0.0,0
-0.3681328042141636,0.572635135135135,0.0,1.0,0.0,4.0,0
-1.0985715039243482,0.831081081081081,6.0,1.0,0.0,4.0,1
-0.43453632236963496,0.22466216216216206,2.0,1.0,0.0,3.0,0
1.6239727404499764,0.8006756756756753,3.0,1.0,0.0,0.0,0
1.159148113361677,0.5692567567567567,6.0,0.0,1.0,1.0,0
-1.3641855765462336,0.3124999999999999,6.0,0.0,1.0,4.0,0
-2.0946242762564182,0.5287162162162161,7.0,1.0,0.0,3.0,0
0.8935340407397917,0.0,5.0,0.0,1.0,4.0,0
-1.5633961310126476,0.5253378378378378,7.0,0.0,1.0,2.0,0
0.16309534102960704,0.6807432432432431,2.0,0.0,1.0,5.0,1
-0.5009398405251063,0.38682432432432423,0.0,0.0,1.0,2.0,0
-0.23532576790322096,0.10304054054054057,1.0,0.0,1.0,4.0,0
1.4247621859835624,0.7922297297297297,1.0,1.0,0.0,1.0,1
0.9599375588952631,0.44256756756756743,3.0,0.0,1.0,4.0,0
-1.430589094701705,0.4104729729729729,2.0,1.0,0.0,5.0,0
-0.7001503949915203,0.41216216216216217,9.0,0.0,1.0,4.0,0
0.2959023773405497,0.6300675675675674,3.0,0.0,1.0,1.0,0
1.2255516315171484,0.5929054054054054,7.0,1.0,0.0,3.0,1
-0.3017292860586923,0.1875,9.0,0.0,1.0,2.0,0
0.16309534102960704,0.7314189189189185,5.0,1.0,0.0,2.0,1
-2.957870012277546,0.33277027027027006,8.0,0.0,1.0,5.0,0
-0.7001503949915203,0.5641891891891891,9.0,0.0,1.0,0.0,0
0.561516449962435,0.8682432432432431,6.0,1.0,0.0,4.0,0
-0.5673433586805776,0.7077702702702703,0.0,0.0,1.0,4.0,0
-0.16892224974774964,0.6368243243243242,0.0,0.0,1.0,5.0,0
-0.7001503949915203,0.07432432432432434,6.0,0.0,1.0,0.0,0
-1.7626066854790616,0.16216216216216206,6.0,1.0,0.0,4.0,0
0.2959023773405497,0.17905405405405395,2.0,1.0,0.0,5.0,0
0.22949885918507837,0.5608108108108106,1.0,0.0,1.0,2.0,0
0.2959023773405497,0.5777027027027025,6.0,1.0,0.0,1.0,0
-0.43453632236963496,0.16722972972972971,3.0,1.0,0.0,3.0,0
-0.23532576790322096,0.1841216216216215,2.0,0.0,1.0,4.0,0
-0.5673433586805776,0.9003378378378376,7.0,0.0,1.0,0.0,0
2.155200885693747,0.46790540540540515,2.0,0.0,1.0,2.0,0
-0.3681328042141636,0.7668918918918918,8.0,1.0,0.0,2.0,0
0.9599375588952631,0.18243243243243235,7.0,1.0,0.0,0.0,0
0.6943234862733777,0.7905405405405405,6.0,1.0,0.0,0.0,0
-2.0946242762564182,0.5827702702702701,7.0,0.0,1.0,0.0,0
-1.231378540235291,0.47804054054054046,1.0,1.0,0.0,3.0,0
0.0966918228741357,0.1351351351351351,0.0,0.0,1.0,3.0,0
-0.1025187315922783,0.5270270270270269,8.0,1.0,0.0,4.0,0
-0.9657644676134056,0.46790540540540515,5.0,1.0,0.0,1.0,0
-1.2977820583907622,0.2533783783783784,6.0,1.0,0.0,0.0,0
0.6943234862733777,0.27533783783783783,4.0,1.0,0.0,2.0,0
-0.633746876836049,0.14358108108108092,7.0,1.0,0.0,1.0,0
0.4951129318069637,0.8733108108108109,3.0,1.0,0.0,1.0,0
-0.1025187315922783,0.8378378378378376,9.0,0.0,1.0,2.0,1
0.03028830471866437,0.4391891891891889,2.0,0.0,1.0,3.0,0
-0.7001503949915203,0.8783783783783782,8.0,0.0,1.0,3.0,1
-0.5673433586805776,0.5979729729729729,3.0,0.0,1.0,3.0,0
1.955990331227333,0.9560810810810808,8.0,0.0,1.0,5.0,1
-0.036115213436806966,0.2888513513513512,5.0,1.0,0.0,4.0,0
-0.5673433586805776,0.7601351351351348,7.0,1.0,0.0,2.0,0
0.9599375588952631,0.3682432432432431,4.0,0.0,1.0,2.0,1
0.03028830471866437,0.8327702702702703,4.0,1.0,0.0,3.0,0
-1.231378540235291,0.6148648648648646,6.0,1.0,0.0,4.0,0
1.6239727404499764,0.5929054054054054,5.0,0.0,1.0,2.0,1
0.561516449962435,0.2854729729729729,9.0,1.0,0.0,4.0,0
1.0263410770507344,0.5709459459459457,4.0,0.0,1.0,3.0,0
-2.028220758100947,0.1182432432432432,9.0,1.0,0.0,5.0,0
-0.5009398405251063,0.3902027027027025,7.0,1.0,0.0,5.0,0
-0.43453632236963496,0.822635135135135,1.0,0.0,1.0,1.0,0
0.0966918228741357,0.5962837837837837,8.0,1.0,0.0,1.0,0
1.6903762586054478,0.33783783783783783,8.0,1.0,0.0,3.0,1
2.088797367538276,0.6773648648648648,9.0,1.0,0.0,2.0,1
1.0263410770507344,0.26520270270270274,1.0,0.0,1.0,2.0,0
0.2959023773405497,0.5135135135135135,6.0,1.0,0.0,1.0,0
-1.5633961310126476,0.060810810810810856,4.0,0.0,1.0,4.0,0
0.2959023773405497,0.10304054054054057,8.0,1.0,0.0,1.0,0
-1.430589094701705,0.24831081081081063,9.0,1.0,0.0,3.0,0
-0.8993609494579343,0.23479729729729726,9.0,1.0,0.0,5.0,0
0.8935340407397917,0.42905405405405406,3.0,1.0,0.0,0.0,0
0.6943234862733777,0.5168918918918918,6.0,1.0,0.0,0.0,0
-0.036115213436806966,0.7652027027027025,9.0,1.0,0.0,3.0,1
0.8271305225843204,0.5641891891891891,6.0,0.0,1.0,4.0,0
0.8935340407397917,0.23479729729729726,9.0,0.0,1.0,1.0,0
-0.7001503949915203,0.40033783783783783,9.0,1.0,0.0,1.0,0
-0.3681328042141636,0.358108108108108,5.0,1.0,0.0,1.0,0
0.16309534102960704,0.7128378378378376,2.0,1.0,0.0,5.0,0
-0.5673433586805776,0.46790540540540515,6.0,1.0,0.0,1.0,0
0.6279199681179064,0.8040540540540541,3.0,1.0,0.0,5.0,0
0.36230589549602105,0.8293918918918916,0.0,1.0,0.0,3.0,0
0.561516449962435,0.5861486486486486,0.0,0.0,1.0,1.0,0
0.36230589549602105,0.9510135135135133,4.0,1.0,0.0,1.0,0
-1.032167985768877,0.15878378378378377,5.0,0.0,1.0,4.0,0
-1.6962031673235902,0.3885135135135135,2.0,0.0,1.0,3.0,0
0.22949885918507837,0.23817567567567555,6.0,1.0,0.0,3.0,0
-0.036115213436806966,0.6756756756756753,7.0,1.0,0.0,4.0,0
-0.8993609494579343,0.33952702702702686,5.0,1.0,0.0,5.0,0
-1.8954137217900044,0.5878378378378376,0.0,1.0,0.0,1.0,0
-0.23532576790322096,0.5557432432432431,4.0,1.0,0.0,0.0,0
-0.5673433586805776,0.6097972972972973,8.0,1.0,0.0,0.0,0
0.16309534102960704,0.23479729729729726,9.0,0.0,1.0,3.0,0
-0.1025187315922783,0.6199324324324323,4.0,1.0,0.0,5.0,0
1.4247621859835624,0.1807432432432432,0.0,0.0,1.0,1.0,0
-0.7001503949915203,0.32432432432432423,8.0,1.0,0.0,4.0,0
1.756779776760919,0.4898648648648648,0.0,0.0,1.0,4.0,1
-0.23532576790322096,0.1739864864864865,6.0,1.0,0.0,4.0,0
0.03028830471866437,0.4864864864864863,5.0,0.0,1.0,1.0,0
0.36230589549602105,0.3648648648648648,8.0,0.0,1.0,2.0,0
-0.5009398405251063,0.36317567567567555,3.0,1.0,0.0,3.0,0
0.9599375588952631,0.41554054054054046,2.0,1.0,0.0,2.0,0
-0.7665539131469916,0.8935810810810808,2.0,0.0,1.0,2.0,0
0.16309534102960704,0.5743243243243242,0.0,0.0,1.0,4.0,0
-0.5009398405251063,0.2854729729729729,9.0,1.0,0.0,3.0,0
1.0927445952062058,0.43581081081081063,9.0,1.0,0.0,1.0,0
1.159148113361677,0.33783783783783783,4.0,0.0,1.0,2.0,0
1.4911657041390338,0.23141891891891886,4.0,0.0,1.0,3.0,0
0.03028830471866437,0.6520270270270269,7.0,1.0,0.0,1.0,0
1.8231832949163904,0.5354729729729729,1.0,0.0,1.0,5.0,1
-0.16892224974774964,0.697635135135135,2.0,1.0,0.0,0.0,0
-0.43453632236963496,0.8513513513513512,7.0,1.0,0.0,2.0,1
0.4951129318069637,0.39358108108108103,1.0,1.0,0.0,3.0,0
-0.5009398405251063,0.5574324324324323,8.0,0.0,1.0,1.0,0
-0.3681328042141636,0.9358108108108106,2.0,1.0,0.0,0.0,0
0.6943234862733777,0.699324324324324,1.0,1.0,0.0,4.0,1
0.2959023773405497,0.5337837837837837,1.0,1.0,0.0,0.0,0
0.0966918228741357,0.7652027027027025,1.0,1.0,0.0,1.0,0
0.0966918228741357,0.6216216216216216,1.0,0.0,1.0,0.0,0
-2.426641867033775,0.5929054054054054,7.0,0.0,1.0,5.0,0
-0.3681328042141636,0.08445945945945943,3.0,0.0,1.0,0.0,0
-0.7001503949915203,0.7162162162162159,6.0,1.0,0.0,1.0,0
1.2255516315171484,0.9391891891891889,6.0,0.0,1.0,1.0,0
0.561516449962435,0.5320945945945946,3.0,0.0,1.0,1.0,0
-0.7001503949915203,0.21790540540540537,1.0,0.0,1.0,4.0,0
-0.9657644676134056,0.17905405405405395,8.0,1.0,0.0,1.0,0
0.6943234862733777,0.09459459459459452,4.0,0.0,1.0,3.0,0
-0.7001503949915203,0.2432432432432433,0.0,0.0,1.0,2.0,0
0.6943234862733777,0.3614864864864863,1.0,1.0,0.0,4.0,0
1.955990331227333,0.6942567567567567,0.0,1.0,0.0,1.0,0
0.03028830471866437,0.18918918918918914,0.0,1.0,0.0,5.0,0
-0.5673433586805776,0.05912162162162149,0.0,1.0,0.0,2.0,0
1.0927445952062058,0.5658783783783782,1.0,0.0,1.0,4.0,0
1.6903762586054478,0.7483108108108109,4.0,0.0,1.0,2.0,1
-1.430589094701705,0.7601351351351348,7.0,1.0,0.0,1.0,0
1.159148113361677,0.33108108108108103,5.0,1.0,0.0,2.0,1
1.557569222294505,0.4341216216216216,2.0,0.0,1.0,1.0,0
-1.7626066854790616,0.1013513513513512,7.0,0.0,1.0,4.0,0
-0.5673433586805776,0.5270270270270269,8.0,1.0,0.0,3.0,0
-0.16892224974774964,0.3192567567567567,9.0,1.0,0.0,0.0,0
0.03028830471866437,0.09459459459459452,6.0,0.0,1.0,3.0,0
-1.6962031673235902,0.8192567567567567,3.0,0.0,1.0,1.0,0
-0.832957431302463,0.13344594594594594,9.0,0.0,1.0,0.0,0
0.16309534102960704,0.5929054054054054,7.0,1.0,0.0,0.0,0
-0.23532576790322096,0.7179054054054052,8.0,1.0,0.0,5.0,0
0.36230589549602105,0.26182432432432423,3.0,0.0,1.0,4.0,0
-0.43453632236963496,0.2499999999999999,9.0,1.0,0.0,0.0,0
-0.1025187315922783,0.14358108108108092,2.0,1.0,0.0,3.0,0
2.088797367538276,0.10641891891891886,0.0,1.0,0.0,0.0,0
-0.9657644676134056,0.822635135135135,1.0,1.0,0.0,1.0,0
0.03028830471866437,0.7584459459459457,9.0,0.0,1.0,4.0,0
-0.43453632236963496,0.11148648648648651,1.0,0.0,1.0,1.0,0
0.2959023773405497,0.1807432432432432,8.0,0.0,1.0,1.0,0
0.0966918228741357,0.3766891891891889,2.0,1.0,0.0,3.0,0
-0.633746876836049,0.22972972972972971,2.0,1.0,0.0,1.0,0
-2.6922559396556602,0.44256756756756743,4.0,0.0,1.0,1.0,0
-1.430589094701705,0.26858108108108103,0.0,1.0,0.0,2.0,0
-0.43453632236963496,0.8108108108108106,0.0,1.0,0.0,5.0,0
0.6279199681179064,0.4273648648648648,2.0,0.0,1.0,5.0,0
-0.3017292860586923,0.6249999999999999,5.0,1.0,0.0,5.0,0
1.358358667828091,0.6520270270270269,7.0,1.0,0.0,5.0,1
-0.1025187315922783,0.8817567567567565,8.0,1.0,0.0,0.0,0
-0.43453632236963496,0.46790540540540515,3.0,0.0,1.0,4.0,0
-0.3017292860586923,0.21959459459459452,7.0,0.0,1.0,3.0,0
-1.430589094701705,0.6537162162162161,1.0,1.0,0.0,0.0,0
1.4911657041390338,0.21452702702702686,2.0,1.0,0.0,0.0,0
-0.43453632236963496,0.3513513513513512,6.0,1.0,0.0,2.0,0
-1.032167985768877,0.920608108108108,4.0,1.0,0.0,5.0,0
2.420814958315632,0.7601351351351348,4.0,1.0,0.0,2.0,1
-0.16892224974774964,0.8479729729729729,2.0,1.0,0.0,4.0,0
0.4287094136514924,0.1739864864864865,7.0,0.0,1.0,2.0,0
0.4951129318069637,0.9797297297297295,2.0,0.0,1.0,4.0,1
1.159148113361677,0.6587837837837834,5.0,1.0,0.0,4.0,1
0.16309534102960704,0.822635135135135,1.0,1.0,0.0,0.0,0
1.8895868130718618,0.5895270270270269,9.0,1.0,0.0,0.0,0
-0.5009398405251063,0.6047297297297295,4.0,1.0,0.0,4.0,1
-1.0985715039243482,0.6925675675675674,2.0,1.0,0.0,3.0,1
0.6943234862733777,0.5861486486486486,3.0,1.0,0.0,3.0,0
0.4951129318069637,0.3749999999999999,4.0,1.0,0.0,1.0,0
0.16309534102960704,0.5912162162162159,8.0,0.0,1.0,3.0,1
1.0263410770507344,0.6587837837837834,8.0,1.0,0.0,2.0,1
0.6943234862733777,0.913851351351351,6.0,1.0,0.0,1.0,0
-0.43453632236963496,0.6385135135135135,9.0,1.0,0.0,3.0,0
0.7607270044288491,0.2989864864864863,5.0,1.0,0.0,3.0,0
-1.8954137217900044,0.6013513513513512,7.0,1.0,0.0,1.0,0
1.6239727404499764,0.7584459459459457,2.0,1.0,0.0,3.0,1
0.2959023773405497,0.46283783783783783,9.0,0.0,1.0,5.0,0
0.16309534102960704,0.7787162162162161,6.0,0.0,1.0,0.0,0
0.9599375588952631,0.7297297297297295,9.0,1.0,0.0,2.0,1
-0.23532576790322096,0.46452702702702686,6.0,1.0,0.0,2.0,0
-0.633746876836049,0.6874999999999997,2.0,1.0,0.0,4.0,0
0.7607270044288491,0.6114864864864863,3.0,1.0,0.0,3.0,1
-0.16892224974774964,0.6537162162162161,3.0,1.0,0.0,3.0,0
0.22949885918507837,0.581081081081081,8.0,1.0,0.0,4.0,0
-0.7001503949915203,0.020270270270270285,3.0,0.0,1.0,5.0,0
-0.5673433586805776,0.7804054054054052,8.0,1.0,0.0,0.0,0
-0.5009398405251063,0.5557432432432431,8.0,0.0,1.0,5.0,0
0.4287094136514924,0.7010135135135133,3.0,1.0,0.0,0.0,0
-0.7001503949915203,0.7212837837837837,4.0,0.0,1.0,1.0,0
0.561516449962435,0.8800675675675674,3.0,1.0,0.0,1.0,0
-0.633746876836049,0.8260135135135133,7.0,1.0,0.0,0.0,0
1.6903762586054478,0.7787162162162161,3.0,0.0,1.0,5.0,1
1.8895868130718618,0.7770270270270269,1.0,0.0,1.0,2.0,1
-0.9657644676134056,0.699324324324324,5.0,1.0,0.0,5.0,0
0.8271305225843204,0.30405405405405384,1.0,1.0,0.0,3.0,0
-1.0985715039243482,0.08952702702702697,3.0,0.0,1.0,1.0,0
-1.032167985768877,0.5793918918918918,2.0,1.0,0.0,3.0,0
-0.3017292860586923,0.5523648648648646,8.0,0.0,1.0,0.0,0
0.2959023773405497,0.8209459459459457,9.0,1.0,0.0,5.0,0
0.16309534102960704,0.8344594594594593,0.0,1.0,0.0,4.0,1
1.2255516315171484,0.16722972972972971,4.0,0.0,1.0,0.0,0
-1.829010203634533,0.5624999999999999,6.0,1.0,0.0,2.0,0
-0.3681328042141636,0.5760135135135135,0.0,0.0,1.0,1.0,0
0.22949885918507837,0.3429054054054054,7.0,0.0,1.0,2.0,0
1.0927445952062058,0.5202702702702701,7.0,0.0,1.0,0.0,0
0.16309534102960704,0.3513513513513512,5.0,1.0,0.0,0.0,0
0.4287094136514924,0.6503378378378378,7.0,1.0,0.0,2.0,0
-0.5673433586805776,0.9966216216216214,6.0,1.0,0.0,5.0,0
-0.7665539131469916,0.46452702702702686,3.0,1.0,0.0,5.0,0
0.561516449962435,0.6824324324324323,0.0,1.0,0.0,3.0,0
0.561516449962435,0.30067567567567555,2.0,1.0,0.0,1.0,0
0.03028830471866437,0.7263513513513512,8.0,1.0,0.0,0.0,0
0.16309534102960704,0.5912162162162159,2.0,0.0,1.0,4.0,0
-0.832957431302463,0.9324324324324323,2.0,1.0,0.0,2.0,0
-0.43453632236963496,0.47804054054054046,4.0,1.0,0.0,5.0,0
-1.6962031673235902,0.27533783783783783,3.0,1.0,0.0,2.0,0
-0.1025187315922783,0.6283783783783782,4.0,0.0,1.0,1.0,0
-1.9618172399454756,0.7415540540540538,2.0,1.0,0.0,2.0,0
1.6903762586054478,0.3817567567567567,3.0,0.0,1.0,3.0,0
1.4247621859835624,0.4527027027027025,4.0,1.0,0.0,4.0,0
-0.23532576790322096,0.41891891891891875,9.0,1.0,0.0,3.0,0
0.16309534102960704,0.23817567567567555,9.0,0.0,1.0,4.0,0
-0.23532576790322096,0.10304054054054057,2.0,1.0,0.0,2.0,0
-0.832957431302463,0.3479729729729729,9.0,1.0,0.0,5.0,0
-1.032167985768877,0.46452702702702686,1.0,0.0,1.0,4.0,0
-0.3681328042141636,0.6097972972972973,9.0,0.0,1.0,3.0,1
-2.16102779441189,0.5979729729729729,8.0,1.0,0.0,4.0,0
-0.832957431302463,0.2736486486486486,3.0,0.0,1.0,0.0,0
-0.3017292860586923,0.32432432432432423,3.0,1.0,0.0,2.0,0
0.03028830471866437,0.1773648648648648,8.0,1.0,0.0,1.0,0
0.03028830471866437,0.4374999999999999,5.0,0.0,1.0,0.0,0
-0.7001503949915203,0.11655405405405406,2.0,0.0,1.0,2.0,0
1.2919551496726198,0.6469594594594591,5.0,1.0,0.0,3.0,1
0.8935340407397917,0.48479729729729726,4.0,1.0,0.0,2.0,1
0.4951129318069637,0.2736486486486486,7.0,1.0,0.0,4.0,0
0.8935340407397917,0.8462837837837837,4.0,1.0,0.0,5.0,1
-1.3641855765462336,0.822635135135135,0.0,0.0,1.0,0.0,0
0.16309534102960704,0.5675675675675674,5.0,1.0,0.0,4.0,0
-0.036115213436806966,0.32770270270270274,4.0,1.0,0.0,0.0,0
0.6279199681179064,0.46452702702702686,0.0,0.0,1.0,2.0,0
0.4287094136514924,0.6283783783783782,1.0,1.0,0.0,4.0,0
-0.5009398405251063,0.49155405405405406,2.0,0.0,1.0,5.0,0
-1.0985715039243482,0.3513513513513512,5.0,1.0,0.0,4.0,0
0.6279199681179064,0.4763513513513512,9.0,0.0,1.0,0.0,0
-0.5673433586805776,0.04729729729729726,6.0,1.0,0.0,4.0,0
2.155200885693747,0.7635135135135135,5.0,0.0,1.0,4.0,1
-2.16102779441189,0.260135135135135,3.0,0.0,1.0,2.0,0
0.8935340407397917,0.1317567567567568,3.0,1.0,0.0,0.0,0
-0.036115213436806966,0.19932432432432423,7.0,1.0,0.0,5.0,0
-1.3641855765462336,0.44932432432432423,4.0,0.0,1.0,5.0,0
0.16309534102960704,0.5827702702702701,9.0,0.0,1.0,3.0,0
-0.5673433586805776,0.5827702702702701,8.0,0.0,1.0,5.0,0
-0.3681328042141636,0.9594594594594593,9.0,1.0,0.0,3.0,0
0.9599375588952631,0.7787162162162161,4.0,1.0,0.0,4.0,1
1.6239727404499764,0.24493243243243235,4.0,1.0,0.0,0.0,0
-1.829010203634533,0.6570945945945944,4.0,1.0,0.0,4.0,0
-0.43453632236963496,0.14527027027027029,8.0,1.0,0.0,0.0,0
-0.7001503949915203,0.27702702702702686,5.0,1.0,0.0,2.0,0
-2.028220758100947,0.7601351351351348,8.0,0.0,1.0,0.0,0
0.8935340407397917,0.31756756756756743,1.0,1.0,0.0,1.0,0
0.22949885918507837,0.47466216216216195,4.0,0.0,1.0,4.0,0
-1.2977820583907622,0.18918918918918914,4.0,1.0,0.0,2.0,0
0.8271305225843204,0.5219594594594593,3.0,0.0,1.0,2.0,1
-1.9618172399454756,0.7043918918918918,5.0,0.0,1.0,5.0,0
0.4287094136514924,0.20439189189189177,9.0,1.0,0.0,2.0,0
1.0927445952062058,0.1807432432432432,0.0,1.0,0.0,1.0,0
-0.16892224974774964,0.6452702702702701,0.0,0.0,1.0,4.0,0
1.159148113361677,0.6148648648648646,2.0,0.0,1.0,1.0,1
-0.036115213436806966,0.1773648648648648,5.0,1.0,0.0,2.0,0
1.0927445952062058,0.44932432432432423,8.0,1.0,0.0,2.0,0
0.4287094136514924,0.36655405405405406,1.0,1.0,0.0,4.0,0
-0.832957431302463,0.8327702702702703,2.0,0.0,1.0,5.0,0
-0.832957431302463,0.4695945945945946,2.0,1.0,0.0,1.0,0
-0.8993609494579343,0.7635135135135135,4.0,0.0,1.0,0.0,0
0.561516449962435,0.3969594594594593,3.0,1.0,0.0,1.0,0
-1.6962031673235902,0.13682432432432423,6.0,0.0,1.0,4.0,0
-1.7626066854790616,0.6756756756756753,5.0,1.0,0.0,0.0,0
0.2959023773405497,0.12331081081081063,7.0,0.0,1.0,1.0,0
1.4911657041390338,0.48141891891891875,1.0,1.0,0.0,4.0,1
0.7607270044288491,0.984797297297297,0.0,0.0,1.0,3.0,1
-0.7001503949915203,0.2398648648648648,3.0,1.0,0.0,1.0,0
-0.5009398405251063,0.15371621621621623,1.0,1.0,0.0,0.0,0
0.0966918228741357,0.5861486486486486,6.0,1.0,0.0,1.0,0
-0.43453632236963496,0.8006756756756753,9.0,0.0,1.0,3.0,1
-0.5673433586805776,0.733108108108108,2.0,1.0,0.0,0.0,0
0.9599375588952631,0.545608108108108,0.0,1.0,0.0,0.0,0
1.159148113361677,0.15033783783783772,3.0,1.0,0.0,3.0,1
0.0966918228741357,0.22128378378378366,8.0,0.0,1.0,4.0,0
0.03028830471866437,0.33952702702702686,4.0,0.0,1.0,3.0,0
-1.2977820583907622,0.17567567567567566,9.0,1.0,0.0,3.0,0
-0.1025187315922783,0.5641891891891891,7.0,1.0,0.0,1.0,0
-0.7665539131469916,0.6824324324324323,2.0,1.0,0.0,5.0,0
1.2919551496726198,0.14864864864864857,4.0,0.0,1.0,5.0,0
-0.5673433586805776,0.26520270270270274,7.0,0.0,1.0,4.0,0
-0.9657644676134056,0.6047297297297295,5.0,1.0,0.0,1.0,0
-0.036115213436806966,0.7685810810810808,2.0,0.0,1.0,2.0,1
0.4951129318069637,0.32432432432432423,8.0,1.0,0.0,5.0,0
-0.1025187315922783,0.1283783783783783,1.0,0.0,1.0,3.0,0
0.4287094136514924,0.5236486486486486,4.0,0.0,1.0,0.0,0
-1.032167985768877,0.5878378378378376,9.0,1.0,0.0,5.0,0
0.6943234862733777,0.8969594594594591,5.0,1.0,0.0,5.0,0
0.4287094136514924,0.795608108108108,2.0,1.0,0.0,0.0,0
-0.9657644676134056,0.08614864864864857,5.0,1.0,0.0,3.0,0
-0.3681328042141636,0.26858108108108103,0.0,1.0,0.0,3.0,0
-0.633746876836049,0.8395270270270269,1.0,1.0,0.0,0.0,0
-0.633746876836049,0.6266891891891891,5.0,1.0,0.0,1.0,0
1.0263410770507344,0.43581081081081063,2.0,1.0,0.0,0.0,0
-1.032167985768877,0.07432432432432434,5.0,1.0,0.0,5.0,0
-0.1025187315922783,0.5861486486486486,1.0,1.0,0.0,3.0,0
0.6279199681179064,0.21452702702702686,4.0,1.0,0.0,0.0,0
-1.2977820583907622,0.7533783783783782,2.0,0.0,1.0,0.0,0
0.6943234862733777,0.5540540540540541,5.0,0.0,1.0,4.0,0
-1.032167985768877,0.5067567567567567,5.0,1.0,0.0,0.0,0
0.0966918228741357,0.09290540540540537,1.0,0.0,1.0,4.0,0
0.22949885918507837,0.2736486486486486,9.0,1.0,0.0,5.0,0
0.22949885918507837,0.6604729729729727,1.0,1.0,0.0,5.0,1
-0.5009398405251063,0.815878378378378,3.0,1.0,0.0,5.0,0
1.0927445952062058,0.3260135135135135,7.0,1.0,0.0,3.0,1
1.557569222294505,0.2567567567567567,0.0,1.0,0.0,2.0,1
0.6279199681179064,0.16554054054054046,3.0,1.0,0.0,3.0,0
-0.5673433586805776,0.5624999999999999,0.0,0.0,1.0,0.0,0
0.0966918228741357,0.9341216216216214,2.0,1.0,0.0,3.0,1
0.6943234862733777,0.09290540540540537,1.0,0.0,1.0,3.0,0
-0.8993609494579343,0.295608108108108,0.0,1.0,0.0,4.0,0
-0.23532576790322096,0.7601351351351348,3.0,1.0,0.0,5.0,0
0.03028830471866437,0.7398648648648646,1.0,0.0,1.0,0.0,0
-0.633746876836049,0.5979729729729729,6.0,1.0,0.0,1.0,0
-1.8954137217900044,0.8327702702702703,9.0,1.0,0.0,4.0,0
-0.3681328042141636,0.4391891891891889,2.0,1.0,0.0,0.0,0
-0.1025187315922783,0.41216216216216217,3.0,1.0,0.0,3.0,0
0.03028830471866437,0.8530405405405402,8.0,1.0,0.0,3.0,0
-1.9618172399454756,0.08614864864864857,1.0,1.0,0.0,4.0,0
0.03028830471866437,0.8699324324324321,7.0,0.0,1.0,0.0,0
-0.7001503949915203,0.9307432432432431,3.0,0.0,1.0,1.0,0
-0.1025187315922783,0.8766891891891891,8.0,1.0,0.0,0.0,0
1.4247621859835624,0.22128378378378366,7.0,0.0,1.0,5.0,0
-0.832957431302463,0.8952702702702701,9.0,0.0,1.0,5.0,0
0.22949885918507837,0.7212837837837837,5.0,0.0,1.0,1.0,0
0.8271305225843204,0.06756756756756754,9.0,0.0,1.0,2.0,0
-2.028220758100947,0.3682432432432431,0.0,1.0,0.0,2.0,0
-1.2977820583907622,0.7466216216216216,9.0,1.0,0.0,4.0,1
-1.9618172399454756,0.5489864864864863,0.0,1.0,0.0,1.0,0
0.561516449962435,0.7043918918918918,0.0,1.0,0.0,0.0,0
-0.7665539131469916,0.41891891891891875,7.0,0.0,1.0,3.0,0
-0.1025187315922783,0.5337837837837837,3.0,1.0,0.0,3.0,0
-0.832957431302463,0.20777027027027017,0.0,0.0,1.0,3.0,0
1.4911657041390338,0.2466216216216216,5.0,1.0,0.0,0.0,0
-0.633746876836049,0.787162162162162,0.0,0.0,1.0,3.0,0
-2.360238348878304,0.15033783783783772,4.0,0.0,1.0,0.0,0
0.16309534102960704,0.233108108108108,6.0,1.0,0.0,3.0,0
0.0966918228741357,0.4054054054054054,1.0,1.0,0.0,5.0,0
0.8935340407397917,0.5270270270270269,2.0,0.0,1.0,2.0,0
0.36230589549602105,0.6756756756756753,1.0,1.0,0.0,1.0,0
-0.1025187315922783,0.7567567567567565,5.0,1.0,0.0,1.0,0
0.9599375588952631,0.7567567567567565,8.0,0.0,1.0,2.0,1
2.155200885693747,0.4104729729729729,2.0,0.0,1.0,2.0,0
-0.16892224974774964,0.4172297297297295,4.0,0.0,1.0,5.0,0
-0.036115213436806966,0.16722972972972971,8.0,0.0,1.0,1.0,0
0.36230589549602105,0.913851351351351,5.0,1.0,0.0,2.0,0
1.2255516315171484,0.2854729729729729,9.0,0.0,1.0,1.0,0
-1.5633961310126476,0.5050675675675674,1.0,0.0,1.0,0.0,0
1.4247621859835624,0.3648648648648648,3.0,1.0,0.0,2.0,0
-0.633746876836049,0.6638513513513512,7.0,0.0,1.0,4.0,0
-1.3641855765462336,0.16047297297297292,3.0,0.0,1.0,2.0,0
-1.430589094701705,0.5895270270270269,1.0,1.0,0.0,0.0,0
-0.7665539131469916,0.6351351351351352,1.0,1.0,0.0,5.0,0
-0.832957431302463,0.7483108108108109,0.0,0.0,1.0,3.0,0
0.36230589549602105,0.7820945945945944,3.0,1.0,0.0,4.0,0
-1.3641855765462336,0.7297297297297295,3.0,0.0,1.0,1.0,0
0.6943234862733777,0.7381756756756755,9.0,0.0,1.0,3.0,0
0.2959023773405497,0.21283783783783772,5.0,1.0,0.0,2.0,0
0.8271305225843204,0.12331081081081063,8.0,1.0,0.0,1.0,0
-0.23532576790322096,0.30067567567567555,4.0,1.0,0.0,2.0,0
3.2176571761812887,0.7668918918918918,0.0,1.0,0.0,3.0,1
-0.5009398405251063,0.21114864864864857,8.0,0.0,1.0,4.0,0
-0.5009398405251063,0.20777027027027017,0.0,1.0,0.0,4.0,0
-0.23532576790322096,0.038851351351351204,9.0,1.0,0.0,3.0,0
-1.7626066854790616,0.15540540540540537,4.0,1.0,0.0,4.0,0
1.2255516315171484,0.15371621621621623,2.0,0.0,1.0,4.0,0
0.03028830471866437,0.6824324324324323,5.0,1.0,0.0,0.0,0
-0.16892224974774964,0.28378378378378366,4.0,0.0,1.0,5.0,0
-0.3681328042141636,0.11655405405405406,2.0,1.0,0.0,3.0,0
0.8271305225843204,0.17905405405405395,7.0,1.0,0.0,0.0,0
0.36230589549602105,0.8023648648648646,9.0,0.0,1.0,1.0,0
-0.832957431302463,0.5523648648648646,6.0,0.0,1.0,5.0,0
1.756779776760919,0.9172297297297297,0.0,1.0,0.0,3.0,1
-1.032167985768877,0.6334459459459457,4.0,0.0,1.0,1.0,0
1.4911657041390338,0.11655405405405406,2.0,1.0,0.0,0.0,0
1.159148113361677,0.1317567567567568,2.0,0.0,1.0,0.0,0
0.0966918228741357,0.3648648648648648,4.0,0.0,1.0,1.0,0
-1.032167985768877,0.8699324324324321,8.0,1.0,0.0,2.0,0
-0.8993609494579343,0.15709459459459452,2.0,1.0,0.0,2.0,0
0.22949885918507837,0.8108108108108106,2.0,1.0,0.0,2.0,0
0.36230589549602105,0.26351351351351326,0.0,1.0,0.0,4.0,0
-1.829010203634533,0.5675675675675674,5.0,1.0,0.0,1.0,0
-1.032167985768877,0.31081081081081063,7.0,1.0,0.0,0.0,0
-0.5673433586805776,0.5793918918918918,0.0,0.0,1.0,2.0,0
1.2919551496726198,0.6047297297297295,9.0,1.0,0.0,4.0,1
1.0263410770507344,0.6300675675675674,2.0,1.0,0.0,3.0,1
0.6943234862733777,0.16047297297297292,5.0,1.0,0.0,4.0,0
2.155200885693747,0.572635135135135,3.0,1.0,0.0,4.0,0
-0.1025187315922783,0.47128378378378366,0.0,1.0,0.0,3.0,0
-0.1025187315922783,0.8581081081081078,0.0,1.0,0.0,2.0,0
0.03028830471866437,0.5202702702702701,6.0,1.0,0.0,2.0,0
2.022393849382804,0.1317567567567568,4.0,0.0,1.0,1.0,0
0.6943234862733777,0.787162162162162,4.0,0.0,1.0,3.0,0
-1.1649750220798196,0.6351351351351352,3.0,1.0,0.0,2.0,1
-1.7626066854790616,0.48141891891891875,9.0,1.0,0.0,4.0,0
-0.3681328042141636,0.26858108108108103,0.0,1.0,0.0,2.0,0
1.2255516315171484,0.4763513513513512,5.0,0.0,1.0,5.0,0
0.03028830471866437,0.7618243243243242,9.0,1.0,0.0,1.0,0
-0.1025187315922783,0.4594594594594593,9.0,0.0,1.0,4.0,0
-0.5009398405251063,0.4307432432432431,6.0,0.0,1.0,2.0,0
0.03028830471866437,0.39358108108108103,9.0,1.0,0.0,5.0,0
0.22949885918507837,0.849662162162162,8.0,1.0,0.0,5.0,1
-1.0985715039243482,0.5152027027027025,5.0,1.0,0.0,3.0,0
0.2959023773405497,0.3969594594594593,4.0,1.0,0.0,2.0,0
0.03028830471866437,0.8851351351351348,0.0,1.0,0.0,4.0,0
-0.5009398405251063,0.2736486486486486,1.0,1.0,0.0,2.0,0
0.4951129318069637,0.43243243243243235,9.0,1.0,0.0,1.0,0
0.4287094136514924,0.44932432432432423,2.0,0.0,1.0,1.0,0
0.36230589549602105,0.8513513513513512,7.0,1.0,0.0,3.0,1
-0.1025187315922783,0.08277027027027029,5.0,1.0,0.0,4.0,0
1.6239727404499764,0.16722972972972971,2.0,0.0,1.0,3.0,1
1.8231832949163904,0.40202702702702686,2.0,1.0,0.0,2.0,0
-1.7626066854790616,0.7077702702702703,8.0,0.0,1.0,5.0,1
-1.0985715039243482,0.4594594594594593,8.0,1.0,0.0,3.0,0
0.4287094136514924,0.8361486486486486,1.0,0.0,1.0,5.0,0
-1.629799649168119,0.14020270270270263,9.0,1.0,0.0,0.0,0
0.2959023773405497,0.358108108108108,1.0,1.0,0.0,3.0,0
0.36230589549602105,0.797297297297297,0.0,0.0,1.0,0.0,0
0.4287094136514924,0.2922297297297295,0.0,1.0,0.0,5.0,0
-0.633746876836049,0.7939189189189187,1.0,1.0,0.0,0.0,0
-0.633746876836049,0.42229729729729726,2.0,1.0,0.0,3.0,0
1.8231832949163904,0.5827702702702701,3.0,1.0,0.0,5.0,1
2.088797367538276,0.48817567567567555,7.0,1.0,0.0,3.0,0
-0.3681328042141636,0.8327702702702703,1.0,1.0,0.0,0.0,0
0.6279199681179064,0.2668918918918918,2.0,1.0,0.0,0.0,0
0.6943234862733777,0.14189189189189177,9.0,0.0,1.0,4.0,0
-0.832957431302463,0.8108108108108106,3.0,1.0,0.0,2.0,0
-0.43453632236963496,0.7381756756756755,4.0,0.0,1.0,4.0,1
0.4287094136514924,0.4442567567567567,8.0,1.0,0.0,2.0,0
-0.5673433586805776,0.23479729729729726,6.0,1.0,0.0,5.0,0
0.8935340407397917,0.39358108108108103,6.0,0.0,1.0,3.0,0
-0.036115213436806966,0.7449324324324321,5.0,1.0,0.0,0.0,0
-0.633746876836049,0.17229729729729715,5.0,0.0,1.0,0.0,0
-1.5633961310126476,0.608108108108108,8.0,0.0,1.0,2.0,0
-1.231378540235291,0.4408783783783784,2.0,1.0,0.0,4.0,0
1.159148113361677,0.518581081081081,6.0,1.0,0.0,3.0,0
-0.3681328042141636,0.23817567567567555,9.0,0.0,1.0,5.0,0
-0.3681328042141636,0.17905405405405395,8.0,0.0,1.0,4.0,0
0.03028830471866437,0.6283783783783782,9.0,1.0,0.0,0.0,0
0.4951129318069637,0.6452702702702701,0.0,0.0,1.0,3.0,1
0.4951129318069637,0.5895270270270269,6.0,1.0,0.0,5.0,0
-0.633746876836049,0.5844594594594593,6.0,1.0,0.0,4.0,0
-0.7001503949915203,0.8935810810810808,2.0,0.0,1.0,0.0,0
-0.1025187315922783,0.16047297297297292,9.0,0.0,1.0,4.0,0
0.6279199681179064,0.28378378378378366,9.0,1.0,0.0,4.0,0
-0.3681328042141636,0.4763513513513512,2.0,1.0,0.0,2.0,0
0.7607270044288491,0.6148648648648646,3.0,1.0,0.0,2.0,1
-0.7665539131469916,0.984797297297297,4.0,1.0,0.0,5.0,0
-0.5673433586805776,0.7094594594594593,8.0,1.0,0.0,5.0,0
-0.5009398405251063,0.849662162162162,8.0,1.0,0.0,4.0,1
-0.1025187315922783,0.17567567567567566,2.0,1.0,0.0,2.0,0
-1.032167985768877,0.8192567567567567,5.0,1.0,0.0,2.0,1
-0.1025187315922783,0.37331081081081063,0.0,1.0,0.0,2.0,0
-0.633746876836049,0.7888513513513512,1.0,0.0,1.0,0.0,0
1.2255516315171484,0.8935810810810808,5.0,1.0,0.0,4.0,1
-0.23532576790322096,0.17229729729729715,5.0,1.0,0.0,5.0,0
-1.0985715039243482,0.822635135135135,6.0,1.0,0.0,3.0,1
1.2255516315171484,0.5624999999999999,6.0,1.0,0.0,2.0,0
0.6943234862733777,0.4898648648648648,4.0,0.0,1.0,2.0,0
1.4911657041390338,0.5945945945945946,3.0,0.0,1.0,2.0,1
-0.5673433586805776,0.09797297297297292,0.0,1.0,0.0,4.0,0
-0.036115213436806966,0.706081081081081,3.0,1.0,0.0,2.0,1
0.4951129318069637,0.30067567567567555,4.0,1.0,0.0,3.0,0
-0.16892224974774964,0.3057432432432431,3.0,1.0,0.0,2.0,0
-0.832957431302463,0.7516891891891891,5.0,1.0,0.0,4.0,0
1.0927445952062058,0.5287162162162161,7.0,1.0,0.0,3.0,0
0.16309534102960704,0.6334459459459457,1.0,1.0,0.0,3.0,0
-0.3681328042141636,0.3344594594594593,7.0,1.0,0.0,0.0,0
0.2959023773405497,0.9020270270270269,7.0,1.0,0.0,1.0,0
0.4287094136514924,0.0692567567567568,3.0,0.0,1.0,5.0,0
0.2959023773405497,0.6182432432432429,3.0,1.0,0.0,1.0,0
-2.4930453851892462,0.44256756756756743,9.0,1.0,0.0,5.0,0
-0.1025187315922783,0.5692567567567567,2.0,1.0,0.0,3.0,0
-0.8993609494579343,0.2499999999999999,1.0,1.0,0.0,2.0,0
-0.7001503949915203,0.7010135135135133,1.0,1.0,0.0,3.0,1
0.561516449962435,0.5253378378378378,3.0,1.0,0.0,5.0,0
-1.7626066854790616,0.20608108108108103,8.0,0.0,1.0,4.0,0
0.2959023773405497,0.9527027027027025,1.0,1.0,0.0,5.0,0
0.4951129318069637,0.6874999999999997,7.0,0.0,1.0,2.0,0
1.0263410770507344,0.3766891891891889,5.0,0.0,1.0,4.0,0
-1.4969926128571762,0.7179054054054052,5.0,1.0,0.0,0.0,0
0.8271305225843204,0.6385135135135135,3.0,1.0,0.0,5.0,1
0.0966918228741357,0.6891891891891889,9.0,1.0,0.0,4.0,0
-2.8914664941220742,0.7212837837837837,3.0,0.0,1.0,4.0,1
-1.8954137217900044,0.6418918918918918,5.0,1.0,0.0,1.0,0
-0.16892224974774964,0.8091216216216214,3.0,1.0,0.0,4.0,0
0.561516449962435,0.8361486486486486,9.0,0.0,1.0,0.0,0
0.16309534102960704,0.6959459459459457,6.0,1.0,0.0,4.0,0
0.8271305225843204,0.6469594594594591,9.0,1.0,0.0,5.0,1
1.0927445952062058,0.5304054054054052,0.0,1.0,0.0,5.0,0
0.6279199681179064,0.1908783783783783,1.0,1.0,0.0,2.0,0
-0.832957431302463,0.3513513513513512,4.0,0.0,1.0,1.0,0
0.16309534102960704,0.33783783783783783,3.0,1.0,0.0,1.0,0
-0.1025187315922783,0.545608108108108,3.0,1.0,0.0,3.0,0
0.2959023773405497,0.12668918918918914,7.0,1.0,0.0,2.0,0
0.4287094136514924,0.20439189189189177,6.0,0.0,1.0,5.0,0
1.358358667828091,0.733108108108108,7.0,1.0,0.0,2.0,1
-0.036115213436806966,0.35979729729729726,0.0,0.0,1.0,1.0,0
0.4951129318069637,0.2804054054054054,9.0,1.0,0.0,1.0,0
1.756779776760919,0.26858108108108103,6.0,0.0,1.0,4.0,0
-0.7001503949915203,0.9307432432432431,8.0,0.0,1.0,0.0,0
0.0966918228741357,0.5574324324324323,3.0,1.0,0.0,3.0,0
-0.16892224974774964,0.7601351351351348,4.0,1.0,0.0,3.0,0
-0.23532576790322096,0.7212837837837837,9.0,0.0,1.0,4.0,0
-0.036115213436806966,0.8918918918918918,5.0,1.0,0.0,2.0,0
-1.0985715039243482,0.6300675675675674,2.0,1.0,0.0,1.0,0
-0.5009398405251063,0.5472972972972973,9.0,1.0,0.0,4.0,0
0.36230589549602105,0.28716216216216217,5.0,0.0,1.0,2.0,0
0.03028830471866437,0.8378378378378376,2.0,0.0,1.0,5.0,1
0.36230589549602105,0.9729729729729729,8.0,1.0,0.0,4.0,0
0.2959023773405497,0.10979729729729726,5.0,0.0,1.0,3.0,0
-0.3681328042141636,0.7483108108108109,3.0,1.0,0.0,2.0,0
-0.8993609494579343,0.4898648648648648,9.0,0.0,1.0,2.0,0
1.6239727404499764,0.5067567567567567,6.0,1.0,0.0,2.0,0
0.8271305225843204,0.8682432432432431,2.0,1.0,0.0,0.0,1
0.16309534102960704,0.7516891891891891,5.0,1.0,0.0,1.0,0
-0.633746876836049,0.15202702702702708,5.0,1.0,0.0,0.0,0
-0.3017292860586923,0.724662162162162,7.0,0.0,1.0,4.0,0
-0.7665539131469916,0.8766891891891891,4.0,1.0,0.0,3.0,0
-0.036115213436806966,0.7820945945945944,0.0,1.0,0.0,2.0,0
0.6279199681179064,0.581081081081081,3.0,0.0,1.0,3.0,0
0.16309534102960704,0.8209459459459457,6.0,1.0,0.0,2.0,0
-0.036115213436806966,0.7533783783783782,2.0,1.0,0.0,5.0,0
-0.1025187315922783,0.5118243243243242,5.0,0.0,1.0,0.0,0
0.6943234862733777,0.27195945945945954,7.0,1.0,0.0,1.0,0
-0.5673433586805776,0.1317567567567568,1.0,1.0,0.0,0.0,0
-0.23532576790322096,0.3124999999999999,8.0,0.0,1.0,2.0,0
0.2959023773405497,0.6317567567567565,3.0,1.0,0.0,0.0,0
1.0927445952062058,0.5422297297297295,1.0,0.0,1.0,2.0,0
-0.036115213436806966,0.15878378378378377,1.0,1.0,0.0,5.0,0
1.0927445952062058,0.8631756756756755,7.0,0.0,1.0,5.0,1
0.03028830471866437,0.8682432432432431,2.0,0.0,1.0,1.0,0
-0.3017292860586923,0.36655405405405406,9.0,1.0,0.0,2.0,0
-0.23532576790322096,0.6824324324324323,1.0,0.0,1.0,4.0,0
-0.3681328042141636,0.8040540540540541,4.0,1.0,0.0,0.0,0
2.354411440160161,0.30067567567567555,2.0,0.0,1.0,5.0,0
-3.821115748298673,0.787162162162162,1.0,0.0,1.0,4.0,0
-0.832957431302463,0.2010135135135135,5.0,1.0,0.0,5.0,0
0.8271305225843204,0.1976351351351351,5.0,1.0,0.0,0.0,0
1.358358667828091,0.2820945945945944,7.0,1.0,0.0,5.0,1
0.0966918228741357,0.8665540540540538,7.0,1.0,0.0,4.0,1
-0.5673433586805776,0.6317567567567565,8.0,1.0,0.0,4.0,0
0.4287094136514924,0.1908783783783783,5.0,0.0,1.0,1.0,0
-1.1649750220798196,0.44256756756756743,1.0,1.0,0.0,4.0,0
0.6279199681179064,0.12162162162162149,7.0,1.0,0.0,5.0,0
0.561516449962435,0.26351351351351326,4.0,1.0,0.0,3.0,0
-2.625852421500189,0.09797297297297292,3.0,0.0,1.0,1.0,0
-0.3681328042141636,0.510135135135135,8.0,1.0,0.0,5.0,0
-0.9657644676134056,0.16554054054054046,0.0,1.0,0.0,4.0,0
1.159148113361677,0.2364864864864865,3.0,0.0,1.0,5.0,0
1.2255516315171484,0.7449324324324321,4.0,0.0,1.0,5.0,1
-0.8993609494579343,0.8293918918918916,9.0,0.0,1.0,0.0,0
2.088797367538276,0.9543918918918916,9.0,0.0,1.0,3.0,1
-0.633746876836049,0.4391891891891889,9.0,1.0,0.0,1.0,0
-0.036115213436806966,0.21114864864864857,9.0,0.0,1.0,3.0,0
2.155200885693747,0.8175675675675674,3.0,1.0,0.0,0.0,0
0.8271305225843204,0.45608108108108103,4.0,0.0,1.0,4.0,0
-0.832957431302463,0.5878378378378376,7.0,0.0,1.0,4.0,1
0.561516449962435,0.4104729729729729,8.0,0.0,1.0,4.0,0
-0.23532576790322096,0.1283783783783783,6.0,1.0,0.0,2.0,0
-1.4969926128571762,0.10641891891891886,0.0,0.0,1.0,5.0,0
0.4951129318069637,0.7415540540540538,3.0,0.0,1.0,4.0,0
-1.9618172399454756,0.2989864864864863,0.0,0.0,1.0,5.0,0
-0.832957431302463,0.46452702702702686,2.0,1.0,0.0,4.0,0
0.6943234862733777,0.20945945945945943,3.0,1.0,0.0,5.0,0
0.4287094136514924,0.3429054054054054,8.0,1.0,0.0,0.0,0
-0.3017292860586923,0.8614864864864863,9.0,0.0,1.0,2.0,1
-1.7626066854790616,0.013513513513513487,8.0,1.0,0.0,4.0,0
-0.16892224974774964,0.16554054054054046,2.0,0.0,1.0,3.0,0
0.22949885918507837,0.02533783783783783,9.0,0.0,1.0,4.0,0
-3.15708056674396,0.8141891891891889,7.0,1.0,0.0,4.0,0
0.22949885918507837,0.20270270270270263,7.0,1.0,0.0,1.0,0
-0.036115213436806966,0.6908783783783784,6.0,1.0,0.0,3.0,1
0.6943234862733777,0.6908783783783784,7.0,0.0,1.0,4.0,0
0.7607270044288491,0.5658783783783782,6.0,1.0,0.0,0.0,0
-2.028220758100947,0.7635135135135135,2.0,1.0,0.0,3.0,1
-0.8993609494579343,0.849662162162162,6.0,1.0,0.0,3.0,0
-1.5633961310126476,0.7027027027027025,9.0,0.0,1.0,1.0,0
-0.8993609494579343,0.2854729729729729,4.0,1.0,0.0,5.0,0
-0.036115213436806966,0.47466216216216195,3.0,1.0,0.0,2.0,0
0.6279199681179064,0.27027027027027006,9.0,1.0,0.0,5.0,0
0.16309534102960704,0.8834459459459457,2.0,0.0,1.0,2.0,0
-1.4969926128571762,0.7347972972972973,8.0,0.0,1.0,3.0,0
-1.8954137217900044,0.40033783783783783,7.0,1.0,0.0,3.0,0
-1.0985715039243482,0.7854729729729727,9.0,0.0,1.0,2.0,0
-1.0985715039243482,0.8124999999999997,8.0,1.0,0.0,2.0,0
-0.8993609494579343,0.7702702702702701,7.0,1.0,0.0,5.0,1
-0.16892224974774964,0.4442567567567567,0.0,0.0,1.0,5.0,0
-2.0946242762564182,0.13344594594594594,4.0,0.0,1.0,1.0,0
1.4247621859835624,0.5557432432432431,1.0,1.0,0.0,1.0,0
-1.3641855765462336,0.7432432432432431,9.0,1.0,0.0,5.0,0
-0.9657644676134056,0.7685810810810808,2.0,1.0,0.0,1.0,0
-0.036115213436806966,0.40033783783783783,2.0,1.0,0.0,5.0,0
-0.23532576790322096,0.8074324324324323,5.0,1.0,0.0,2.0,0
-0.5673433586805776,0.31418918918918914,3.0,1.0,0.0,4.0,0
-0.7665539131469916,0.787162162162162,6.0,1.0,0.0,4.0,0
0.36230589549602105,0.8395270270270269,4.0,1.0,0.0,2.0,0
-0.7665539131469916,0.29729729729729726,2.0,1.0,0.0,3.0,0
0.22949885918507837,0.18243243243243235,6.0,1.0,0.0,3.0,0
-0.3017292860586923,0.6824324324324323,3.0,1.0,0.0,2.0,1
2.553621994626575,0.5067567567567567,3.0,1.0,0.0,5.0,1
-0.5673433586805776,0.5084459459459457,5.0,1.0,0.0,1.0,0
-1.629799649168119,0.7989864864864863,2.0,1.0,0.0,5.0,1
0.16309534102960704,0.35979729729729726,3.0,1.0,0.0,4.0,0
1.0263410770507344,0.6587837837837834,7.0,1.0,0.0,0.0,0
-0.633746876836049,0.6148648648648646,4.0,1.0,0.0,2.0,0
0.6943234862733777,0.49155405405405406,7.0,1.0,0.0,1.0,0
-1.1649750220798196,0.510135135135135,0.0,1.0,0.0,1.0,0
-2.0946242762564182,0.6283783783783782,2.0,0.0,1.0,1.0,0
0.6279199681179064,0.7804054054054052,8.0,0.0,1.0,3.0,0
-1.829010203634533,0.20777027027027017,1.0,0.0,1.0,0.0,0
1.756779776760919,0.5641891891891891,7.0,1.0,0.0,4.0,0
-1.829010203634533,0.24493243243243235,8.0,0.0,1.0,4.0,0
1.6903762586054478,0.7010135135135133,3.0,1.0,0.0,5.0,1
-0.3681328042141636,0.2854729729729729,0.0,1.0,0.0,5.0,0
-0.036115213436806966,0.6689189189189187,1.0,1.0,0.0,3.0,1
-0.3681328042141636,0.6249999999999999,8.0,0.0,1.0,4.0,1
0.4951129318069637,0.6925675675675674,8.0,0.0,1.0,2.0,0
-2.0946242762564182,0.3057432432432431,3.0,0.0,1.0,3.0,0
-1.1649750220798196,0.7584459459459457,7.0,1.0,0.0,1.0,0
-0.23532576790322096,0.31418918918918914,6.0,1.0,0.0,2.0,0
-1.032167985768877,0.7010135135135133,5.0,1.0,0.0,3.0,0
-0.3681328042141636,0.6790540540540541,3.0,1.0,0.0,4.0,0
0.8935340407397917,0.4932432432432431,6.0,1.0,0.0,2.0,0
1.2255516315171484,0.16216216216216206,6.0,1.0,0.0,0.0,0
0.561516449962435,0.8513513513513512,7.0,0.0,1.0,3.0,0
1.159148113361677,0.9020270270270269,6.0,1.0,0.0,5.0,1
-0.9657644676134056,0.2922297297297295,0.0,1.0,0.0,1.0,0
-1.629799649168119,0.8918918918918918,3.0,0.0,1.0,3.0,0
-0.832957431302463,0.7550675675675674,4.0,0.0,1.0,4.0,0
-0.7665539131469916,0.5050675675675674,9.0,1.0,0.0,0.0,0
0.9599375588952631,0.7820945945945944,7.0,1.0,0.0,4.0,1
0.4287094136514924,0.8952702702702701,6.0,0.0,1.0,2.0,0
-0.832957431302463,0.7077702702702703,9.0,1.0,0.0,4.0,0
0.8935340407397917,0.9543918918918916,7.0,0.0,1.0,5.0,1
-1.0985715039243482,0.08783783783783772,9.0,1.0,0.0,1.0,0
-1.6962031673235902,0.33108108108108103,9.0,0.0,1.0,1.0,0
-1.5633961310126476,0.7077702702702703,9.0,1.0,0.0,1.0,0
0.4951129318069637,0.6503378378378378,8.0,1.0,0.0,3.0,0
-1.629799649168119,0.34628378378378366,0.0,1.0,0.0,1.0,0
0.6279199681179064,0.5624999999999999,9.0,1.0,0.0,5.0,0
1.557569222294505,0.5844594594594593,9.0,0.0,1.0,2.0,0
0.8935340407397917,0.2567567567567567,3.0,1.0,0.0,0.0,0
0.7607270044288491,0.2922297297297295,8.0,1.0,0.0,5.0,0
0.6943234862733777,0.2989864864864863,8.0,0.0,1.0,3.0,0
-0.036115213436806966,0.7516891891891891,6.0,0.0,1.0,4.0,0
1.2255516315171484,0.7263513513513512,9.0,1.0,0.0,0.0,1
0.9599375588952631,0.6824324324324323,4.0,1.0,0.0,3.0,1
0.6943234862733777,0.1942567567567568,5.0,0.0,1.0,4.0,0
0.8935340407397917,0.6435810810810808,1.0,1.0,0.0,1.0,0
-1.032167985768877,0.8361486486486486,6.0,0.0,1.0,3.0,0
-0.9657644676134056,0.6148648648648646,8.0,1.0,0.0,3.0,0
0.0966918228741357,0.3091216216216216,0.0,1.0,0.0,4.0,0
-0.23532576790322096,0.22466216216216206,6.0,1.0,0.0,0.0,0
1.557569222294505,0.670608108108108,4.0,1.0,0.0,4.0,1
1.358358667828091,0.6165540540540538,0.0,1.0,0.0,0.0,1
-1.6962031673235902,0.0523648648648648,0.0,1.0,0.0,2.0,0
1.159148113361677,0.2736486486486486,2.0,0.0,1.0,2.0,0
0.561516449962435,0.20439189189189177,8.0,1.0,0.0,1.0,0
-1.2977820583907622,0.6807432432432431,6.0,1.0,0.0,1.0,0
-0.7001503949915203,0.7516891891891891,4.0,0.0,1.0,0.0,0
-1.032167985768877,0.6418918918918918,4.0,0.0,1.0,0.0,0
-0.5673433586805776,0.8277027027027025,0.0,0.0,1.0,4.0,1
-1.2977820583907622,0.7027027027027025,5.0,0.0,1.0,2.0,0
0.4287094136514924,0.8412162162162159,3.0,0.0,1.0,1.0,0
1.0927445952062058,0.3547297297297295,9.0,1.0,0.0,4.0,1
0.7607270044288491,0.8902027027027025,5.0,1.0,0.0,2.0,1
2.155200885693747,0.3479729729729729,5.0,0.0,1.0,4.0,0
-0.036115213436806966,0.31418918918918914,5.0,0.0,1.0,0.0,0
-0.1025187315922783,0.5320945945945946,6.0,1.0,0.0,5.0,0
-1.9618172399454756,0.14527027027027029,6.0,0.0,1.0,4.0,0
0.4287094136514924,0.699324324324324,1.0,0.0,1.0,4.0,0
-0.036115213436806966,0.886824324324324,7.0,1.0,0.0,5.0,0
0.16309534102960704,0.8564189189189185,6.0,0.0,1.0,4.0,1
1.0263410770507344,0.47804054054054046,7.0,1.0,0.0,0.0,0
-1.829010203634533,0.8935810810810808,9.0,1.0,0.0,1.0,0
0.561516449962435,0.787162162162162,1.0,0.0,1.0,2.0,0
-0.7665539131469916,0.8682432432432431,6.0,1.0,0.0,4.0,0
1.557569222294505,0.5962837837837837,4.0,1.0,0.0,4.0,1
-1.0985715039243482,0.2989864864864863,3.0,0.0,1.0,5.0,0
-1.0985715039243482,0.125,4.0,1.0,0.0,3.0,0
0.03028830471866437,0.47128378378378366,8.0,1.0,0.0,3.0,0
-0.3017292860586923,0.26520270270270274,7.0,1.0,0.0,1.0,0
-0.7001503949915203,0.2499999999999999,2.0,1.0,0.0,4.0,0
-1.6962031673235902,0.05912162162162149,7.0,1.0,0.0,1.0,0
0.7607270044288491,0.7145270270270269,2.0,1.0,0.0,3.0,1
0.6943234862733777,0.11993243243243235,0.0,1.0,0.0,2.0,0
0.16309534102960704,0.233108108108108,9.0,1.0,0.0,2.0,0
-0.832957431302463,0.46283783783783783,5.0,0.0,1.0,4.0,0
0.22949885918507837,0.4527027027027025,6.0,0.0,1.0,0.0,0
0.4951129318069637,0.06756756756756754,1.0,1.0,0.0,4.0,0
1.4247621859835624,0.9814189189189187,6.0,0.0,1.0,2.0,1
-1.7626066854790616,0.09628378378378377,4.0,0.0,1.0,3.0,0
0.6279199681179064,0.07263513513513509,2.0,1.0,0.0,0.0,0
-2.227431312567361,0.1013513513513512,7.0,0.0,1.0,0.0,0
-1.0985715039243482,0.8800675675675674,6.0,0.0,1.0,4.0,0
-0.7665539131469916,0.3412162162162161,7.0,1.0,0.0,4.0,0
-1.3641855765462336,0.7618243243243242,6.0,1.0,0.0,4.0,0
0.9599375588952631,0.24831081081081063,7.0,0.0,1.0,5.0,1
1.0263410770507344,0.5540540540540541,9.0,0.0,1.0,4.0,0
0.9599375588952631,0.8851351351351348,3.0,1.0,0.0,4.0,1
-0.5009398405251063,0.07263513513513509,5.0,1.0,0.0,2.0,0
-0.43453632236963496,0.33277027027027006,7.0,1.0,0.0,4.0,0
-1.2977820583907622,0.9594594594594593,0.0,0.0,1.0,4.0,1
-0.1025187315922783,0.15540540540540537,7.0,0.0,1.0,0.0,0
0.6943234862733777,0.6503378378378378,0.0,1.0,0.0,4.0,1
-0.3017292860586923,0.8479729729729729,0.0,1.0,0.0,2.0,0
0.8271305225843204,0.5861486486486486,6.0,1.0,0.0,2.0,1
2.420814958315632,0.912162162162162,7.0,1.0,0.0,1.0,0
-0.3681328042141636,0.5354729729729729,3.0,1.0,0.0,2.0,0
0.2959023773405497,0.15033783783783772,7.0,0.0,1.0,2.0,0
2.155200885693747,0.822635135135135,4.0,1.0,0.0,5.0,1
0.6279199681179064,0.6824324324324323,3.0,1.0,0.0,1.0,0
-1.1649750220798196,0.14020270270270263,3.0,1.0,0.0,3.0,0
-0.8993609494579343,0.7212837837837837,1.0,0.0,1.0,3.0,1
0.0966918228741357,0.9391891891891889,6.0,1.0,0.0,3.0,1
0.6943234862733777,0.13682432432432423,8.0,1.0,0.0,3.0,0
0.22949885918507837,0.27533783783783783,3.0,0.0,1.0,4.0,0
0.4951129318069637,0.45608108108108103,6.0,0.0,1.0,1.0,0
-0.16892224974774964,0.8006756756756753,5.0,1.0,0.0,1.0,0
-0.5009398405251063,0.07939189189189177,8.0,1.0,0.0,4.0,0
0.9599375588952631,0.42229729729729726,0.0,0.0,1.0,3.0,0
-0.8993609494579343,0.7516891891891891,8.0,0.0,1.0,0.0,0
0.2959023773405497,0.09290540540540537,2.0,1.0,0.0,0.0,0
0.6943234862733777,0.4442567567567567,3.0,0.0,1.0,0.0,0
0.03028830471866437,0.4999999999999999,7.0,1.0,0.0,0.0,0
1.358358667828091,0.7516891891891891,2.0,0.0,1.0,2.0,1
0.6943234862733777,0.010135135135135087,0.0,1.0,0.0,1.0,0
2.487218476471104,0.36317567567567555,2.0,0.0,1.0,4.0,0
1.6239727404499764,0.1773648648648648,0.0,1.0,0.0,1.0,0
-0.5009398405251063,0.9189189189189187,9.0,0.0,1.0,5.0,0
0.7607270044288491,0.8716216216216214,8.0,1.0,0.0,1.0,0
-0.5009398405251063,0.3124999999999999,3.0,0.0,1.0,0.0,0
1.6903762586054478,0.23141891891891886,1.0,0.0,1.0,2.0,0
-0.43453632236963496,0.035472972972972916,0.0,0.0,1.0,3.0,0
1.159148113361677,0.3429054054054054,0.0,1.0,0.0,4.0,0
0.561516449962435,0.295608108108108,4.0,1.0,0.0,1.0,0
-1.032167985768877,0.36317567567567555,1.0,0.0,1.0,5.0,0
-0.633746876836049,0.3479729729729729,9.0,1.0,0.0,2.0,0
-0.3681328042141636,0.5675675675675674,2.0,1.0,0.0,5.0,0
-0.23532576790322096,0.18918918918918914,2.0,1.0,0.0,0.0,0
1.8231832949163904,0.7499999999999999,1.0,0.0,1.0,2.0,1
-1.430589094701705,0.36993243243243235,2.0,0.0,1.0,5.0,0
0.22949885918507837,0.29054054054054046,0.0,1.0,0.0,0.0,0
-1.0985715039243482,0.15033783783783772,4.0,1.0,0.0,1.0,0
-2.4930453851892462,0.16891891891891886,4.0,1.0,0.0,4.0,0
0.8935340407397917,0.2736486486486486,2.0,1.0,0.0,3.0,0
-0.1025187315922783,0.7449324324324321,7.0,0.0,1.0,2.0,1
1.6239727404499764,0.385135135135135,9.0,1.0,0.0,5.0,0
-0.832957431302463,0.09459459459459452,9.0,0.0,1.0,3.0,0
-1.3641855765462336,0.7364864864864863,5.0,0.0,1.0,2.0,0
1.4911657041390338,0.5777027027027025,8.0,1.0,0.0,5.0,1
0.561516449962435,0.6402027027027025,6.0,0.0,1.0,0.0,0
0.4287094136514924,0.4966216216216216,2.0,0.0,1.0,5.0,0
-0.3017292860586923,0.4527027027027025,2.0,1.0,0.0,0.0,0
-1.3641855765462336,0.42229729729729726,2.0,0.0,1.0,2.0,0
-0.036115213436806966,0.3091216216216216,3.0,0.0,1.0,0.0,0
0.16309534102960704,0.3445945945945944,3.0,1.0,0.0,4.0,0
0.22949885918507837,0.6891891891891889,1.0,1.0,0.0,5.0,0
0.8935340407397917,0.20439189189189177,8.0,1.0,0.0,4.0,0
0.6943234862733777,0.24155405405405384,3.0,1.0,0.0,0.0,0
-0.832957431302463,0.322635135135135,6.0,0.0,1.0,0.0,0
-2.028220758100947,0.6283783783783782,2.0,1.0,0.0,2.0,0
0.36230589549602105,0.7652027027027025,0.0,1.0,0.0,3.0,0
0.2959023773405497,0.7499999999999999,1.0,1.0,0.0,3.0,0
0.4951129318069637,0.4898648648648648,9.0,1.0,0.0,3.0,0
1.159148113361677,0.4172297297297295,8.0,0.0,1.0,2.0,0
-0.3017292860586923,0.4527027027027025,2.0,1.0,0.0,2.0,0
-0.036115213436806966,0.8462837837837837,4.0,0.0,1.0,0.0,0
-1.1649750220798196,0.6604729729729727,6.0,0.0,1.0,4.0,0
-0.633746876836049,0.849662162162162,4.0,1.0,0.0,4.0,1
-1.829010203634533,0.5709459459459457,4.0,0.0,1.0,4.0,0
-0.1025187315922783,0.8462837837837837,9.0,0.0,1.0,4.0,1
-0.3681328042141636,0.29729729729729726,0.0,0.0,1.0,5.0,0
0.0966918228741357,0.2466216216216216,8.0,0.0,1.0,3.0,0
0.6279199681179064,0.41216216216216217,0.0,0.0,1.0,1.0,0
1.2919551496726198,0.30067567567567555,6.0,1.0,0.0,4.0,0
1.2919551496726198,0.17905405405405395,0.0,1.0,0.0,4.0,0
1.159148113361677,0.5354729729729729,2.0,0.0,1.0,5.0,0
1.6239727404499764,0.11148648648648651,9.0,0.0,1.0,4.0,0
1.4247621859835624,0.8631756756756755,3.0,0.0,1.0,0.0,1
0.4287094136514924,0.3344594594594593,7.0,0.0,1.0,1.0,0
1.159148113361677,0.3158783783783784,1.0,1.0,0.0,5.0,0
2.221604403849218,0.20777027027027017,6.0,0.0,1.0,4.0,0
-1.2977820583907622,0.5692567567567567,6.0,1.0,0.0,5.0,0
-0.1025187315922783,0.39527027027027006,4.0,0.0,1.0,2.0,0
-0.23532576790322096,0.7364864864864863,9.0,0.0,1.0,3.0,0
0.561516449962435,0.8969594594594591,3.0,0.0,1.0,5.0,1
-0.16892224974774964,0.36655405405405406,1.0,1.0,0.0,5.0,0
0.6279199681179064,0.20945945945945943,9.0,0.0,1.0,0.0,0
-0.036115213436806966,0.7939189189189187,1.0,1.0,0.0,4.0,0
0.561516449962435,0.7179054054054052,7.0,0.0,1.0,4.0,0
0.0966918228741357,0.6148648648648646,3.0,1.0,0.0,0.0,0
0.9599375588952631,0.40033783783783783,1.0,0.0,1.0,2.0,0
1.2255516315171484,0.1317567567567568,5.0,1.0,0.0,5.0,0
0.22949885918507837,0.4138513513513512,1.0,0.0,1.0,5.0,0
-0.3017292860586923,0.19932432432432423,1.0,0.0,1.0,5.0,0
0.0966918228741357,0.5895270270270269,0.0,1.0,0.0,5.0,0
0.4287094136514924,0.4527027027027025,7.0,0.0,1.0,0.0,0
-1.2977820583907622,0.48479729729729726,5.0,0.0,1.0,5.0,0
0.22949885918507837,0.08614864864864857,8.0,1.0,0.0,1.0,0
0.8271305225843204,0.8040540540540541,0.0,1.0,0.0,5.0,1
-0.8993609494579343,0.3682432432432431,7.0,1.0,0.0,0.0,0
-0.3681328042141636,0.795608108108108,8.0,1.0,0.0,3.0,1
0.9599375588952631,0.7043918918918918,4.0,0.0,1.0,5.0,1
2.28800792200469,0.14020270270270263,2.0,1.0,0.0,2.0,0
-0.7001503949915203,0.3344594594594593,1.0,1.0,0.0,0.0,0
0.2959023773405497,0.6249999999999999,2.0,0.0,1.0,2.0,0
-2.227431312567361,0.7499999999999999,8.0,1.0,0.0,5.0,0
-1.2977820583907622,0.2854729729729729,0.0,1.0,0.0,2.0,0
-0.43453632236963496,0.09459459459459452,2.0,1.0,0.0,3.0,0
0.4951129318069637,0.1148648648648648,5.0,0.0,1.0,1.0,0
0.8935340407397917,0.44256756756756743,0.0,1.0,0.0,3.0,0
-0.23532576790322096,0.6266891891891891,5.0,1.0,0.0,4.0,0
1.0927445952062058,0.9037162162162161,4.0,0.0,1.0,2.0,1
-0.43453632236963496,0.33108108108108103,1.0,1.0,0.0,2.0,0
0.0966918228741357,0.17567567567567566,1.0,1.0,0.0,0.0,0
1.0927445952062058,0.608108108108108,7.0,1.0,0.0,1.0,0
0.16309534102960704,0.0557432432432432,9.0,1.0,0.0,4.0,0
-0.43453632236963496,0.1875,5.0,0.0,1.0,2.0,0
-0.633746876836049,0.11655405405405406,0.0,1.0,0.0,5.0,0
-0.9657644676134056,0.2533783783783784,3.0,0.0,1.0,5.0,0
-0.7001503949915203,0.581081081081081,0.0,0.0,1.0,3.0,0
-1.3641855765462336,0.35641891891891897,7.0,1.0,0.0,3.0,0
-0.16892224974774964,0.16722972972972971,6.0,0.0,1.0,1.0,0
0.22949885918507837,0.6655405405405405,6.0,1.0,0.0,2.0,0
-1.032167985768877,0.9020270270270269,4.0,1.0,0.0,4.0,0
-1.2977820583907622,0.3057432432432431,5.0,1.0,0.0,0.0,0
-1.629799649168119,0.7043918918918918,1.0,1.0,0.0,4.0,1
-1.231378540235291,0.04391891891891886,0.0,1.0,0.0,4.0,0
-1.2977820583907622,0.5608108108108106,2.0,0.0,1.0,1.0,0
-0.23532576790322096,0.2533783783783784,5.0,1.0,0.0,5.0,0
0.6279199681179064,0.042229729729729715,1.0,0.0,1.0,2.0,0
1.2919551496726198,0.5912162162162159,6.0,1.0,0.0,1.0,0
-1.8954137217900044,0.6520270270270269,5.0,1.0,0.0,2.0,0
0.16309534102960704,0.8783783783783782,1.0,1.0,0.0,4.0,1
1.0927445952062058,0.6959459459459457,1.0,0.0,1.0,5.0,1
1.557569222294505,0.9273648648648646,8.0,1.0,0.0,2.0,1
-1.629799649168119,0.5692567567567567,1.0,1.0,0.0,2.0,0
2.155200885693747,0.9172297297297297,2.0,1.0,0.0,3.0,1
0.22949885918507837,0.8074324324324323,9.0,0.0,1.0,2.0,0
-0.8993609494579343,0.3192567567567567,0.0,1.0,0.0,5.0,0
-1.829010203634533,0.5118243243243242,3.0,0.0,1.0,2.0,0
-0.5673433586805776,0.3124999999999999,5.0,1.0,0.0,0.0,0
0.6279199681179064,0.6689189189189187,3.0,1.0,0.0,1.0,0
1.0927445952062058,0.1283783783783783,9.0,1.0,0.0,2.0,1
1.159148113361677,0.6402027027027025,3.0,1.0,0.0,4.0,1
-0.8993609494579343,0.545608108108108,4.0,1.0,0.0,5.0,0
1.0263410770507344,0.5287162162162161,8.0,1.0,0.0,1.0,0
-1.032167985768877,0.7415540540540538,6.0,1.0,0.0,4.0,0
-0.3681328042141636,0.537162162162162,7.0,1.0,0.0,1.0,0
0.8271305225843204,0.6807432432432431,6.0,1.0,0.0,2.0,1
1.4911657041390338,0.22466216216216206,4.0,0.0,1.0,4.0,1
0.561516449962435,0.36655405405405406,6.0,1.0,0.0,2.0,0
-2.16102779441189,0.822635135135135,4.0,1.0,0.0,0.0,0
1.0263410770507344,0.23817567567567555,2.0,1.0,0.0,4.0,0
1.0927445952062058,0.5135135135135135,4.0,0.0,1.0,1.0,0
0.7607270044288491,0.6655405405405405,8.0,1.0,0.0,4.0,1
-0.5673433586805776,0.6283783783783782,1.0,1.0,0.0,1.0,0
1.2255516315171484,0.4054054054054054,4.0,0.0,1.0,5.0,0
-0.832957431302463,0.15371621621621623,2.0,1.0,0.0,0.0,0
-1.1649750220798196,0.7432432432432431,9.0,1.0,0.0,3.0,0
0.7607270044288491,0.6385135135135135,5.0,1.0,0.0,5.0,1
0.8271305225843204,0.608108108108108,9.0,1.0,0.0,1.0,0
-1.3641855765462336,0.10304054054054057,3.0,1.0,0.0,2.0,0
-0.633746876836049,0.09290540540540537,4.0,1.0,0.0,4.0,0
-0.7001503949915203,0.10304054054054057,9.0,0.0,1.0,0.0,0
0.6279199681179064,0.672297297297297,6.0,1.0,0.0,5.0,0
-0.5673433586805776,0.8749999999999999,1.0,0.0,1.0,5.0,0
-0.036115213436806966,0.7212837837837837,0.0,0.0,1.0,3.0,0
-1.231378540235291,0.7854729729729727,2.0,1.0,0.0,2.0,0
-1.6962031673235902,0.31756756756756743,4.0,0.0,1.0,1.0,0
1.2919551496726198,0.9442567567567567,1.0,1.0,0.0,2.0,1
-0.23532576790322096,0.108108108108108,6.0,0.0,1.0,0.0,0
-0.3681328042141636,0.12668918918918914,6.0,1.0,0.0,5.0,0
-0.3017292860586923,0.822635135135135,2.0,0.0,1.0,1.0,0
-1.8954137217900044,0.8986486486486484,0.0,1.0,0.0,1.0,0
1.358358667828091,0.9358108108108106,9.0,1.0,0.0,3.0,1
-0.1025187315922783,0.2888513513513512,8.0,1.0,0.0,4.0,0
-0.1025187315922783,0.5202702702702701,6.0,0.0,1.0,4.0,0
-0.036115213436806966,0.04391891891891886,7.0,1.0,0.0,1.0,0
-0.7001503949915203,0.0625,7.0,0.0,1.0,2.0,0
0.22949885918507837,0.9070945945945944,0.0,1.0,0.0,4.0,0
0.8271305225843204,0.5574324324324323,2.0,1.0,0.0,0.0,0
0.6279199681179064,0.5219594594594593,0.0,1.0,0.0,3.0,0
0.0966918228741357,0.5777027027027025,5.0,1.0,0.0,0.0,0
-0.5673433586805776,0.1148648648648648,1.0,1.0,0.0,1.0,0
1.358358667828091,0.5675675675675674,3.0,1.0,0.0,4.0,0
-0.23532576790322096,0.4341216216216216,2.0,0.0,1.0,3.0,0
-0.832957431302463,0.4442567567567567,5.0,0.0,1.0,4.0,0
0.4951129318069637,0.47128378378378366,6.0,0.0,1.0,5.0,0
-0.5673433586805776,0.15371621621621623,6.0,1.0,0.0,3.0,0
0.561516449962435,0.6638513513513512,2.0,1.0,0.0,5.0,1
-0.23532576790322096,0.8006756756756753,7.0,0.0,1.0,5.0,0
0.16309534102960704,0.8935810810810808,1.0,0.0,1.0,4.0,0
0.22949885918507837,0.4966216216216216,2.0,1.0,0.0,5.0,0
1.6903762586054478,0.7567567567567565,2.0,0.0,1.0,4.0,1
1.159148113361677,0.4239864864864863,4.0,0.0,1.0,2.0,1
0.4287094136514924,0.5641891891891891,8.0,0.0,1.0,1.0,0
2.553621994626575,0.7618243243243242,3.0,0.0,1.0,2.0,1
-0.5009398405251063,0.9239864864864863,1.0,1.0,0.0,5.0,1
-0.8993609494579343,0.5962837837837837,3.0,1.0,0.0,4.0,0
-1.032167985768877,0.4999999999999999,5.0,1.0,0.0,3.0,0
1.2255516315171484,0.13006756756756743,4.0,1.0,0.0,5.0,0
1.4911657041390338,0.7280405405405402,2.0,1.0,0.0,4.0,1
0.2959023773405497,0.12668918918918914,9.0,1.0,0.0,2.0,0
0.4287094136514924,0.3716216216216216,0.0,0.0,1.0,1.0,0
0.16309534102960704,0.5152027027027025,8.0,0.0,1.0,2.0,0
-0.9657644676134056,0.6013513513513512,5.0,1.0,0.0,5.0,1
0.4951129318069637,0.8969594594594591,7.0,0.0,1.0,5.0,0
-0.3017292860586923,0.608108108108108,3.0,1.0,0.0,1.0,0
-1.032167985768877,0.42567567567567555,8.0,1.0,0.0,4.0,0
0.16309534102960704,0.027027027027026973,6.0,1.0,0.0,1.0,0
-0.3017292860586923,0.5354729729729729,2.0,1.0,0.0,2.0,0
0.16309534102960704,0.6165540540540538,8.0,1.0,0.0,3.0,0
-0.036115213436806966,0.32094594594594594,4.0,1.0,0.0,3.0,0
-0.832957431302463,0.6824324324324323,4.0,1.0,0.0,5.0,0
-0.16892224974774964,0.14020270270270263,7.0,1.0,0.0,0.0,0
1.4247621859835624,0.8817567567567565,8.0,0.0,1.0,2.0,1
1.4911657041390338,0.6165540540540538,3.0,1.0,0.0,4.0,1
1.955990331227333,0.5050675675675674,2.0,1.0,0.0,1.0,0
0.36230589549602105,0.5692567567567567,1.0,1.0,0.0,3.0,0
-0.7665539131469916,0.4999999999999999,8.0,1.0,0.0,3.0,0
-1.231378540235291,0.3716216216216216,9.0,1.0,0.0,2.0,0
-0.832957431302463,0.30743243243243235,3.0,0.0,1.0,4.0,0
0.6279199681179064,0.7888513513513512,6.0,0.0,1.0,5.0,1
-0.1025187315922783,0.40878378378378366,2.0,0.0,1.0,0.0,0
0.8271305225843204,0.4054054054054054,6.0,1.0,0.0,0.0,0
0.0966918228741357,0.8074324324324323,9.0,1.0,0.0,0.0,0
0.16309534102960704,0.057432432432432345,8.0,1.0,0.0,4.0,0
0.03028830471866437,0.44932432432432423,5.0,1.0,0.0,5.0,0
0.6943234862733777,0.4070945945945946,4.0,1.0,0.0,1.0,0
-0.8993609494579343,0.8361486486486486,1.0,1.0,0.0,1.0,0
0.4287094136514924,0.6199324324324323,9.0,1.0,0.0,3.0,0
-0.3681328042141636,0.7094594594594593,4.0,1.0,0.0,5.0,1
-0.23532576790322096,0.170608108108108,8.0,1.0,0.0,5.0,0
0.16309534102960704,0.5777027027027025,0.0,0.0,1.0,0.0,0
2.28800792200469,0.3834459459459457,8.0,0.0,1.0,2.0,0
0.9599375588952631,0.5304054054054052,7.0,0.0,1.0,5.0,0
-0.3681328042141636,0.6165540540540538,7.0,0.0,1.0,1.0,0
-0.036115213436806966,0.4999999999999999,8.0,1.0,0.0,1.0,0
-0.9657644676134056,0.2736486486486486,9.0,1.0,0.0,4.0,0
-1.1649750220798196,0.8378378378378376,6.0,1.0,0.0,0.0,0
0.22949885918507837,0.3716216216216216,9.0,1.0,0.0,3.0,0
-0.3017292860586923,0.7736486486486484,6.0,1.0,0.0,4.0,0
-1.629799649168119,0.8277027027027025,0.0,1.0,0.0,0.0,0
1.358358667828091,0.3479729729729729,7.0,1.0,0.0,2.0,1
0.2959023773405497,0.8040540540540541,8.0,1.0,0.0,1.0,0
-1.629799649168119,0.5320945945945946,0.0,0.0,1.0,2.0,0
-1.430589094701705,0.8378378378378376,5.0,0.0,1.0,1.0,0
0.0966918228741357,0.7804054054054052,9.0,1.0,0.0,1.0,0
0.561516449962435,0.822635135135135,5.0,1.0,0.0,0.0,0
-0.832957431302463,0.20608108108108103,2.0,1.0,0.0,0.0,0
0.561516449962435,0.13344594594594594,3.0,1.0,0.0,3.0,0
0.4287094136514924,0.1908783783783783,6.0,1.0,0.0,0.0,0
-0.16892224974774964,0.795608108108108,2.0,1.0,0.0,0.0,0
0.7607270044288491,0.672297297297297,6.0,1.0,0.0,0.0,0
-0.633746876836049,0.3091216216216216,3.0,1.0,0.0,3.0,0
2.155200885693747,0.5135135135135135,3.0,1.0,0.0,0.0,0
0.0966918228741357,0.3293918918918918,0.0,0.0,1.0,1.0,0
0.4287094136514924,0.7601351351351348,2.0,1.0,0.0,0.0,0
-1.4969926128571762,0.16216216216216206,2.0,0.0,1.0,4.0,0
-0.5009398405251063,0.03378378378378377,6.0,1.0,0.0,0.0,0
0.03028830471866437,0.31756756756756743,0.0,1.0,0.0,5.0,0
1.6239727404499764,0.2922297297297295,0.0,0.0,1.0,1.0,0
0.03028830471866437,0.26858108108108103,0.0,1.0,0.0,3.0,0
-0.1025187315922783,0.6452702702702701,7.0,0.0,1.0,3.0,0
-0.3681328042141636,0.295608108108108,5.0,1.0,0.0,3.0,0
-0.7001503949915203,0.2888513513513512,2.0,0.0,1.0,5.0,0
0.22949885918507837,0.35979729729729726,5.0,1.0,0.0,2.0,0
-0.5673433586805776,0.8682432432432431,4.0,0.0,1.0,1.0,0
-0.9657644676134056,0.7922297297297297,4.0,1.0,0.0,4.0,0
0.36230589549602105,0.8462837837837837,7.0,1.0,0.0,1.0,0
-2.16102779441189,0.20945945945945943,9.0,1.0,0.0,1.0,0
-1.7626066854790616,0.6537162162162161,8.0,1.0,0.0,1.0,0
0.2959023773405497,0.7905405405405405,6.0,0.0,1.0,1.0,0
-0.8993609494579343,0.1317567567567568,1.0,1.0,0.0,1.0,0
-0.3681328042141636,0.706081081081081,9.0,1.0,0.0,4.0,1
-0.7665539131469916,0.34628378378378366,0.0,1.0,0.0,2.0,0
-0.23532576790322096,0.5050675675675674,0.0,1.0,0.0,2.0,0
-0.23532576790322096,0.33783783783783783,9.0,0.0,1.0,5.0,0
-2.0946242762564182,0.27533783783783783,5.0,0.0,1.0,2.0,0
-2.0946242762564182,0.7989864864864863,7.0,1.0,0.0,2.0,0
1.358358667828091,0.6587837837837834,8.0,1.0,0.0,0.0,1
0.4287094136514924,0.3412162162162161,2.0,0.0,1.0,5.0,0
-1.629799649168119,0.4797297297297295,1.0,1.0,0.0,0.0,0
-0.633746876836049,0.6249999999999999,6.0,1.0,0.0,1.0,0
0.16309534102960704,0.21283783783783772,6.0,0.0,1.0,0.0,0
0.8935340407397917,0.21114864864864857,2.0,1.0,0.0,1.0,0
0.22949885918507837,0.8513513513513512,7.0,1.0,0.0,5.0,0
-1.032167985768877,0.09966216216216206,5.0,0.0,1.0,2.0,0
-1.2977820583907622,0.2398648648648648,9.0,0.0,1.0,1.0,0
0.2959023773405497,0.34966216216216217,1.0,0.0,1.0,2.0,0
-0.5009398405251063,0.3817567567567567,0.0,1.0,0.0,4.0,0
0.0966918228741357,0.7043918918918918,7.0,0.0,1.0,2.0,0
-0.3681328042141636,0.07939189189189177,8.0,0.0,1.0,3.0,0
-1.629799649168119,0.8412162162162159,1.0,1.0,0.0,3.0,0
-0.633746876836049,0.7094594594594593,3.0,1.0,0.0,4.0,1
1.0927445952062058,0.3344594594594593,2.0,1.0,0.0,2.0,1
-0.832957431302463,0.7195945945945946,5.0,0.0,1.0,2.0,0
-0.3017292860586923,0.31756756756756743,6.0,0.0,1.0,0.0,0
-1.8954137217900044,0.2533783783783784,7.0,0.0,1.0,2.0,0
0.16309534102960704,0.6283783783783782,3.0,1.0,0.0,5.0,1
-0.23532576790322096,0.027027027027026973,1.0,1.0,0.0,2.0,0
0.7607270044288491,0.12162162162162149,6.0,1.0,0.0,5.0,0
-0.036115213436806966,0.14527027027027029,6.0,1.0,0.0,3.0,0
-1.3641855765462336,0.7297297297297295,7.0,0.0,1.0,3.0,0
0.7607270044288491,0.8040540540540541,5.0,1.0,0.0,2.0,1
0.03028830471866437,0.40202702702702686,3.0,0.0,1.0,0.0,0
-0.9657644676134056,0.6874999999999997,6.0,0.0,1.0,4.0,0
-0.43453632236963496,0.4172297297297295,9.0,0.0,1.0,5.0,0
-0.7665539131469916,0.6368243243243242,9.0,1.0,0.0,0.0,0
1.6903762586054478,0.8344594594594593,9.0,0.0,1.0,3.0,1
-0.7665539131469916,0.32432432432432423,1.0,1.0,0.0,0.0,0
-1.430589094701705,0.9527027027027025,5.0,1.0,0.0,1.0,0
0.6943234862733777,0.6503378378378378,5.0,1.0,0.0,2.0,0
0.6943234862733777,0.042229729729729715,5.0,0.0,1.0,0.0,0
-0.633746876836049,0.40033783783783783,2.0,1.0,0.0,0.0,0
0.9599375588952631,0.6148648648648646,2.0,0.0,1.0,1.0,0
0.36230589549602105,0.8192567567567567,8.0,0.0,1.0,4.0,0
1.6903762586054478,0.9391891891891889,8.0,1.0,0.0,4.0,1
0.2959023773405497,0.35304054054054046,2.0,1.0,0.0,4.0,0
0.16309534102960704,0.4695945945945946,9.0,0.0,1.0,1.0,0
-0.23532576790322096,0.5929054054054054,3.0,1.0,0.0,1.0,0
0.6279199681179064,0.537162162162162,7.0,1.0,0.0,3.0,0
-0.5673433586805776,0.1182432432432432,0.0,1.0,0.0,2.0,0
-0.3017292860586923,0.8479729729729729,9.0,0.0,1.0,0.0,0
0.22949885918507837,0.21283783783783772,8.0,0.0,1.0,3.0,0
1.159148113361677,0.7229729729729729,0.0,1.0,0.0,5.0,1
-0.5673433586805776,0.9425675675675672,6.0,0.0,1.0,1.0,0
0.36230589549602105,0.7888513513513512,6.0,0.0,1.0,5.0,0
-0.3017292860586923,0.21621621621621623,1.0,1.0,0.0,0.0,0
1.6239727404499764,0.6739864864864863,7.0,0.0,1.0,3.0,1
0.4951129318069637,0.8614864864864863,4.0,1.0,0.0,5.0,1
0.9599375588952631,0.8260135135135133,0.0,1.0,0.0,3.0,1
0.0966918228741357,0.28716216216216217,5.0,1.0,0.0,3.0,0
-0.43453632236963496,0.17229729729729715,8.0,0.0,1.0,0.0,0
2.28800792200469,0.8243243243243242,6.0,1.0,0.0,1.0,0
0.8935340407397917,0.6300675675675674,3.0,1.0,0.0,4.0,1
-0.5009398405251063,0.40033783783783783,6.0,1.0,0.0,1.0,0
0.6279199681179064,0.6233108108108106,8.0,1.0,0.0,3.0,1
-1.231378540235291,0.17229729729729715,5.0,0.0,1.0,4.0,0
-0.23532576790322096,0.385135135135135,1.0,1.0,0.0,0.0,0
-0.3681328042141636,0.30067567567567555,5.0,1.0,0.0,1.0,0
-0.43453632236963496,0.8581081081081078,4.0,1.0,0.0,1.0,0
-0.633746876836049,0.35979729729729726,8.0,0.0,1.0,3.0,0
-0.1025187315922783,0.28716216216216217,9.0,0.0,1.0,1.0,0
-2.028220758100947,0.18918918918918914,2.0,1.0,0.0,4.0,0
0.4287094136514924,0.6418918918918918,4.0,1.0,0.0,4.0,0
-1.4969926128571762,0.7364864864864863,3.0,1.0,0.0,3.0,0
0.9599375588952631,0.2466216216216216,5.0,0.0,1.0,4.0,0
-0.036115213436806966,0.7499999999999999,1.0,0.0,1.0,0.0,0
-1.0985715039243482,0.8564189189189185,3.0,1.0,0.0,5.0,1
-1.7626066854790616,0.6959459459459457,8.0,1.0,0.0,2.0,0
1.358358667828091,0.1013513513513512,5.0,0.0,1.0,1.0,0
0.6943234862733777,0.6908783783783784,4.0,0.0,1.0,2.0,0
1.955990331227333,0.09966216216216206,9.0,0.0,1.0,5.0,0
-2.8914664941220742,0.08108108108108092,1.0,0.0,1.0,4.0,0
1.756779776760919,0.20608108108108103,3.0,1.0,0.0,5.0,0
0.4951129318069637,0.3783783783783784,8.0,1.0,0.0,4.0,0
-0.8993609494579343,0.17229729729729715,9.0,0.0,1.0,0.0,0
-0.3017292860586923,0.8952702702702701,8.0,1.0,0.0,1.0,0
-0.23532576790322096,0.4408783783783784,5.0,0.0,1.0,3.0,0
-0.036115213436806966,0.6233108108108106,4.0,1.0,0.0,4.0,0
0.4951129318069637,0.6216216216216216,1.0,0.0,1.0,5.0,1
1.2255516315171484,0.1976351351351351,8.0,1.0,0.0,0.0,0
-0.23532576790322096,0.8141891891891889,0.0,1.0,0.0,2.0,0
-0.16892224974774964,0.30067567567567555,6.0,0.0,1.0,3.0,0
0.36230589549602105,0.6249999999999999,5.0,0.0,1.0,3.0,1
-1.231378540235291,0.697635135135135,9.0,0.0,1.0,0.0,0
1.2919551496726198,0.724662162162162,0.0,0.0,1.0,1.0,0
-0.43453632236963496,0.5422297297297295,9.0,1.0,0.0,5.0,0
-0.633746876836049,0.5236486486486486,6.0,1.0,0.0,1.0,0
-0.1025187315922783,0.7702702702702701,4.0,1.0,0.0,4.0,0
0.8271305225843204,0.6452702702702701,7.0,1.0,0.0,4.0,1
-2.0946242762564182,0.5591216216216214,0.0,0.0,1.0,1.0,0
-1.2977820583907622,0.822635135135135,7.0,1.0,0.0,1.0,0
-0.23532576790322096,0.24155405405405384,0.0,0.0,1.0,3.0,0
0.03028830471866437,0.2922297297297295,7.0,0.0,1.0,1.0,0
0.36230589549602105,0.6503378378378378,7.0,0.0,1.0,2.0,0
0.6943234862733777,0.8378378378378376,9.0,0.0,1.0,0.0,0
-0.1025187315922783,0.29054054054054046,3.0,0.0,1.0,2.0,0
-0.9657644676134056,0.3648648648648648,8.0,0.0,1.0,0.0,0
1.0927445952062058,0.21452702702702686,1.0,1.0,0.0,5.0,0
1.0263410770507344,0.9510135135135133,0.0,0.0,1.0,3.0,1
-1.3641855765462336,0.3834459459459457,8.0,1.0,0.0,1.0,0
0.0966918228741357,0.8783783783783782,6.0,1.0,0.0,0.0,0
0.0966918228741357,0.36655405405405406,0.0,0.0,1.0,4.0,0
0.16309534102960704,0.28378378378378366,7.0,1.0,0.0,3.0,0
-0.7665539131469916,0.6621621621621622,4.0,1.0,0.0,1.0,0
-2.16102779441189,0.3885135135135135,3.0,0.0,1.0,3.0,0
0.4951129318069637,0.038851351351351204,2.0,0.0,1.0,2.0,0
-0.3681328042141636,0.9003378378378376,1.0,0.0,1.0,1.0,0
0.03028830471866437,0.170608108108108,7.0,1.0,0.0,4.0,0
0.03028830471866437,0.6790540540540541,0.0,1.0,0.0,3.0,1
-1.3641855765462336,0.1385135135135135,8.0,0.0,1.0,2.0,0
-0.3017292860586923,0.8918918918918918,3.0,1.0,0.0,5.0,1
0.8271305225843204,0.5202702702702701,9.0,0.0,1.0,2.0,1
-0.3681328042141636,0.26182432432432423,0.0,0.0,1.0,3.0,0
-1.032167985768877,0.03378378378378377,0.0,1.0,0.0,2.0,0
1.159148113361677,0.3429054054054054,7.0,0.0,1.0,0.0,0
-0.43453632236963496,0.37331081081081063,0.0,1.0,0.0,2.0,0
1.4247621859835624,0.9628378378378376,6.0,0.0,1.0,2.0,1
-0.7665539131469916,0.697635135135135,3.0,0.0,1.0,4.0,1
0.9599375588952631,0.7449324324324321,4.0,1.0,0.0,2.0,1
-1.7626066854790616,0.8327702702702703,1.0,1.0,0.0,1.0,0
-0.23532576790322096,0.8614864864864863,0.0,1.0,0.0,5.0,1
0.0966918228741357,0.15202702702702708,9.0,0.0,1.0,1.0,0
-0.5673433586805776,0.7010135135135133,1.0,1.0,0.0,3.0,1
-1.0985715039243482,0.5844594594594593,1.0,0.0,1.0,5.0,0
-0.5673433586805776,0.6486486486486486,7.0,0.0,1.0,5.0,0
1.2255516315171484,0.34966216216216217,6.0,1.0,0.0,4.0,1
0.22949885918507837,0.4543918918918918,6.0,0.0,1.0,2.0,0
-1.5633961310126476,0.41891891891891875,9.0,1.0,0.0,5.0,0
0.9599375588952631,0.048986486486486513,4.0,1.0,0.0,0.0,0
2.420814958315632,0.22635135135135132,0.0,0.0,1.0,0.0,0
0.0966918228741357,0.1638513513513512,2.0,0.0,1.0,0.0,0
0.8271305225843204,0.5439189189189187,4.0,0.0,1.0,5.0,1
0.16309534102960704,0.9239864864864863,6.0,1.0,0.0,4.0,0
-0.1025187315922783,0.5540540540540541,4.0,1.0,0.0,1.0,0
1.159148113361677,0.40033783783783783,1.0,0.0,1.0,1.0,0
0.6279199681179064,0.5202702702702701,0.0,1.0,0.0,4.0,0
0.16309534102960704,0.42229729729729726,1.0,1.0,0.0,2.0,0
0.7607270044288491,0.11993243243243235,5.0,0.0,1.0,4.0,0
-0.5009398405251063,0.6266891891891891,6.0,0.0,1.0,0.0,0
0.4951129318069637,0.17229729729729715,0.0,0.0,1.0,2.0,0
-0.832957431302463,0.5945945945945946,0.0,0.0,1.0,0.0,0
2.420814958315632,0.8395270270270269,7.0,1.0,0.0,0.0,1
0.8271305225843204,0.24493243243243235,6.0,1.0,0.0,4.0,0
0.2959023773405497,0.3885135135135135,1.0,0.0,1.0,0.0,0
0.6943234862733777,0.4408783783783784,1.0,0.0,1.0,1.0,0
0.4287094136514924,0.4594594594594593,7.0,1.0,0.0,0.0,0
0.6279199681179064,0.8412162162162159,7.0,1.0,0.0,0.0,0
-0.3681328042141636,0.2804054054054054,0.0,1.0,0.0,1.0,0
-2.0946242762564182,0.6570945945945944,5.0,1.0,0.0,2.0,1
-0.832957431302463,0.36993243243243235,1.0,0.0,1.0,5.0,0
1.6903762586054478,0.3479729729729729,0.0,1.0,0.0,0.0,0
-0.8993609494579343,0.25168918918918914,0.0,0.0,1.0,5.0,0
-1.430589094701705,0.30405405405405384,4.0,1.0,0.0,0.0,0
0.16309534102960704,0.14695945945945943,5.0,0.0,1.0,1.0,0
0.4951129318069637,0.9645270270270269,6.0,0.0,1.0,4.0,0
-0.5673433586805776,0.43581081081081063,5.0,1.0,0.0,2.0,0
-0.9657644676134056,0.43581081081081063,9.0,0.0,1.0,3.0,0
-0.036115213436806966,0.3969594594594593,3.0,1.0,0.0,1.0,0
-0.7665539131469916,0.8293918918918916,5.0,1.0,0.0,3.0,0
2.885639585403932,0.2364864864864865,4.0,0.0,1.0,5.0,0
1.8895868130718618,0.8395270270270269,8.0,1.0,0.0,3.0,1
-0.16892224974774964,0.3986486486486486,6.0,0.0,1.0,1.0,0
0.36230589549602105,0.8327702702702703,8.0,1.0,0.0,5.0,1
1.0927445952062058,0.15371621621621623,0.0,1.0,0.0,2.0,0
-0.1025187315922783,0.5979729729729729,3.0,1.0,0.0,0.0,0
-1.0985715039243482,0.8935810810810808,7.0,1.0,0.0,3.0,0
0.6279199681179064,0.27027027027027006,4.0,1.0,0.0,3.0,0
0.03028830471866437,0.2010135135135135,4.0,0.0,1.0,1.0,0
0.03028830471866437,0.6570945945945944,5.0,1.0,0.0,1.0,0
-0.1025187315922783,0.8327702702702703,5.0,1.0,0.0,5.0,0
0.2959023773405497,0.3260135135135135,2.0,0.0,1.0,3.0,0
-1.5633961310126476,0.6959459459459457,8.0,1.0,0.0,1.0,0
-0.8993609494579343,0.01858108108108114,5.0,1.0,0.0,1.0,0
-1.231378540235291,0.7736486486486484,8.0,0.0,1.0,4.0,0
-0.5009398405251063,0.6638513513513512,8.0,1.0,0.0,3.0,1
0.6943234862733777,0.46452702702702686,2.0,0.0,1.0,3.0,0
-0.16892224974774964,0.2804054054054054,6.0,0.0,1.0,0.0,0
0.0966918228741357,0.11655405405405406,0.0,1.0,0.0,1.0,0
2.420814958315632,0.6824324324324323,2.0,0.0,1.0,1.0,1
-1.0985715039243482,0.20270270270270263,6.0,1.0,0.0,0.0,0
1.6903762586054478,0.606418918918919,5.0,0.0,1.0,1.0,0
1.0927445952062058,0.9780405405405402,8.0,1.0,0.0,5.0,1
-0.5673433586805776,0.1182432432432432,1.0,0.0,1.0,1.0,0
-1.2977820583907622,0.1908783783783783,6.0,1.0,0.0,3.0,0
2.28800792200469,0.5016891891891889,3.0,0.0,1.0,1.0,0
-1.231378540235291,0.5489864864864863,6.0,0.0,1.0,4.0,0
0.2959023773405497,0.31081081081081063,7.0,1.0,0.0,5.0,0
0.7607270044288491,0.30067567567567555,5.0,0.0,1.0,5.0,1
0.561516449962435,0.6334459459459457,7.0,1.0,0.0,2.0,1
0.6943234862733777,0.6266891891891891,0.0,1.0,0.0,4.0,0
-0.633746876836049,0.3614864864864863,8.0,0.0,1.0,0.0,0
-0.5009398405251063,0.8597972972972973,1.0,1.0,0.0,3.0,0
-1.7626066854790616,0.41554054054054046,1.0,1.0,0.0,5.0,0
-0.8993609494579343,0.7229729729729729,9.0,1.0,0.0,4.0,0
0.561516449962435,0.6503378378378378,8.0,1.0,0.0,4.0,0
1.358358667828091,0.5405405405405405,7.0,1.0,0.0,3.0,0
0.4287094136514924,0.6233108108108106,4.0,1.0,0.0,4.0,1
1.955990331227333,0.12162162162162149,3.0,0.0,1.0,5.0,0
-0.7665539131469916,0.28378378378378366,1.0,1.0,0.0,2.0,0
-0.3017292860586923,0.8006756756756753,5.0,1.0,0.0,0.0,0
1.6239727404499764,0.6908783783783784,3.0,1.0,0.0,4.0,1
0.9599375588952631,0.46790540540540515,5.0,0.0,1.0,0.0,0
-1.0985715039243482,0.3429054054054054,3.0,1.0,0.0,5.0,0
0.7607270044288491,0.14189189189189177,6.0,0.0,1.0,3.0,0
0.0966918228741357,0.8293918918918916,8.0,1.0,0.0,2.0,1
0.22949885918507837,0.5793918918918918,2.0,1.0,0.0,2.0,0
0.561516449962435,0.8530405405405402,5.0,0.0,1.0,0.0,0
0.6943234862733777,0.19594594594594594,2.0,1.0,0.0,2.0,0
1.159148113361677,0.37331081081081063,5.0,1.0,0.0,3.0,0
0.4287094136514924,0.6402027027027025,3.0,1.0,0.0,1.0,0
-2.6922559396556602,0.9712837837837834,1.0,1.0,0.0,4.0,1
-0.9657644676134056,0.06756756756756754,4.0,0.0,1.0,5.0,0
0.561516449962435,0.7162162162162159,6.0,1.0,0.0,1.0,0
0.4287094136514924,0.8716216216216214,0.0,0.0,1.0,0.0,0
-1.6962031673235902,0.042229729729729715,5.0,1.0,0.0,1.0,0
0.03028830471866437,0.8361486486486486,1.0,0.0,1.0,3.0,1
1.4247621859835624,0.19594594594594594,6.0,1.0,0.0,4.0,0
-0.1025187315922783,0.5320945945945946,0.0,0.0,1.0,3.0,0
-0.5009398405251063,0.34966216216216217,7.0,1.0,0.0,2.0,0
0.6279199681179064,0.8716216216216214,1.0,1.0,0.0,5.0,1
0.4951129318069637,0.295608108108108,6.0,0.0,1.0,0.0,0
0.561516449962435,0.27702702702702686,6.0,1.0,0.0,4.0,0
1.0927445952062058,0.6199324324324323,3.0,0.0,1.0,0.0,0
-1.0985715039243482,0.5608108108108106,4.0,1.0,0.0,2.0,0
0.4287094136514924,0.8783783783783782,9.0,1.0,0.0,2.0,0
-0.23532576790322096,0.8749999999999999,7.0,1.0,0.0,2.0,0
1.4247621859835624,0.5337837837837837,0.0,0.0,1.0,3.0,0
-1.5633961310126476,0.6672297297297297,0.0,1.0,0.0,3.0,1
-0.036115213436806966,0.6554054054054052,6.0,1.0,0.0,1.0,0
-0.43453632236963496,0.8597972972972973,0.0,0.0,1.0,1.0,0
-0.9657644676134056,0.7888513513513512,8.0,1.0,0.0,0.0,0
1.8895868130718618,0.8986486486486484,6.0,1.0,0.0,2.0,1
-0.9657644676134056,0.1841216216216215,0.0,0.0,1.0,2.0,0
-0.7665539131469916,0.44256756756756743,6.0,1.0,0.0,3.0,0
-1.0985715039243482,0.2398648648648648,5.0,0.0,1.0,5.0,0
-0.5009398405251063,0.5253378378378378,5.0,1.0,0.0,3.0,0
-0.3681328042141636,0.8141891891891889,8.0,0.0,1.0,1.0,0
0.03028830471866437,0.3749999999999999,6.0,1.0,0.0,2.0,0
0.4951129318069637,0.8682432432432431,5.0,1.0,0.0,4.0,0
-0.5009398405251063,0.22635135135135132,2.0,0.0,1.0,2.0,0
2.420814958315632,0.13006756756756743,1.0,1.0,0.0,1.0,0
-0.3681328042141636,0.4797297297297295,3.0,0.0,1.0,4.0,0
1.4911657041390338,0.7635135135135135,7.0,1.0,0.0,0.0,0
0.22949885918507837,0.5760135135135135,5.0,1.0,0.0,4.0,0
-0.9657644676134056,0.7398648648648646,6.0,1.0,0.0,0.0,0
-0.7665539131469916,0.5557432432432431,9.0,0.0,1.0,5.0,0
-0.832957431302463,0.46114864864864835,7.0,1.0,0.0,0.0,0
-0.1025187315922783,0.3344594594594593,9.0,1.0,0.0,0.0,0
0.0966918228741357,0.9391891891891889,3.0,1.0,0.0,4.0,1
0.6943234862733777,0.4662162162162161,3.0,1.0,0.0,4.0,0
1.6239727404499764,0.3766891891891889,5.0,1.0,0.0,5.0,1
-0.3681328042141636,0.1976351351351351,1.0,0.0,1.0,5.0,0
-0.5009398405251063,0.06587837837837829,4.0,1.0,0.0,2.0,0
0.16309534102960704,0.6469594594594591,0.0,1.0,0.0,5.0,0
1.4911657041390338,0.1942567567567568,1.0,0.0,1.0,0.0,0
2.155200885693747,0.4138513513513512,4.0,0.0,1.0,5.0,0
-0.036115213436806966,0.4763513513513512,1.0,1.0,0.0,3.0,0
1.4911657041390338,0.14864864864864857,9.0,0.0,1.0,1.0,0
0.8271305225843204,0.3479729729729729,0.0,1.0,0.0,5.0,0
0.8271305225843204,0.8699324324324321,1.0,1.0,0.0,5.0,1
0.9599375588952631,0.7314189189189185,0.0,0.0,1.0,3.0,1
-1.430589094701705,0.37331081081081063,6.0,1.0,0.0,4.0,0
-0.5009398405251063,0.7550675675675674,4.0,1.0,0.0,0.0,0
0.0966918228741357,0.18243243243243235,0.0,1.0,0.0,5.0,0
0.2959023773405497,0.8277027027027025,2.0,1.0,0.0,0.0,0
-0.23532576790322096,0.7550675675675674,8.0,1.0,0.0,4.0,0
-2.0946242762564182,0.8766891891891891,9.0,1.0,0.0,5.0,0
-0.832957431302463,0.31418918918918914,5.0,1.0,0.0,5.0,0
1.2919551496726198,0.20777027027027017,4.0,1.0,0.0,1.0,0
0.7607270044288491,0.4459459459459457,3.0,0.0,1.0,0.0,0
0.03028830471866437,0.35304054054054046,0.0,1.0,0.0,4.0,0
-1.4969926128571762,0.6097972972972973,0.0,0.0,1.0,2.0,0
-0.633746876836049,0.7736486486486484,5.0,1.0,0.0,3.0,0
-0.7001503949915203,0.7229729729729729,2.0,0.0,1.0,2.0,0
0.561516449962435,0.06756756756756754,8.0,0.0,1.0,4.0,0
-0.5009398405251063,0.8293918918918916,4.0,1.0,0.0,2.0,0
0.2959023773405497,0.22635135135135132,6.0,1.0,0.0,2.0,0
-2.227431312567361,0.670608108108108,2.0,1.0,0.0,3.0,0
1.0927445952062058,0.3614864864864863,2.0,1.0,0.0,2.0,0
-1.1649750220798196,0.40878378378378366,6.0,0.0,1.0,3.0,0
-0.3017292860586923,0.26182432432432423,9.0,1.0,0.0,1.0,0
-0.3017292860586923,0.5540540540540541,7.0,0.0,1.0,1.0,0
1.4911657041390338,0.8665540540540538,4.0,1.0,0.0,2.0,1
-0.633746876836049,0.6959459459459457,9.0,0.0,1.0,0.0,0
0.22949885918507837,0.3057432432432431,7.0,0.0,1.0,5.0,0
-0.16892224974774964,0.8277027027027025,6.0,0.0,1.0,0.0,0
0.8935340407397917,0.7770270270270269,4.0,1.0,0.0,1.0,0
0.36230589549602105,0.4391891891891889,7.0,1.0,0.0,3.0,0
3.084850139870346,0.46114864864864835,5.0,0.0,1.0,2.0,0
0.03028830471866437,0.06756756756756754,8.0,0.0,1.0,0.0,0
-2.028220758100947,0.8344594594594593,7.0,1.0,0.0,5.0,0
1.6239727404499764,0.2820945945945944,1.0,1.0,0.0,1.0,0
-0.43453632236963496,0.1283783783783783,4.0,0.0,1.0,3.0,0
-2.625852421500189,0.5168918918918918,9.0,0.0,1.0,4.0,0
1.159148113361677,0.8293918918918916,9.0,0.0,1.0,1.0,0
0.03028830471866437,0.0523648648648648,0.0,1.0,0.0,2.0,0
-0.8993609494579343,0.2854729729729729,4.0,1.0,0.0,1.0,0
-1.231378540235291,0.17567567567567566,8.0,0.0,1.0,5.0,0
0.9599375588952631,0.46790540540540515,9.0,1.0,0.0,0.0,0
0.36230589549602105,0.5945945945945946,5.0,1.0,0.0,2.0,0
-1.2977820583907622,0.6469594594594591,8.0,0.0,1.0,2.0,1
0.561516449962435,0.6891891891891889,8.0,1.0,0.0,4.0,0
-1.7626066854790616,0.8192567567567567,4.0,1.0,0.0,5.0,1
1.2255516315171484,0.483108108108108,5.0,1.0,0.0,1.0,0
-0.5009398405251063,0.5422297297297295,5.0,0.0,1.0,1.0,0
-0.036115213436806966,0.6165540540540538,2.0,0.0,1.0,5.0,0
-1.1649750220798196,0.2533783783783784,5.0,0.0,1.0,2.0,0
-0.5009398405251063,0.7043918918918918,2.0,1.0,0.0,4.0,1
-1.1649750220798196,0.9391891891891889,6.0,1.0,0.0,3.0,0
1.159148113361677,0.5878378378378376,9.0,1.0,0.0,5.0,1
0.22949885918507837,0.43581081081081063,8.0,1.0,0.0,0.0,0
-0.8993609494579343,0.706081081081081,5.0,0.0,1.0,1.0,0
-0.23532576790322096,0.5050675675675674,3.0,0.0,1.0,3.0,0
1.557569222294505,0.8699324324324321,3.0,1.0,0.0,2.0,1
0.16309534102960704,0.7652027027027025,8.0,1.0,0.0,0.0,0
0.16309534102960704,0.4307432432432431,1.0,0.0,1.0,2.0,0
-0.633746876836049,0.13006756756756743,4.0,1.0,0.0,5.0,0
-0.3017292860586923,0.4864864864864863,7.0,1.0,0.0,0.0,0
-0.43453632236963496,0.35304054054054046,3.0,1.0,0.0,1.0,0
0.36230589549602105,0.5760135135135135,4.0,1.0,0.0,4.0,0
-0.16892224974774964,0.9155405405405405,1.0,1.0,0.0,0.0,0
0.8271305225843204,0.697635135135135,6.0,0.0,1.0,0.0,1
0.2959023773405497,0.26520270270270274,6.0,0.0,1.0,0.0,0
0.0966918228741357,0.8513513513513512,4.0,0.0,1.0,3.0,0
1.2255516315171484,0.831081081081081,6.0,1.0,0.0,4.0,1
0.0966918228741357,0.5962837837837837,3.0,1.0,0.0,5.0,1
0.03028830471866437,0.8479729729729729,6.0,0.0,1.0,2.0,1
0.6279199681179064,0.07601351351351349,4.0,1.0,0.0,3.0,0
0.2959023773405497,0.5743243243243242,9.0,1.0,0.0,1.0,0
1.0927445952062058,0.5523648648648646,5.0,0.0,1.0,0.0,0
-0.1025187315922783,0.8040540540540541,5.0,0.0,1.0,2.0,0
-0.3017292860586923,0.3749999999999999,9.0,0.0,1.0,4.0,0
-0.5673433586805776,0.9374999999999997,6.0,0.0,1.0,2.0,0
-0.633746876836049,0.6604729729729727,1.0,1.0,0.0,5.0,0
-1.0985715039243482,0.37331081081081063,9.0,1.0,0.0,4.0,0
1.8895868130718618,0.2364864864864865,9.0,1.0,0.0,1.0,0
-0.1025187315922783,0.8530405405405402,9.0,1.0,0.0,5.0,1
2.28800792200469,0.8445945945945942,7.0,0.0,1.0,4.0,1
-1.2977820583907622,0.2010135135135135,3.0,0.0,1.0,4.0,0
-1.231378540235291,0.3902027027027025,6.0,1.0,0.0,3.0,0
-0.036115213436806966,0.8547297297297295,6.0,1.0,0.0,3.0,0
-0.16892224974774964,0.8327702702702703,4.0,1.0,0.0,2.0,1
-0.036115213436806966,0.45777027027027006,6.0,0.0,1.0,1.0,0
-1.231378540235291,0.7466216216216216,2.0,1.0,0.0,0.0,0
-0.5009398405251063,0.5557432432432431,5.0,1.0,0.0,2.0,0
0.22949885918507837,0.3885135135135135,9.0,1.0,0.0,2.0,0
1.159148113361677,0.5472972972972973,6.0,0.0,1.0,1.0,0
1.756779776760919,0.6773648648648648,1.0,1.0,0.0,1.0,1
0.0966918228741357,0.6587837837837834,4.0,0.0,1.0,4.0,0
1.0263410770507344,0.21283783783783772,3.0,0.0,1.0,2.0,0
-1.0985715039243482,0.8513513513513512,6.0,1.0,0.0,4.0,0
0.36230589549602105,0.7905405405405405,5.0,1.0,0.0,1.0,0
0.36230589549602105,0.38006756756756743,5.0,1.0,0.0,3.0,0
-1.1649750220798196,0.27702702702702686,9.0,1.0,0.0,0.0,0
-2.2938348307228322,0.7685810810810808,1.0,1.0,0.0,5.0,0
1.0927445952062058,0.16891891891891886,3.0,1.0,0.0,0.0,0
0.4951129318069637,0.5016891891891889,5.0,0.0,1.0,3.0,0
-1.032167985768877,0.3158783783783784,4.0,0.0,1.0,0.0,0
0.16309534102960704,0.6807432432432431,5.0,1.0,0.0,4.0,1
0.03028830471866437,0.3412162162162161,9.0,0.0,1.0,1.0,0
1.0263410770507344,0.8479729729729729,4.0,1.0,0.0,3.0,1
-1.231378540235291,0.2398648648648648,3.0,1.0,0.0,1.0,0
0.9599375588952631,0.7263513513513512,9.0,1.0,0.0,5.0,1
-0.3681328042141636,0.14358108108108092,1.0,1.0,0.0,1.0,0
0.22949885918507837,0.7736486486486484,1.0,1.0,0.0,5.0,0
-0.1025187315922783,0.6739864864864863,2.0,1.0,0.0,0.0,0
-1.3641855765462336,0.08108108108108092,6.0,0.0,1.0,0.0,0
2.155200885693747,0.2010135135135135,6.0,0.0,1.0,1.0,0
-0.43453632236963496,0.7770270270270269,6.0,0.0,1.0,2.0,1
-0.23532576790322096,0.7145270270270269,0.0,1.0,0.0,1.0,0
-0.832957431302463,0.3513513513513512,4.0,0.0,1.0,4.0,0
-1.0985715039243482,0.26520270270270274,5.0,0.0,1.0,3.0,0
1.756779776760919,0.3412162162162161,6.0,1.0,0.0,4.0,1
-0.43453632236963496,0.30067567567567555,4.0,0.0,1.0,2.0,0
-0.633746876836049,0.2989864864864863,7.0,1.0,0.0,3.0,0
-0.5673433586805776,0.5861486486486486,7.0,1.0,0.0,5.0,1
-0.3017292860586923,0.1807432432432432,7.0,1.0,0.0,4.0,0
-0.7665539131469916,0.4729729729729729,3.0,0.0,1.0,5.0,0
-1.5633961310126476,0.5777027027027025,3.0,0.0,1.0,2.0,0
1.159148113361677,0.4510135135135135,3.0,0.0,1.0,5.0,1
0.8935340407397917,0.6182432432432429,7.0,1.0,0.0,2.0,1
-0.43453632236963496,0.5861486486486486,7.0,1.0,0.0,4.0,0
-0.16892224974774964,0.21959459459459452,9.0,1.0,0.0,1.0,0
0.36230589549602105,0.15878378378378377,9.0,1.0,0.0,2.0,0
0.16309534102960704,0.7398648648648646,1.0,0.0,1.0,0.0,0
1.955990331227333,0.6773648648648648,7.0,0.0,1.0,5.0,1
1.2919551496726198,0.1739864864864865,0.0,1.0,0.0,3.0,1
1.2255516315171484,0.20777027027027017,3.0,1.0,0.0,5.0,1
-0.23532576790322096,0.3783783783783784,0.0,1.0,0.0,5.0,0
-0.23532576790322096,0.7314189189189185,7.0,1.0,0.0,2.0,0
1.358358667828091,0.5439189189189187,0.0,0.0,1.0,2.0,1
1.4247621859835624,0.1807432432432432,2.0,0.0,1.0,1.0,0
0.6943234862733777,0.699324324324324,5.0,0.0,1.0,1.0,0
0.6943234862733777,0.02533783783783783,0.0,1.0,0.0,5.0,0
0.4951129318069637,0.5945945945945946,5.0,1.0,0.0,4.0,0
1.756779776760919,0.7077702702702703,2.0,1.0,0.0,2.0,1
-0.7001503949915203,0.7128378378378376,3.0,1.0,0.0,0.0,0
-1.4969926128571762,0.9493243243243242,8.0,0.0,1.0,0.0,0
-1.3641855765462336,0.4104729729729729,0.0,1.0,0.0,0.0,0
1.2919551496726198,0.027027027027026973,7.0,1.0,0.0,3.0,0
-0.1025187315922783,0.697635135135135,0.0,1.0,0.0,5.0,1
1.2255516315171484,0.35979729729729726,1.0,1.0,0.0,5.0,1
-0.633746876836049,0.3783783783783784,6.0,1.0,0.0,1.0,0
0.2959023773405497,0.46452702702702686,7.0,1.0,0.0,0.0,0
0.2959023773405497,0.40202702702702686,0.0,0.0,1.0,0.0,0
0.8271305225843204,0.1942567567567568,0.0,1.0,0.0,2.0,1
0.03028830471866437,0.8124999999999997,7.0,1.0,0.0,5.0,0
-0.1025187315922783,0.8327702702702703,3.0,0.0,1.0,1.0,0
-0.23532576790322096,0.6199324324324323,8.0,0.0,1.0,3.0,0
-0.832957431302463,0.5945945945945946,1.0,1.0,0.0,0.0,0
0.0966918228741357,0.1182432432432432,4.0,1.0,0.0,1.0,0
-0.7665539131469916,0.6368243243243242,1.0,0.0,1.0,1.0,0
-1.032167985768877,0.8699324324324321,6.0,0.0,1.0,4.0,1
0.9599375588952631,0.2567567567567567,9.0,1.0,0.0,5.0,0
-0.9657644676134056,0.9070945945945944,8.0,0.0,1.0,2.0,1
-0.5009398405251063,0.2922297297297295,4.0,0.0,1.0,0.0,0
1.0927445952062058,0.1351351351351351,3.0,0.0,1.0,1.0,0
-0.832957431302463,0.5422297297297295,0.0,1.0,0.0,3.0,0
1.0263410770507344,0.35304054054054046,1.0,0.0,1.0,0.0,0
1.557569222294505,0.7398648648648646,8.0,1.0,0.0,5.0,1
0.7607270044288491,0.4408783783783784,6.0,0.0,1.0,2.0,0
-1.1649750220798196,0.7584459459459457,6.0,1.0,0.0,3.0,0
-0.036115213436806966,0.36317567567567555,8.0,1.0,0.0,5.0,0
-0.3681328042141636,0.5523648648648646,3.0,0.0,1.0,3.0,0
1.2919551496726198,0.17567567567567566,7.0,0.0,1.0,1.0,0
-0.3681328042141636,0.8395270270270269,1.0,1.0,0.0,2.0,0
1.2255516315171484,0.8429054054054052,5.0,0.0,1.0,3.0,1
0.16309534102960704,0.8462837837837837,7.0,1.0,0.0,0.0,0
-0.5673433586805776,0.6249999999999999,3.0,1.0,0.0,2.0,1
-1.430589094701705,0.5439189189189187,7.0,1.0,0.0,2.0,0
1.0263410770507344,0.8699324324324321,1.0,1.0,0.0,1.0,0
0.03028830471866437,0.33952702702702686,7.0,0.0,1.0,3.0,0
-2.0946242762564182,0.4527027027027025,8.0,0.0,1.0,4.0,0
-2.4930453851892462,0.6199324324324323,3.0,1.0,0.0,4.0,0
0.4287094136514924,0.41216216216216217,3.0,0.0,1.0,4.0,0
0.22949885918507837,0.7179054054054052,9.0,1.0,0.0,3.0,1
0.9599375588952631,0.4442567567567567,5.0,0.0,1.0,0.0,0
0.561516449962435,0.3479729729729729,5.0,1.0,0.0,0.0,0
-0.16892224974774964,0.9324324324324323,5.0,1.0,0.0,5.0,0
0.22949885918507837,0.08783783783783772,9.0,0.0,1.0,2.0,0
0.4287094136514924,0.3479729729729729,9.0,1.0,0.0,2.0,0
0.4287094136514924,0.8141891891891889,9.0,0.0,1.0,1.0,0
0.36230589549602105,0.6604729729729727,9.0,1.0,0.0,2.0,0
0.0966918228741357,0.14358108108108092,4.0,0.0,1.0,2.0,0
-0.3017292860586923,0.5929054054054054,3.0,1.0,0.0,5.0,0
-1.829010203634533,0.5675675675675674,7.0,0.0,1.0,2.0,0
1.955990331227333,0.322635135135135,1.0,1.0,0.0,1.0,0
-0.9657644676134056,0.4864864864864863,5.0,1.0,0.0,2.0,0
2.022393849382804,0.29054054054054046,3.0,1.0,0.0,3.0,1
0.9599375588952631,0.6300675675675674,6.0,1.0,0.0,4.0,1
-0.5009398405251063,0.36655405405405406,2.0,0.0,1.0,2.0,0
-2.625852421500189,0.3749999999999999,0.0,0.0,1.0,3.0,0
1.8231832949163904,0.6807432432432431,0.0,1.0,0.0,0.0,0
-0.5009398405251063,0.3479729729729729,0.0,1.0,0.0,1.0,0
0.0966918228741357,0.47804054054054046,7.0,0.0,1.0,1.0,0
-0.036115213436806966,0.07263513513513509,5.0,0.0,1.0,4.0,0
2.620025512782046,0.9493243243243242,9.0,1.0,0.0,2.0,1
0.6943234862733777,0.7010135135135133,4.0,1.0,0.0,4.0,0
0.9599375588952631,0.8648648648648648,9.0,1.0,0.0,1.0,1
0.22949885918507837,0.2804054054054054,5.0,1.0,0.0,4.0,0
1.0263410770507344,0.6131756756756755,7.0,0.0,1.0,2.0,1
1.159148113361677,0.5608108108108106,5.0,0.0,1.0,1.0,0
0.6943234862733777,0.5219594594594593,6.0,0.0,1.0,4.0,0
-0.23532576790322096,0.4138513513513512,1.0,0.0,1.0,0.0,0
-1.2977820583907622,0.18918918918918914,0.0,1.0,0.0,0.0,0
-0.036115213436806966,0.36655405405405406,4.0,1.0,0.0,5.0,0
-1.032167985768877,0.28716216216216217,1.0,1.0,0.0,2.0,0
-0.3681328042141636,0.4966216216216216,6.0,1.0,0.0,5.0,0
0.4951129318069637,0.8006756756756753,4.0,1.0,0.0,4.0,0
0.0966918228741357,0.5709459459459457,0.0,1.0,0.0,5.0,0
-2.0946242762564182,0.8631756756756755,2.0,1.0,0.0,2.0,0
-0.5673433586805776,0.48479729729729726,1.0,1.0,0.0,0.0,0
1.0263410770507344,0.2398648648648648,6.0,1.0,0.0,1.0,0
0.7607270044288491,0.6334459459459457,7.0,1.0,0.0,1.0,0
-0.633746876836049,0.5827702702702701,9.0,1.0,0.0,0.0,0
-1.4969926128571762,0.6317567567567565,1.0,1.0,0.0,4.0,1
1.557569222294505,0.48141891891891875,3.0,1.0,0.0,0.0,0
1.159148113361677,0.8006756756756753,2.0,0.0,1.0,5.0,1
-1.9618172399454756,0.822635135135135,2.0,0.0,1.0,2.0,0
-1.629799649168119,0.5168918918918918,1.0,1.0,0.0,1.0,0
1.4247621859835624,0.4459459459459457,4.0,0.0,1.0,3.0,0
-0.7665539131469916,0.15878378378378377,4.0,0.0,1.0,5.0,0
-1.5633961310126476,0.4729729729729729,5.0,0.0,1.0,4.0,0
-0.1025187315922783,0.8581081081081078,3.0,1.0,0.0,5.0,1
0.4951129318069637,0.23479729729729726,0.0,1.0,0.0,1.0,0
-0.23532576790322096,0.08614864864864857,8.0,0.0,1.0,2.0,0
1.0927445952062058,0.6469594594594591,5.0,1.0,0.0,5.0,1
-0.9657644676134056,0.33277027027027006,7.0,1.0,0.0,3.0,0
0.0966918228741357,0.8800675675675674,0.0,1.0,0.0,4.0,0
0.0966918228741357,0.2820945945945944,7.0,1.0,0.0,5.0,0
0.7607270044288491,0.09121621621621623,2.0,0.0,1.0,2.0,0
-0.23532576790322096,0.518581081081081,0.0,1.0,0.0,4.0,0
-1.7626066854790616,0.19932432432432423,9.0,1.0,0.0,4.0,0
0.03028830471866437,0.5472972972972973,7.0,1.0,0.0,2.0,0
-0.5009398405251063,0.33952702702702686,2.0,1.0,0.0,4.0,0
0.6943234862733777,0.6131756756756755,4.0,0.0,1.0,0.0,0
-0.1025187315922783,0.31081081081081063,3.0,1.0,0.0,0.0,0
0.0966918228741357,0.7162162162162159,6.0,0.0,1.0,1.0,0
-0.3017292860586923,0.7905405405405405,5.0,0.0,1.0,5.0,0
-1.231378540235291,0.5743243243243242,7.0,0.0,1.0,0.0,0
0.561516449962435,0.7263513513513512,5.0,1.0,0.0,4.0,1
-0.5009398405251063,0.41216216216216217,4.0,0.0,1.0,2.0,0
0.22949885918507837,0.8530405405405402,8.0,0.0,1.0,1.0,0
-0.8993609494579343,0.5219594594594593,0.0,1.0,0.0,0.0,0
-2.825062975966603,0.0625,9.0,1.0,0.0,0.0,0
0.22949885918507837,0.7635135135135135,5.0,1.0,0.0,2.0,1
2.022393849382804,0.2499999999999999,7.0,0.0,1.0,5.0,0
0.4951129318069637,0.7483108108108109,2.0,1.0,0.0,3.0,0
-1.5633961310126476,0.572635135135135,6.0,1.0,0.0,1.0,0
0.6279199681179064,0.24493243243243235,8.0,0.0,1.0,0.0,0
1.0263410770507344,0.815878378378378,7.0,0.0,1.0,2.0,1
1.557569222294505,0.9037162162162161,7.0,1.0,0.0,4.0,1
0.6943234862733777,0.6317567567567565,5.0,0.0,1.0,3.0,0
-0.16892224974774964,0.21621621621621623,3.0,1.0,0.0,3.0,0
0.9599375588952631,0.14527027027027029,9.0,0.0,1.0,4.0,0
0.0966918228741357,0.15878378378378377,7.0,0.0,1.0,3.0,0
-1.0985715039243482,0.7922297297297297,6.0,0.0,1.0,5.0,0
0.7607270044288491,0.8952702702702701,6.0,1.0,0.0,3.0,1
0.4287094136514924,0.5658783783783782,7.0,1.0,0.0,2.0,0
-0.036115213436806966,0.34628378378378366,3.0,1.0,0.0,2.0,0
-0.3017292860586923,0.2736486486486486,9.0,1.0,0.0,2.0,0
0.03028830471866437,0.7854729729729727,7.0,0.0,1.0,2.0,0
-0.3017292860586923,0.47466216216216195,5.0,0.0,1.0,2.0,0
-0.16892224974774964,0.8006756756756753,9.0,0.0,1.0,3.0,1
0.561516449962435,0.3429054054054054,1.0,1.0,0.0,4.0,0
0.2959023773405497,0.7314189189189185,5.0,0.0,1.0,1.0,0
0.4287094136514924,0.4543918918918918,8.0,0.0,1.0,1.0,0
1.4911657041390338,0.22466216216216206,5.0,0.0,1.0,1.0,0
-0.3017292860586923,0.8344594594594593,0.0,1.0,0.0,4.0,0
0.03028830471866437,0.31418918918918914,7.0,1.0,0.0,3.0,0
-0.832957431302463,0.07263513513513509,0.0,0.0,1.0,0.0,0
0.6279199681179064,0.8733108108108109,8.0,0.0,1.0,0.0,0
-1.032167985768877,0.8243243243243242,1.0,0.0,1.0,2.0,0
0.7607270044288491,0.8986486486486484,4.0,0.0,1.0,4.0,1
1.0927445952062058,0.35304054054054046,2.0,0.0,1.0,5.0,0
-0.43453632236963496,0.4695945945945946,2.0,1.0,0.0,4.0,0
1.4911657041390338,0.6824324324324323,8.0,1.0,0.0,3.0,1
0.4951129318069637,0.170608108108108,2.0,1.0,0.0,5.0,0
-1.1649750220798196,0.8817567567567565,2.0,1.0,0.0,0.0,0
0.6279199681179064,0.8733108108108109,9.0,0.0,1.0,2.0,0
-0.5009398405251063,0.21959459459459452,2.0,1.0,0.0,2.0,0
0.22949885918507837,0.3766891891891889,4.0,1.0,0.0,4.0,0
-0.3017292860586923,0.3749999999999999,8.0,0.0,1.0,4.0,0
0.36230589549602105,0.3682432432432431,1.0,1.0,0.0,2.0,0
-0.036115213436806966,0.608108108108108,0.0,1.0,0.0,0.0,0
-2.4930453851892462,0.8969594594594591,2.0,1.0,0.0,2.0,0
0.4287094136514924,0.7736486486486484,3.0,1.0,0.0,0.0,0
0.22949885918507837,0.15709459459459452,3.0,1.0,0.0,5.0,0
1.159148113361677,0.8141891891891889,2.0,1.0,0.0,5.0,1
1.358358667828091,0.6824324324324323,3.0,1.0,0.0,3.0,1
0.8271305225843204,0.9408783783783782,0.0,0.0,1.0,4.0,1
0.6943234862733777,0.233108108108108,8.0,0.0,1.0,5.0,0
-0.23532576790322096,0.05912162162162149,7.0,1.0,0.0,0.0,0
0.8271305225843204,0.31418918918918914,0.0,1.0,0.0,2.0,0
-0.8993609494579343,0.6385135135135135,9.0,1.0,0.0,1.0,0
-1.4969926128571762,0.8969594594594591,8.0,1.0,0.0,1.0,0
1.2919551496726198,0.48479729729729726,5.0,1.0,0.0,2.0,0
-0.9657644676134056,0.7601351351351348,9.0,0.0,1.0,3.0,1
1.8231832949163904,0.27027027027027006,4.0,0.0,1.0,1.0,0
-0.036115213436806966,0.5202702702702701,8.0,1.0,0.0,5.0,0
-1.5633961310126476,0.41554054054054046,5.0,1.0,0.0,5.0,0
-0.633746876836049,0.41216216216216217,6.0,0.0,1.0,4.0,0
-0.1025187315922783,0.6773648648648648,9.0,0.0,1.0,5.0,0
-2.4930453851892462,0.5016891891891889,6.0,0.0,1.0,0.0,0
-0.5673433586805776,0.6435810810810808,5.0,1.0,0.0,4.0,0
1.0263410770507344,0.22128378378378366,2.0,0.0,1.0,5.0,1
-0.832957431302463,0.17905405405405395,2.0,0.0,1.0,5.0,0
-0.5009398405251063,0.24493243243243235,6.0,0.0,1.0,5.0,0
0.4287094136514924,0.6013513513513512,0.0,1.0,0.0,2.0,1
-0.633746876836049,0.07094594594594594,6.0,1.0,0.0,2.0,0
-0.43453632236963496,0.6807432432432431,2.0,0.0,1.0,0.0,0
0.2959023773405497,0.060810810810810856,0.0,0.0,1.0,2.0,0
0.6279199681179064,0.2820945945945944,3.0,1.0,0.0,4.0,0
-1.032167985768877,0.6824324324324323,4.0,0.0,1.0,4.0,0
-1.8954137217900044,0.41891891891891875,4.0,1.0,0.0,5.0,0
-1.1649750220798196,0.7128378378378376,6.0,1.0,0.0,0.0,0
-1.3641855765462336,0.3479729729729729,3.0,1.0,0.0,2.0,0
0.8271305225843204,0.26351351351351326,5.0,0.0,1.0,3.0,0
0.9599375588952631,0.815878378378378,9.0,1.0,0.0,2.0,1
0.0966918228741357,0.7685810810810808,9.0,1.0,0.0,2.0,1
0.8271305225843204,0.5506756756756755,2.0,1.0,0.0,3.0,1
-0.23532576790322096,0.1317567567567568,6.0,1.0,0.0,0.0,0
-1.6962031673235902,0.6165540540540538,8.0,0.0,1.0,4.0,0
0.561516449962435,0.09290540540540537,5.0,1.0,0.0,5.0,0
-0.7665539131469916,0.6013513513513512,9.0,1.0,0.0,3.0,1
-1.7626066854790616,0.3158783783783784,7.0,1.0,0.0,4.0,0
1.2255516315171484,0.6773648648648648,1.0,1.0,0.0,3.0,1
-0.3017292860586923,0.4273648648648648,6.0,0.0,1.0,3.0,0
-0.1025187315922783,0.44932432432432423,1.0,1.0,0.0,1.0,0
0.4287094136514924,0.6165540540540538,3.0,0.0,1.0,5.0,0
-1.430589094701705,0.5287162162162161,5.0,0.0,1.0,0.0,0
0.2959023773405497,0.8040540540540541,2.0,0.0,1.0,4.0,0
-0.9657644676134056,0.8733108108108109,4.0,0.0,1.0,5.0,1
-0.9657644676134056,0.32094594594594594,5.0,1.0,0.0,1.0,0
-0.3017292860586923,0.3682432432432431,2.0,1.0,0.0,3.0,0
0.0966918228741357,0.822635135135135,4.0,1.0,0.0,4.0,0
-0.832957431302463,0.47128378378378366,7.0,1.0,0.0,4.0,0
-1.231378540235291,0.5489864864864863,4.0,1.0,0.0,1.0,0
0.7607270044288491,0.10304054054054057,4.0,1.0,0.0,5.0,0
-0.3681328042141636,0.8783783783783782,6.0,1.0,0.0,5.0,0
0.8271305225843204,0.3885135135135135,2.0,0.0,1.0,4.0,0
-0.7665539131469916,0.6131756756756755,1.0,1.0,0.0,0.0,0
2.952043103559403,0.16554054054054046,3.0,1.0,0.0,1.0,0
3.483271248803174,0.295608108108108,4.0,1.0,0.0,4.0,0
0.4287094136514924,0.46283783783783783,5.0,1.0,0.0,3.0,0
0.4951129318069637,0.44256756756756743,8.0,0.0,1.0,5.0,0
-0.16892224974774964,0.10472972972972971,6.0,0.0,1.0,3.0,0
0.03028830471866437,0.7601351351351348,3.0,1.0,0.0,2.0,1
-0.3017292860586923,0.5050675675675674,5.0,1.0,0.0,5.0,0
-1.0985715039243482,0.8378378378378376,9.0,1.0,0.0,2.0,0
-0.16892224974774964,0.07601351351351349,0.0,1.0,0.0,5.0,0
-0.9657644676134056,0.24493243243243235,9.0,0.0,1.0,5.0,0
1.4247621859835624,0.5067567567567567,5.0,0.0,1.0,5.0,0
0.36230589549602105,0.3783783783783784,7.0,1.0,0.0,2.0,0
2.155200885693747,0.8547297297297295,4.0,1.0,0.0,3.0,1
0.0966918228741357,0.7398648648648646,8.0,1.0,0.0,0.0,0
-0.633746876836049,0.5912162162162159,7.0,0.0,1.0,2.0,0
0.8935340407397917,0.7922297297297297,7.0,1.0,0.0,1.0,0
1.0927445952062058,0.7179054054054052,8.0,1.0,0.0,5.0,1
0.561516449962435,0.6858108108108106,4.0,1.0,0.0,0.0,0
-1.430589094701705,0.07094594594594594,6.0,0.0,1.0,0.0,0
-0.036115213436806966,0.6402027027027025,2.0,1.0,0.0,1.0,0
-0.5009398405251063,0.8124999999999997,6.0,0.0,1.0,5.0,0
-0.036115213436806966,0.8952702702702701,8.0,0.0,1.0,4.0,0
-0.43453632236963496,0.6233108108108106,7.0,1.0,0.0,2.0,0
-0.7001503949915203,0.5354729729729729,1.0,1.0,0.0,3.0,0
0.9599375588952631,0.920608108108108,0.0,1.0,0.0,1.0,1
-0.3017292860586923,0.3817567567567567,1.0,1.0,0.0,3.0,0
1.6239727404499764,0.922297297297297,9.0,1.0,0.0,4.0,1
0.22949885918507837,0.14864864864864857,9.0,1.0,0.0,4.0,0
0.2959023773405497,0.4966216216216216,8.0,0.0,1.0,2.0,0
-0.633746876836049,0.32432432432432423,6.0,1.0,0.0,3.0,0
1.2919551496726198,0.1841216216216215,0.0,1.0,0.0,1.0,0
-1.7626066854790616,0.6739864864864863,0.0,0.0,1.0,0.0,0
-0.43453632236963496,0.8749999999999999,7.0,1.0,0.0,5.0,0
-0.16892224974774964,0.7128378378378376,5.0,0.0,1.0,5.0,0
-0.23532576790322096,0.8513513513513512,0.0,1.0,0.0,0.0,0
-0.3017292860586923,0.8783783783783782,7.0,1.0,0.0,4.0,1
1.6903762586054478,0.4695945945945946,2.0,1.0,0.0,1.0,0
-1.2977820583907622,0.15202702702702708,5.0,1.0,0.0,4.0,0
0.6943234862733777,0.37331081081081063,7.0,1.0,0.0,1.0,0
0.561516449962435,0.6418918918918918,1.0,0.0,1.0,0.0,0
0.4951129318069637,0.5033783783783782,4.0,0.0,1.0,2.0,0
0.16309534102960704,0.4864864864864863,5.0,1.0,0.0,2.0,0
0.8935340407397917,0.8175675675675674,2.0,1.0,0.0,3.0,1
-1.2977820583907622,0.6182432432432429,9.0,1.0,0.0,1.0,0
0.7607270044288491,0.510135135135135,9.0,0.0,1.0,2.0,1
1.4247621859835624,0.49155405405405406,4.0,0.0,1.0,3.0,0
2.28800792200469,0.2010135135135135,1.0,1.0,0.0,3.0,0
0.22949885918507837,0.706081081081081,4.0,0.0,1.0,0.0,0
-0.832957431302463,0.18918918918918914,9.0,1.0,0.0,4.0,0
0.2959023773405497,0.606418918918919,2.0,0.0,1.0,1.0,0
0.2959023773405497,0.581081081081081,9.0,1.0,0.0,0.0,0
0.6279199681179064,0.5304054054054052,5.0,1.0,0.0,2.0,0
-0.1025187315922783,0.5743243243243242,6.0,1.0,0.0,1.0,0
-0.3681328042141636,0.4104729729729729,6.0,0.0,1.0,3.0,0
-0.43453632236963496,0.4408783783783784,5.0,0.0,1.0,3.0,0
0.6943234862733777,0.7702702702702701,3.0,0.0,1.0,4.0,0
0.03028830471866437,0.7449324324324321,0.0,1.0,0.0,4.0,0
-0.633746876836049,0.1942567567567568,1.0,0.0,1.0,4.0,0
0.561516449962435,0.32770270270270274,8.0,1.0,0.0,1.0,0
0.36230589549602105,0.4391891891891889,8.0,1.0,0.0,5.0,0
1.2919551496726198,0.27702702702702686,6.0,1.0,0.0,5.0,1
-0.8993609494579343,0.5624999999999999,8.0,1.0,0.0,2.0,0
-0.5673433586805776,0.9189189189189187,0.0,0.0,1.0,4.0,0
-0.1025187315922783,0.5608108108108106,3.0,1.0,0.0,3.0,0
-0.7001503949915203,0.4070945945945946,4.0,1.0,0.0,3.0,0
1.4247621859835624,0.8091216216216214,0.0,0.0,1.0,4.0,1
-0.036115213436806966,0.4104729729729729,8.0,1.0,0.0,4.0,0
-1.0985715039243482,0.7027027027027025,7.0,0.0,1.0,3.0,0
0.2959023773405497,0.41216216216216217,6.0,0.0,1.0,4.0,0
-2.0946242762564182,0.38006756756756743,5.0,0.0,1.0,5.0,0
-0.43453632236963496,0.706081081081081,2.0,1.0,0.0,1.0,0
-0.23532576790322096,0.5084459459459457,3.0,0.0,1.0,0.0,0
-0.8993609494579343,0.4594594594594593,5.0,0.0,1.0,4.0,0
0.4287094136514924,0.3445945945945944,9.0,1.0,0.0,4.0,0
-0.633746876836049,0.670608108108108,6.0,1.0,0.0,5.0,1
-0.3681328042141636,0.447635135135135,1.0,1.0,0.0,3.0,0
0.561516449962435,0.8834459459459457,0.0,1.0,0.0,2.0,0
-0.43453632236963496,0.7618243243243242,1.0,0.0,1.0,3.0,0
0.7607270044288491,0.5692567567567567,4.0,0.0,1.0,3.0,0
-0.7665539131469916,0.849662162162162,6.0,0.0,1.0,2.0,1
-0.8993609494579343,0.6114864864864863,5.0,0.0,1.0,2.0,0
-0.16892224974774964,0.5658783783783782,5.0,1.0,0.0,2.0,0
-0.5673433586805776,0.233108108108108,3.0,1.0,0.0,4.0,0
-0.3681328042141636,0.6621621621621622,0.0,0.0,1.0,5.0,0
-1.5633961310126476,0.38682432432432423,6.0,1.0,0.0,2.0,0
-0.3681328042141636,0.9712837837837834,0.0,0.0,1.0,5.0,1
0.4951129318069637,0.8277027027027025,9.0,1.0,0.0,4.0,0
-0.43453632236963496,0.6554054054054052,6.0,1.0,0.0,0.0,0
-0.9657644676134056,0.15371621621621623,8.0,1.0,0.0,1.0,0
0.2959023773405497,0.5591216216216214,0.0,1.0,0.0,0.0,0
-0.43453632236963496,0.5422297297297295,1.0,0.0,1.0,3.0,0
0.03028830471866437,0.7094594594594593,7.0,1.0,0.0,3.0,0
-1.032167985768877,0.6790540540540541,6.0,1.0,0.0,4.0,1
1.557569222294505,0.913851351351351,0.0,1.0,0.0,3.0,1
-1.430589094701705,0.9239864864864863,7.0,1.0,0.0,2.0,1
0.03028830471866437,0.447635135135135,1.0,0.0,1.0,1.0,0
0.6279199681179064,0.15709459459459452,8.0,1.0,0.0,1.0,0
-0.3017292860586923,0.7804054054054052,5.0,1.0,0.0,0.0,0
-1.4969926128571762,0.11993243243243235,0.0,1.0,0.0,1.0,0
-0.5673433586805776,0.5405405405405405,5.0,0.0,1.0,3.0,0
-0.16892224974774964,0.49493243243243235,3.0,1.0,0.0,2.0,0
1.557569222294505,0.8074324324324323,0.0,1.0,0.0,5.0,1
-0.5009398405251063,0.6216216216216216,7.0,1.0,0.0,0.0,0
1.159148113361677,0.3766891891891889,2.0,0.0,1.0,5.0,0
-1.231378540235291,0.20270270270270263,8.0,1.0,0.0,3.0,0
0.4951129318069637,0.1638513513513512,8.0,1.0,0.0,4.0,0
-0.9657644676134056,0.697635135135135,7.0,1.0,0.0,3.0,0
-0.3017292860586923,0.7854729729729727,7.0,1.0,0.0,1.0,0
1.2255516315171484,0.7347972972972973,6.0,1.0,0.0,3.0,1
0.6943234862733777,0.8581081081081078,4.0,1.0,0.0,5.0,1
0.9599375588952631,0.6249999999999999,0.0,1.0,0.0,5.0,1
-0.7665539131469916,0.599662162162162,5.0,1.0,0.0,2.0,0
-0.9657644676134056,0.2854729729729729,2.0,1.0,0.0,2.0,0
-1.7626066854790616,0.22804054054054046,6.0,0.0,1.0,1.0,0
-0.036115213436806966,0.7702702702702701,6.0,1.0,0.0,4.0,0
0.16309534102960704,0.15033783783783772,1.0,1.0,0.0,4.0,0
-1.032167985768877,0.6114864864864863,1.0,0.0,1.0,5.0,0
0.7607270044288491,0.5489864864864863,7.0,0.0,1.0,1.0,0
-1.9618172399454756,0.26351351351351326,2.0,1.0,0.0,0.0,0
-1.6962031673235902,0.06587837837837829,8.0,1.0,0.0,1.0,0
1.8231832949163904,0.5270270270270269,5.0,1.0,0.0,3.0,1
0.0966918228741357,0.4999999999999999,9.0,1.0,0.0,5.0,0
0.0966918228741357,0.6858108108108106,2.0,1.0,0.0,1.0,0
0.0966918228741357,0.7027027027027025,3.0,0.0,1.0,0.0,0
-1.0985715039243482,0.3834459459459457,7.0,0.0,1.0,2.0,0
0.16309534102960704,0.16891891891891886,7.0,1.0,0.0,5.0,0
-0.8993609494579343,0.03378378378378377,4.0,1.0,0.0,1.0,0
-0.43453632236963496,0.2922297297297295,1.0,0.0,1.0,0.0,0
1.159148113361677,0.38006756756756743,7.0,1.0,0.0,5.0,0
0.6943234862733777,0.7263513513513512,0.0,1.0,0.0,0.0,0
1.2919551496726198,0.9290540540540536,4.0,0.0,1.0,2.0,1
0.4287094136514924,0.670608108108108,1.0,1.0,0.0,3.0,0
-0.9657644676134056,0.6486486486486486,9.0,1.0,0.0,1.0,0
-0.5009398405251063,0.8648648648648648,3.0,0.0,1.0,3.0,0
1.358358667828091,0.822635135135135,6.0,1.0,0.0,3.0,1
0.36230589549602105,0.5962837837837837,3.0,0.0,1.0,5.0,1
0.6943234862733777,0.3192567567567567,0.0,0.0,1.0,4.0,0
-0.3017292860586923,0.22804054054054046,6.0,1.0,0.0,5.0,0
0.0966918228741357,0.5253378378378378,9.0,1.0,0.0,4.0,0
0.16309534102960704,0.5118243243243242,2.0,1.0,0.0,4.0,0
-0.3017292860586923,0.8445945945945942,9.0,0.0,1.0,2.0,0
-1.231378540235291,0.5016891891891889,4.0,0.0,1.0,5.0,0
-1.2977820583907622,0.6300675675675674,4.0,1.0,0.0,1.0,0
-0.633746876836049,0.3969594594594593,3.0,1.0,0.0,2.0,0
1.8231832949163904,0.815878378378378,3.0,1.0,0.0,1.0,0
-0.43453632236963496,0.7770270270270269,9.0,0.0,1.0,3.0,0
-1.430589094701705,0.5574324324324323,4.0,0.0,1.0,4.0,0
-3.223484084899431,0.6672297297297297,2.0,1.0,0.0,4.0,0
0.16309534102960704,0.9172297297297297,7.0,1.0,0.0,1.0,0
-0.16892224974774964,0.6385135135135135,6.0,0.0,1.0,5.0,0
-0.3681328042141636,0.7753378378378378,5.0,1.0,0.0,2.0,0
-0.7001503949915203,0.6030405405405402,4.0,0.0,1.0,1.0,0
1.0927445952062058,0.8547297297297295,8.0,0.0,1.0,5.0,1
-0.43453632236963496,0.21452702702702686,8.0,1.0,0.0,2.0,0
-0.7665539131469916,0.9358108108108106,8.0,1.0,0.0,1.0,0
-0.3681328042141636,0.7905405405405405,7.0,0.0,1.0,4.0,1
1.159148113361677,0.48817567567567555,6.0,0.0,1.0,3.0,0
1.0263410770507344,0.6486486486486486,2.0,1.0,0.0,4.0,1
-0.633746876836049,0.10472972972972971,2.0,0.0,1.0,4.0,0
2.752832549092989,0.5895270270270269,4.0,1.0,0.0,3.0,1
0.7607270044288491,0.7212837837837837,9.0,0.0,1.0,2.0,1
-1.032167985768877,0.385135135135135,6.0,1.0,0.0,2.0,0
-0.3681328042141636,0.48479729729729726,4.0,0.0,1.0,4.0,0
-0.633746876836049,0.5118243243243242,1.0,1.0,0.0,5.0,0
-0.23532576790322096,0.44932432432432423,3.0,0.0,1.0,5.0,0
0.2959023773405497,0.8665540540540538,3.0,1.0,0.0,5.0,1
-1.3641855765462336,0.5675675675675674,3.0,0.0,1.0,4.0,0
0.16309534102960704,0.48141891891891875,6.0,1.0,0.0,0.0,0
0.6943234862733777,0.358108108108108,3.0,1.0,0.0,0.0,0
-0.036115213436806966,0.295608108108108,7.0,1.0,0.0,3.0,0
1.159148113361677,0.38682432432432423,4.0,1.0,0.0,2.0,0
-0.43453632236963496,0.011824324324324342,1.0,1.0,0.0,1.0,0
0.4287094136514924,0.5844594594594593,5.0,1.0,0.0,3.0,0
0.561516449962435,0.6858108108108106,3.0,1.0,0.0,1.0,0
-0.036115213436806966,0.7584459459459457,6.0,1.0,0.0,2.0,0
-0.23532576790322096,0.4307432432432431,9.0,0.0,1.0,0.0,0
-0.5009398405251063,0.8378378378378376,3.0,0.0,1.0,0.0,0
0.2959023773405497,0.6435810810810808,7.0,0.0,1.0,3.0,1
0.36230589549602105,0.23817567567567555,8.0,0.0,1.0,5.0,0
1.0927445952062058,0.8783783783783782,6.0,1.0,0.0,3.0,1
1.2919551496726198,0.39358108108108103,3.0,1.0,0.0,1.0,0
1.159148113361677,0.9560810810810808,3.0,1.0,0.0,3.0,1
1.159148113361677,0.8277027027027025,7.0,1.0,0.0,5.0,1
0.4951129318069637,0.3766891891891889,4.0,0.0,1.0,1.0,0
1.0263410770507344,0.17567567567567566,5.0,0.0,1.0,3.0,0
1.8895868130718618,0.49831081081081063,5.0,0.0,1.0,3.0,0
0.22949885918507837,0.6689189189189187,5.0,0.0,1.0,2.0,1
0.22949885918507837,0.7820945945945944,5.0,1.0,0.0,1.0,0
0.0966918228741357,0.7550675675675674,4.0,0.0,1.0,4.0,1
2.221604403849218,0.8277027027027025,6.0,1.0,0.0,3.0,1
0.4951129318069637,0.697635135135135,1.0,1.0,0.0,4.0,0
0.0966918228741357,0.11317567567567566,1.0,1.0,0.0,2.0,0
-0.633746876836049,0.545608108108108,2.0,0.0,1.0,0.0,0
-0.5673433586805776,0.8547297297297295,1.0,1.0,0.0,0.0,0
-0.3017292860586923,0.08445945945945943,6.0,1.0,0.0,1.0,0
-0.3017292860586923,0.3192567567567567,8.0,0.0,1.0,3.0,0
-0.1025187315922783,0.5912162162162159,5.0,0.0,1.0,3.0,0
-0.5673433586805776,0.2888513513513512,1.0,1.0,0.0,0.0,0
-0.23532576790322096,0.4594594594594593,5.0,1.0,0.0,1.0,0
0.0966918228741357,0.5861486486486486,2.0,0.0,1.0,0.0,0
1.4911657041390338,0.7837837837837837,9.0,1.0,0.0,4.0,1
-1.3641855765462336,0.8141891891891889,4.0,1.0,0.0,1.0,0
-0.3017292860586923,0.8783783783783782,3.0,1.0,0.0,4.0,0
-1.3641855765462336,0.5439189189189187,3.0,1.0,0.0,3.0,0
0.7607270044288491,0.2922297297297295,3.0,1.0,0.0,5.0,1
1.0263410770507344,0.2466216216216216,9.0,1.0,0.0,3.0,0
-0.23532576790322096,0.3834459459459457,0.0,1.0,0.0,3.0,0
0.7607270044288491,0.4594594594594593,8.0,1.0,0.0,1.0,0
1.0263410770507344,0.6537162162162161,6.0,1.0,0.0,0.0,1
0.8935340407397917,0.7499999999999999,5.0,1.0,0.0,1.0,1
-0.5009398405251063,0.3192567567567567,8.0,0.0,1.0,0.0,0
0.0966918228741357,0.23817567567567555,5.0,1.0,0.0,0.0,0
-0.23532576790322096,0.1875,2.0,1.0,0.0,2.0,0
-1.7626066854790616,0.23817567567567555,6.0,0.0,1.0,3.0,0
-0.3017292860586923,0.36317567567567555,7.0,1.0,0.0,2.0,0
1.6903762586054478,0.5523648648648646,0.0,1.0,0.0,5.0,0
1.0927445952062058,0.32770270270270274,7.0,1.0,0.0,1.0,0
-1.9618172399454756,0.5152027027027025,7.0,1.0,0.0,4.0,0
0.4951129318069637,0.6283783783783782,0.0,0.0,1.0,5.0,0
-0.5009398405251063,0.14020270270270263,4.0,1.0,0.0,3.0,0
-1.1649750220798196,0.7939189189189187,9.0,0.0,1.0,1.0,0
2.28800792200469,0.6841216216216214,6.0,1.0,0.0,3.0,1
-0.5673433586805776,0.35641891891891897,5.0,1.0,0.0,1.0,0
1.6239727404499764,0.4527027027027025,1.0,0.0,1.0,1.0,0
0.4951129318069637,0.1773648648648648,4.0,0.0,1.0,1.0,0
0.03028830471866437,0.7736486486486484,4.0,1.0,0.0,4.0,0
1.557569222294505,0.46452702702702686,3.0,1.0,0.0,1.0,0
-0.3681328042141636,0.2736486486486486,9.0,1.0,0.0,5.0,0
-2.16102779441189,0.6638513513513512,3.0,1.0,0.0,0.0,0
-1.7626066854790616,0.6317567567567565,8.0,0.0,1.0,0.0,0
-0.3017292860586923,0.6097972972972973,4.0,1.0,0.0,0.0,0
-0.633746876836049,0.4459459459459457,2.0,0.0,1.0,3.0,0
0.561516449962435,0.4999999999999999,2.0,1.0,0.0,5.0,0
0.22949885918507837,0.3547297297297295,6.0,0.0,1.0,1.0,0
2.022393849382804,0.3057432432432431,9.0,1.0,0.0,5.0,1
-0.23532576790322096,0.7550675675675674,3.0,1.0,0.0,0.0,0
-0.23532576790322096,0.25506756756756743,1.0,0.0,1.0,5.0,0
1.0263410770507344,0.8513513513513512,8.0,1.0,0.0,4.0,1
0.03028830471866437,0.5422297297297295,5.0,1.0,0.0,0.0,0
0.4951129318069637,0.6013513513513512,4.0,1.0,0.0,5.0,0
-0.8993609494579343,0.572635135135135,5.0,0.0,1.0,2.0,0
-1.0985715039243482,0.32770270270270274,8.0,0.0,1.0,4.0,0
-1.0985715039243482,0.9054054054054054,8.0,1.0,0.0,5.0,1
-0.7665539131469916,0.0625,7.0,0.0,1.0,0.0,0
2.354411440160161,0.6249999999999999,7.0,0.0,1.0,0.0,1
-0.3017292860586923,0.2787162162162161,4.0,0.0,1.0,3.0,0
-0.036115213436806966,0.6402027027027025,0.0,1.0,0.0,0.0,0
-0.8993609494579343,0.7229729729729729,0.0,0.0,1.0,3.0,0
-0.5009398405251063,0.30067567567567555,5.0,1.0,0.0,5.0,0
1.4911657041390338,0.5152027027027025,7.0,1.0,0.0,2.0,0
-0.23532576790322096,0.15202702702702708,2.0,1.0,0.0,5.0,0
-2.0946242762564182,0.3412162162162161,5.0,1.0,0.0,4.0,0
0.7607270044288491,0.5236486486486486,9.0,1.0,0.0,0.0,0
0.03028830471866437,0.1875,7.0,0.0,1.0,5.0,0
0.4951129318069637,0.6655405405405405,5.0,1.0,0.0,2.0,0
-1.032167985768877,0.7229729729729729,1.0,0.0,1.0,4.0,0
-1.430589094701705,0.5270270270270269,8.0,0.0,1.0,3.0,0
0.22949885918507837,0.7702702702702701,6.0,0.0,1.0,2.0,0
-1.032167985768877,0.46283783783783783,1.0,0.0,1.0,5.0,0
1.6903762586054478,0.8243243243243242,1.0,0.0,1.0,2.0,1
-0.3681328042141636,0.8361486486486486,9.0,1.0,0.0,4.0,0
-0.036115213436806966,0.787162162162162,8.0,1.0,0.0,5.0,0
1.358358667828091,0.5219594594594593,7.0,1.0,0.0,3.0,0
-0.3017292860586923,0.5709459459459457,9.0,1.0,0.0,4.0,0
-1.1649750220798196,0.32094594594594594,0.0,0.0,1.0,0.0,0
0.6279199681179064,0.699324324324324,8.0,1.0,0.0,0.0,0
-1.3641855765462336,0.37331081081081063,1.0,0.0,1.0,4.0,0
-0.8993609494579343,0.07432432432432434,4.0,0.0,1.0,4.0,0
1.6239727404499764,0.13006756756756743,6.0,1.0,0.0,0.0,0
-0.3017292860586923,0.3682432432432431,7.0,1.0,0.0,2.0,0
0.03028830471866437,0.6959459459459457,9.0,0.0,1.0,1.0,0
1.4247621859835624,0.37331081081081063,3.0,1.0,0.0,4.0,1
-0.43453632236963496,0.6942567567567567,2.0,1.0,0.0,2.0,0
-0.8993609494579343,0.39358108108108103,2.0,1.0,0.0,1.0,0
-2.16102779441189,0.5675675675675674,7.0,1.0,0.0,3.0,0
-0.8993609494579343,0.3614864864864863,3.0,1.0,0.0,1.0,0
-0.3017292860586923,0.4070945945945946,1.0,0.0,1.0,5.0,0
0.6943234862733777,0.6300675675675674,4.0,0.0,1.0,3.0,0
-1.0985715039243482,0.6300675675675674,1.0,0.0,1.0,2.0,0
-0.7665539131469916,0.5016891891891889,3.0,0.0,1.0,0.0,0
2.952043103559403,0.43581081081081063,7.0,1.0,0.0,0.0,0
0.6279199681179064,0.8108108108108106,6.0,0.0,1.0,0.0,0
0.03028830471866437,0.6908783783783784,1.0,0.0,1.0,5.0,0
-2.6922559396556602,0.8057432432432431,9.0,0.0,1.0,1.0,0
1.0927445952062058,0.7685810810810808,2.0,1.0,0.0,1.0,0
-2.0946242762564182,0.5760135135135135,0.0,0.0,1.0,0.0,0
2.022393849382804,0.886824324324324,0.0,0.0,1.0,3.0,1
-0.3681328042141636,0.4374999999999999,9.0,1.0,0.0,1.0,0
1.159148113361677,0.43243243243243235,2.0,0.0,1.0,4.0,1
0.561516449962435,0.6199324324324323,3.0,0.0,1.0,0.0,0
-0.3681328042141636,0.5489864864864863,5.0,1.0,0.0,3.0,0
-0.3681328042141636,0.9814189189189187,0.0,0.0,1.0,0.0,0
1.159148113361677,0.2010135135135135,2.0,0.0,1.0,4.0,0
-0.1025187315922783,0.6689189189189187,1.0,1.0,0.0,5.0,1
-0.9657644676134056,0.2668918918918918,9.0,0.0,1.0,5.0,0
0.8935340407397917,0.6689189189189187,8.0,0.0,1.0,4.0,1
-1.1649750220798196,0.3682432432432431,0.0,0.0,1.0,1.0,0
0.36230589549602105,0.15202702702702708,5.0,1.0,0.0,1.0,0
-0.8993609494579343,0.3429054054054054,0.0,1.0,0.0,5.0,0
-0.7665539131469916,0.6486486486486486,4.0,0.0,1.0,1.0,0
-1.231378540235291,0.599662162162162,0.0,1.0,0.0,0.0,0
0.16309534102960704,0.2668918918918918,0.0,1.0,0.0,0.0,0
-0.3017292860586923,0.19256756756756743,9.0,1.0,0.0,5.0,0
0.2959023773405497,0.7212837837837837,1.0,1.0,0.0,4.0,0
-0.16892224974774964,0.8479729729729729,0.0,0.0,1.0,0.0,0
-0.5009398405251063,0.7567567567567565,4.0,1.0,0.0,5.0,1
-1.430589094701705,0.5574324324324323,1.0,0.0,1.0,1.0,0
-0.5009398405251063,0.922297297297297,3.0,0.0,1.0,4.0,0
-2.028220758100947,0.26858108108108103,0.0,0.0,1.0,1.0,0
-0.832957431302463,0.6959459459459457,6.0,0.0,1.0,3.0,0
-0.5673433586805776,0.5219594594594593,8.0,1.0,0.0,0.0,0
-0.16892224974774964,0.27027027027027006,8.0,0.0,1.0,2.0,0
-1.1649750220798196,0.2567567567567567,4.0,1.0,0.0,5.0,0
-0.3017292860586923,0.17229729729729715,3.0,1.0,0.0,0.0,0
-1.8954137217900044,0.22972972972972971,5.0,1.0,0.0,1.0,0
-0.3017292860586923,0.01520270270270263,2.0,0.0,1.0,4.0,0
0.6943234862733777,0.1875,6.0,1.0,0.0,5.0,0
0.7607270044288491,0.48817567567567555,4.0,1.0,0.0,4.0,0
-0.9657644676134056,0.39527027027027006,0.0,1.0,0.0,4.0,0
0.16309534102960704,0.1351351351351351,5.0,1.0,0.0,2.0,0
-0.23532576790322096,0.40033783783783783,5.0,1.0,0.0,1.0,0
-0.8993609494579343,0.34628378378378366,1.0,0.0,1.0,1.0,0
0.22949885918507837,0.5033783783783782,6.0,0.0,1.0,0.0,0
0.4287094136514924,0.30743243243243235,1.0,1.0,0.0,5.0,0
-1.5633961310126476,0.10979729729729726,1.0,0.0,1.0,2.0,0
-1.231378540235291,0.25168918918918914,8.0,1.0,0.0,5.0,0
-0.3017292860586923,0.2533783783783784,8.0,1.0,0.0,1.0,0
0.6279199681179064,0.23141891891891886,7.0,0.0,1.0,3.0,0
-0.7665539131469916,0.19932432432432423,8.0,1.0,0.0,0.0,0
-0.5673433586805776,0.1807432432432432,7.0,1.0,0.0,2.0,0
-1.0985715039243482,0.6351351351351352,6.0,0.0,1.0,3.0,0
0.4287094136514924,0.7398648648648646,8.0,1.0,0.0,2.0,0
-0.832957431302463,0.7297297297297295,0.0,0.0,1.0,1.0,0
-0.7665539131469916,0.4966216216216216,9.0,1.0,0.0,4.0,0
-0.5673433586805776,0.5236486486486486,4.0,0.0,1.0,1.0,0
0.8271305225843204,0.6165540540540538,9.0,0.0,1.0,4.0,1
1.358358667828091,0.08277027027027029,9.0,1.0,0.0,5.0,0
-1.5633961310126476,0.32770270270270274,9.0,0.0,1.0,3.0,0
0.36230589549602105,0.9408783783783782,5.0,0.0,1.0,2.0,0
-0.036115213436806966,0.6469594594594591,4.0,0.0,1.0,0.0,0
1.4247621859835624,0.44256756756756743,4.0,0.0,1.0,2.0,1
-0.3681328042141636,0.1013513513513512,1.0,1.0,0.0,0.0,0
0.36230589549602105,0.8699324324324321,1.0,0.0,1.0,3.0,0
0.4951129318069637,0.3783783783783784,8.0,0.0,1.0,4.0,0
-1.430589094701705,0.35641891891891897,8.0,1.0,0.0,0.0,0
0.0966918228741357,0.011824324324324342,4.0,1.0,0.0,4.0,0
-0.5009398405251063,0.2820945945945944,6.0,1.0,0.0,0.0,0
0.2959023773405497,0.21621621621621623,1.0,0.0,1.0,0.0,0
-1.430589094701705,0.2989864864864863,6.0,1.0,0.0,4.0,0
-0.16892224974774964,0.795608108108108,0.0,0.0,1.0,2.0,1
1.8231832949163904,0.7736486486486484,0.0,1.0,0.0,0.0,1
-2.227431312567361,0.10472972972972971,3.0,1.0,0.0,4.0,0
1.358358667828091,0.41554054054054046,0.0,0.0,1.0,5.0,1
0.16309534102960704,0.5675675675675674,2.0,1.0,0.0,0.0,0
0.03028830471866437,0.1638513513513512,6.0,1.0,0.0,3.0,0
-1.2977820583907622,0.733108108108108,4.0,1.0,0.0,2.0,0
-0.832957431302463,0.47804054054054046,9.0,1.0,0.0,3.0,0
-1.032167985768877,0.07432432432432434,7.0,1.0,0.0,2.0,0
-0.16892224974774964,0.11148648648648651,5.0,1.0,0.0,0.0,0
-1.4969926128571762,0.6131756756756755,9.0,1.0,0.0,1.0,0
1.0263410770507344,0.7415540540540538,8.0,1.0,0.0,1.0,0
1.557569222294505,0.6503378378378378,8.0,0.0,1.0,2.0,1
0.36230589549602105,0.8429054054054052,4.0,1.0,0.0,4.0,0
-0.832957431302463,0.6841216216216214,3.0,1.0,0.0,1.0,0
-0.036115213436806966,0.4442567567567567,7.0,0.0,1.0,4.0,0
0.0966918228741357,0.385135135135135,4.0,1.0,0.0,3.0,0
0.22949885918507837,0.5202702702702701,0.0,1.0,0.0,4.0,0
-0.5673433586805776,0.37331081081081063,0.0,0.0,1.0,1.0,0
1.0927445952062058,0.33108108108108103,6.0,0.0,1.0,0.0,0
1.955990331227333,0.04391891891891886,1.0,0.0,1.0,3.0,0
-0.832957431302463,0.5304054054054052,1.0,1.0,0.0,4.0,0
0.22949885918507837,0.28716216216216217,4.0,1.0,0.0,0.0,0
-0.16892224974774964,0.322635135135135,2.0,0.0,1.0,2.0,0
-2.028220758100947,0.1942567567567568,1.0,1.0,0.0,2.0,0
0.2959023773405497,0.49155405405405406,4.0,1.0,0.0,4.0,0
-1.829010203634533,0.21621621621621623,8.0,0.0,1.0,1.0,0
-1.8954137217900044,0.5439189189189187,4.0,1.0,0.0,3.0,0
0.2959023773405497,0.48141891891891875,0.0,1.0,0.0,0.0,0
1.2919551496726198,0.8614864864864863,8.0,0.0,1.0,3.0,1
-0.5673433586805776,0.40878378378378366,7.0,1.0,0.0,4.0,0
-0.8993609494579343,0.8040540540540541,3.0,1.0,0.0,5.0,1
1.358358667828091,0.17229729729729715,0.0,0.0,1.0,3.0,0
1.159148113361677,0.2499999999999999,3.0,0.0,1.0,0.0,0
-0.036115213436806966,0.44932432432432423,9.0,0.0,1.0,2.0,0
0.6943234862733777,0.15709459459459452,5.0,0.0,1.0,2.0,0
0.6943234862733777,0.797297297297297,3.0,0.0,1.0,0.0,0
2.354411440160161,0.7466216216216216,4.0,1.0,0.0,4.0,1
0.03028830471866437,0.9628378378378376,8.0,1.0,0.0,0.0,0
-0.8993609494579343,0.5929054054054054,5.0,0.0,1.0,3.0,0
0.561516449962435,0.5743243243243242,0.0,0.0,1.0,3.0,0
-2.4930453851892462,0.8766891891891891,1.0,1.0,0.0,5.0,0
0.9599375588952631,0.34628378378378366,1.0,0.0,1.0,0.0,0
0.2959023773405497,0.9054054054054054,9.0,0.0,1.0,0.0,0
-0.43453632236963496,0.3817567567567567,1.0,1.0,0.0,3.0,0
-0.036115213436806966,0.2922297297297295,4.0,1.0,0.0,2.0,0
-0.7001503949915203,0.6334459459459457,1.0,1.0,0.0,0.0,0
-0.3017292860586923,0.6486486486486486,5.0,1.0,0.0,3.0,1
0.6943234862733777,0.5979729729729729,2.0,1.0,0.0,1.0,0
0.36230589549602105,0.6368243243243242,5.0,0.0,1.0,0.0,0
0.561516449962435,0.7618243243243242,6.0,1.0,0.0,4.0,0
1.2255516315171484,0.41891891891891875,8.0,1.0,0.0,2.0,0
-0.7665539131469916,0.4527027027027025,8.0,1.0,0.0,5.0,0
-1.1649750220798196,0.06418918918918914,9.0,1.0,0.0,3.0,0
-0.43453632236963496,0.6047297297297295,6.0,0.0,1.0,1.0,0
1.2255516315171484,0.8124999999999997,2.0,0.0,1.0,4.0,1
-0.5673433586805776,0.05912162162162149,2.0,1.0,0.0,0.0,0
-0.23532576790322096,0.1739864864864865,6.0,0.0,1.0,0.0,0
-0.3681328042141636,0.27195945945945954,8.0,1.0,0.0,0.0,0
1.2919551496726198,0.22128378378378366,8.0,0.0,1.0,1.0,0
-1.0985715039243482,0.5270270270270269,2.0,1.0,0.0,1.0,0
0.4951129318069637,0.8513513513513512,9.0,1.0,0.0,3.0,0
-0.1025187315922783,0.9645270270270269,4.0,0.0,1.0,4.0,1
-0.9657644676134056,0.6604729729729727,3.0,1.0,0.0,0.0,0
2.221604403849218,0.7652027027027025,0.0,0.0,1.0,0.0,1
-1.4969926128571762,0.9054054054054054,7.0,0.0,1.0,2.0,0
-0.633746876836049,0.14020270270270263,3.0,0.0,1.0,2.0,0
0.03028830471866437,0.8513513513513512,9.0,1.0,0.0,1.0,0
-1.5633961310126476,0.35641891891891897,4.0,0.0,1.0,1.0,0
-1.829010203634533,0.322635135135135,8.0,1.0,0.0,3.0,0
-1.3641855765462336,0.4442567567567567,9.0,0.0,1.0,5.0,0
2.686429030937518,0.32770270270270274,5.0,1.0,0.0,2.0,1
-0.23532576790322096,0.7989864864864863,1.0,0.0,1.0,3.0,0
-0.633746876836049,0.2888513513513512,2.0,0.0,1.0,3.0,0
-1.629799649168119,0.8631756756756755,0.0,1.0,0.0,0.0,0
-1.1649750220798196,0.2432432432432433,3.0,1.0,0.0,3.0,0
1.2255516315171484,0.4374999999999999,8.0,1.0,0.0,0.0,0
-0.3681328042141636,0.7145270270270269,4.0,0.0,1.0,1.0,0
-0.16892224974774964,0.6216216216216216,4.0,1.0,0.0,2.0,1
-0.5673433586805776,0.42567567567567555,2.0,0.0,1.0,1.0,0
0.36230589549602105,0.6672297297297297,7.0,1.0,0.0,4.0,1
-1.0985715039243482,0.26351351351351326,7.0,0.0,1.0,1.0,0
0.36230589549602105,0.18243243243243235,6.0,1.0,0.0,3.0,0
-0.5009398405251063,0.3293918918918918,1.0,1.0,0.0,5.0,0
-0.5009398405251063,0.7702702702702701,9.0,1.0,0.0,4.0,0
-0.23532576790322096,0.2010135135135135,7.0,0.0,1.0,5.0,0
-0.23532576790322096,0.41216216216216217,2.0,0.0,1.0,4.0,0
-0.23532576790322096,0.5320945945945946,6.0,1.0,0.0,2.0,0
-0.7001503949915203,0.7499999999999999,5.0,1.0,0.0,3.0,0
-1.7626066854790616,0.26182432432432423,7.0,1.0,0.0,3.0,0
-0.16892224974774964,0.22466216216216206,0.0,0.0,1.0,4.0,0
-0.7001503949915203,0.3885135135135135,9.0,1.0,0.0,5.0,0
-0.3681328042141636,0.8006756756756753,7.0,0.0,1.0,0.0,0
1.2255516315171484,0.15371621621621623,0.0,1.0,0.0,4.0,1
-0.5009398405251063,0.1182432432432432,3.0,1.0,0.0,4.0,0
0.9599375588952631,0.6554054054054052,0.0,1.0,0.0,2.0,1
0.4287094136514924,0.23141891891891886,7.0,1.0,0.0,0.0,0
1.557569222294505,0.26858108108108103,2.0,1.0,0.0,2.0,1
0.8271305225843204,0.20270270270270263,1.0,1.0,0.0,2.0,0
-0.5673433586805776,0.6756756756756753,8.0,1.0,0.0,5.0,0
0.36230589549602105,0.6233108108108106,6.0,1.0,0.0,1.0,0
1.159148113361677,0.3445945945945944,5.0,1.0,0.0,1.0,0
-1.0985715039243482,0.6368243243243242,0.0,0.0,1.0,4.0,0
-0.3681328042141636,0.4408783783783784,2.0,1.0,0.0,2.0,0
0.7607270044288491,0.6452702702702701,0.0,1.0,0.0,0.0,0
-0.9657644676134056,0.30067567567567555,1.0,0.0,1.0,0.0,0
1.0927445952062058,0.2989864864864863,1.0,1.0,0.0,5.0,0
1.6903762586054478,0.8124999999999997,4.0,0.0,1.0,4.0,1
-0.7665539131469916,0.7516891891891891,9.0,1.0,0.0,0.0,0
1.8231832949163904,0.18243243243243235,6.0,0.0,1.0,1.0,0
-1.0985715039243482,0.35304054054054046,6.0,1.0,0.0,2.0,0
0.2959023773405497,0.2668918918918918,7.0,0.0,1.0,0.0,0
1.6239727404499764,0.7736486486486484,3.0,1.0,0.0,5.0,1
1.2255516315171484,0.9155405405405405,9.0,0.0,1.0,2.0,1
-0.1025187315922783,0.5050675675675674,7.0,1.0,0.0,1.0,0
-0.036115213436806966,0.2888513513513512,1.0,0.0,1.0,0.0,0
0.6279199681179064,0.5270270270270269,4.0,0.0,1.0,3.0,0
-1.8954137217900044,0.6233108108108106,8.0,1.0,0.0,4.0,0
-0.7665539131469916,0.8141891891891889,0.0,1.0,0.0,5.0,0
-0.3681328042141636,0.8902027027027025,3.0,1.0,0.0,2.0,0
-0.1025187315922783,0.49493243243243235,7.0,1.0,0.0,1.0,0
-0.23532576790322096,0.21621621621621623,4.0,0.0,1.0,2.0,0
0.4287094136514924,0.5844594594594593,6.0,0.0,1.0,3.0,0
0.2959023773405497,0.3057432432432431,9.0,1.0,0.0,3.0,0
-0.8993609494579343,0.17229729729729715,1.0,0.0,1.0,2.0,0
-1.4969926128571762,0.5929054054054054,9.0,0.0,1.0,3.0,1
1.159148113361677,0.42567567567567555,6.0,0.0,1.0,1.0,0
0.561516449962435,0.7483108108108109,2.0,1.0,0.0,4.0,0
-0.23532576790322096,0.1385135135135135,1.0,1.0,0.0,5.0,0
0.2959023773405497,0.21452702702702686,8.0,1.0,0.0,3.0,0
0.4287094136514924,0.44256756756756743,5.0,0.0,1.0,4.0,0
-0.5009398405251063,0.4966216216216216,3.0,0.0,1.0,5.0,0
-0.43453632236963496,0.10472972972972971,7.0,0.0,1.0,2.0,0
-0.1025187315922783,0.11148648648648651,2.0,1.0,0.0,4.0,0
-1.032167985768877,0.47466216216216195,9.0,1.0,0.0,5.0,0
-0.23532576790322096,0.606418918918919,2.0,0.0,1.0,3.0,0
-0.8993609494579343,0.22972972972972971,6.0,0.0,1.0,5.0,0
-0.3681328042141636,0.8108108108108106,1.0,1.0,0.0,2.0,0
-0.832957431302463,0.5641891891891891,6.0,0.0,1.0,0.0,0
-0.3681328042141636,0.7010135135135133,4.0,0.0,1.0,1.0,0
-0.3017292860586923,0.5929054054054054,5.0,1.0,0.0,2.0,1
-1.3641855765462336,0.5016891891891889,4.0,1.0,0.0,2.0,0
-2.16102779441189,0.2010135135135135,4.0,1.0,0.0,0.0,0
-0.5009398405251063,0.5118243243243242,4.0,1.0,0.0,4.0,0
1.955990331227333,0.20608108108108103,5.0,1.0,0.0,0.0,0
-0.5673433586805776,0.05912162162162149,8.0,0.0,1.0,5.0,0
0.4951129318069637,0.12162162162162149,0.0,0.0,1.0,3.0,0
-1.1649750220798196,0.6486486486486486,3.0,0.0,1.0,0.0,0
0.0966918228741357,0.3445945945945944,4.0,1.0,0.0,0.0,0
0.7607270044288491,0.5118243243243242,3.0,1.0,0.0,3.0,0
-0.43453632236963496,0.4138513513513512,1.0,0.0,1.0,0.0,0
-0.3017292860586923,0.3513513513513512,6.0,1.0,0.0,0.0,0
0.0966918228741357,0.6604729729729727,6.0,0.0,1.0,3.0,0
-0.16892224974774964,0.7094594594594593,1.0,0.0,1.0,5.0,1
-0.5673433586805776,0.6216216216216216,0.0,0.0,1.0,5.0,0
-0.7665539131469916,0.6165540540540538,1.0,0.0,1.0,2.0,1
-0.5673433586805776,0.26182432432432423,4.0,0.0,1.0,2.0,0
-0.633746876836049,0.6756756756756753,1.0,0.0,1.0,4.0,1
0.8271305225843204,0.8479729729729729,5.0,0.0,1.0,4.0,1
0.7607270044288491,0.21283783783783772,4.0,1.0,0.0,0.0,0
0.6943234862733777,0.3479729729729729,7.0,0.0,1.0,0.0,0
0.36230589549602105,0.8277027027027025,8.0,1.0,0.0,1.0,0
0.4951129318069637,0.6672297297297297,5.0,0.0,1.0,1.0,0
-1.430589094701705,0.6097972972972973,2.0,0.0,1.0,0.0,0
1.2255516315171484,0.16047297297297292,8.0,0.0,1.0,0.0,0
-1.0985715039243482,0.8665540540540538,3.0,0.0,1.0,0.0,0
-0.8993609494579343,0.17567567567567566,2.0,1.0,0.0,3.0,0
-0.23532576790322096,0.6030405405405402,9.0,1.0,0.0,0.0,0
1.557569222294505,0.40033783783783783,5.0,1.0,0.0,3.0,0
0.9599375588952631,0.9087837837837837,5.0,0.0,1.0,1.0,0
0.2959023773405497,0.9239864864864863,0.0,1.0,0.0,3.0,0
-0.16892224974774964,0.1875,5.0,1.0,0.0,4.0,0
0.22949885918507837,0.822635135135135,9.0,0.0,1.0,3.0,0
-0.5673433586805776,0.2010135135135135,2.0,0.0,1.0,1.0,0
-0.1025187315922783,0.5523648648648646,6.0,1.0,0.0,1.0,0
1.0927445952062058,0.8699324324324321,8.0,1.0,0.0,2.0,1
-0.5673433586805776,0.09121621621621623,6.0,0.0,1.0,0.0,0
1.0263410770507344,0.41891891891891875,0.0,0.0,1.0,3.0,0
-0.633746876836049,0.4932432432432431,8.0,0.0,1.0,0.0,0
0.561516449962435,0.7415540540540538,9.0,1.0,0.0,2.0,1
-1.3641855765462336,0.7837837837837837,7.0,1.0,0.0,5.0,0
0.4287094136514924,0.1385135135135135,7.0,0.0,1.0,2.0,0
0.8935340407397917,0.18918918918918914,9.0,0.0,1.0,3.0,0
-0.1025187315922783,0.7027027027027025,5.0,1.0,0.0,5.0,0
-1.0985715039243482,0.8327702702702703,1.0,0.0,1.0,2.0,0
-0.23532576790322096,0.6418918918918918,5.0,0.0,1.0,3.0,0
-0.5009398405251063,0.40202702702702686,4.0,1.0,0.0,5.0,0
0.9599375588952631,0.6689189189189187,9.0,1.0,0.0,0.0,0
-0.832957431302463,0.8885135135135135,2.0,1.0,0.0,5.0,1
-0.832957431302463,0.6165540540540538,3.0,1.0,0.0,3.0,0
-0.832957431302463,0.17905405405405395,8.0,0.0,1.0,4.0,0
-0.633746876836049,0.2533783783783784,2.0,1.0,0.0,2.0,0
-0.5673433586805776,0.4543918918918918,7.0,0.0,1.0,3.0,0
1.2919551496726198,0.6148648648648646,6.0,1.0,0.0,2.0,1
-0.43453632236963496,0.4054054054054054,8.0,1.0,0.0,1.0,0
-0.43453632236963496,0.6402027027027025,8.0,1.0,0.0,4.0,1
-1.7626066854790616,0.11655405405405406,4.0,1.0,0.0,4.0,0
0.6279199681179064,0.3445945945945944,3.0,0.0,1.0,0.0,0
0.4287094136514924,0.2888513513513512,3.0,0.0,1.0,5.0,0
0.36230589549602105,0.43581081081081063,2.0,0.0,1.0,3.0,0
1.2255516315171484,0.6537162162162161,6.0,1.0,0.0,5.0,1
-0.5673433586805776,0.7567567567567565,1.0,1.0,0.0,2.0,0
-2.0946242762564182,0.4966216216216216,9.0,1.0,0.0,1.0,0
-0.633746876836049,0.20270270270270263,8.0,0.0,1.0,0.0,0
1.8231832949163904,0.1351351351351351,5.0,0.0,1.0,2.0,0
0.03028830471866437,0.5253378378378378,2.0,1.0,0.0,0.0,0
0.6943234862733777,0.7905405405405405,9.0,0.0,1.0,1.0,0
0.03028830471866437,0.19932432432432423,2.0,1.0,0.0,2.0,0
-0.832957431302463,0.17905405405405395,8.0,0.0,1.0,5.0,0
0.561516449962435,0.25844594594594594,6.0,1.0,0.0,2.0,0
1.4911657041390338,0.3834459459459457,0.0,1.0,0.0,5.0,0
0.9599375588952631,0.6047297297297295,2.0,1.0,0.0,1.0,0
1.159148113361677,0.20945945945945943,4.0,1.0,0.0,2.0,0
-0.5009398405251063,0.2804054054054054,4.0,1.0,0.0,3.0,0
0.6943234862733777,0.31081081081081063,6.0,1.0,0.0,5.0,0
-1.1649750220798196,0.9020270270270269,2.0,0.0,1.0,4.0,1
1.6239727404499764,0.9645270270270269,4.0,1.0,0.0,4.0,1
0.36230589549602105,0.6131756756756755,1.0,0.0,1.0,3.0,0
-0.9657644676134056,0.9087837837837837,6.0,1.0,0.0,5.0,0
-0.633746876836049,0.4510135135135135,4.0,1.0,0.0,5.0,0
-0.832957431302463,0.30405405405405384,9.0,0.0,1.0,5.0,0
0.4287094136514924,0.9070945945945944,1.0,0.0,1.0,4.0,0
0.4287094136514924,0.21621621621621623,6.0,0.0,1.0,0.0,0
-0.1025187315922783,0.5135135135135135,4.0,1.0,0.0,0.0,0
0.16309534102960704,0.8851351351351348,2.0,1.0,0.0,4.0,1
0.22949885918507837,0.697635135135135,5.0,1.0,0.0,1.0,0
0.03028830471866437,0.7212837837837837,6.0,1.0,0.0,1.0,0
0.36230589549602105,0.15033783783783772,5.0,0.0,1.0,4.0,0
-3.223484084899431,0.48817567567567555,0.0,1.0,0.0,0.0,0
0.2959023773405497,0.608108108108108,2.0,1.0,0.0,3.0,1
-0.16892224974774964,0.831081081081081,1.0,0.0,1.0,4.0,0
1.0927445952062058,0.6266891891891891,5.0,1.0,0.0,3.0,1
1.159148113361677,0.22635135135135132,8.0,1.0,0.0,1.0,0
-0.3681328042141636,0.537162162162162,6.0,1.0,0.0,3.0,0
-0.7001503949915203,0.8074324324324323,0.0,0.0,1.0,0.0,0
-0.7665539131469916,0.7314189189189185,6.0,1.0,0.0,2.0,1
-0.7665539131469916,0.7922297297297297,2.0,1.0,0.0,2.0,0
0.4951129318069637,0.6199324324324323,1.0,1.0,0.0,4.0,0
0.8271305225843204,0.40878378378378366,8.0,0.0,1.0,4.0,1
0.22949885918507837,0.25844594594594594,9.0,0.0,1.0,2.0,0
1.2255516315171484,0.2888513513513512,0.0,1.0,0.0,5.0,0
-1.0985715039243482,0.7483108108108109,2.0,1.0,0.0,4.0,0
0.0966918228741357,0.7432432432432431,1.0,1.0,0.0,3.0,0
0.7607270044288491,0.08952702702702697,5.0,0.0,1.0,2.0,1
0.36230589549602105,0.797297297297297,2.0,1.0,0.0,2.0,0
0.16309534102960704,0.8986486486486484,7.0,0.0,1.0,5.0,0
0.6943234862733777,0.4898648648648648,6.0,1.0,0.0,1.0,0
-0.832957431302463,0.1385135135135135,1.0,1.0,0.0,5.0,0
-1.5633961310126476,0.4932432432432431,8.0,1.0,0.0,5.0,0
-0.8993609494579343,0.420608108108108,8.0,0.0,1.0,0.0,0
-0.633746876836049,0.14864864864864857,6.0,1.0,0.0,1.0,0
-0.16892224974774964,0.3547297297297295,7.0,1.0,0.0,3.0,0
0.561516449962435,0.18243243243243235,7.0,0.0,1.0,5.0,0
1.159148113361677,0.8023648648648646,2.0,1.0,0.0,5.0,1
0.03028830471866437,0.8783783783783782,7.0,1.0,0.0,5.0,1
-0.832957431302463,0.6891891891891889,9.0,0.0,1.0,0.0,0
0.6943234862733777,0.7635135135135135,6.0,1.0,0.0,0.0,0
-1.231378540235291,0.4104729729729729,2.0,1.0,0.0,5.0,0
-1.9618172399454756,0.12331081081081063,7.0,0.0,1.0,0.0,0
0.16309534102960704,0.7432432432432431,9.0,0.0,1.0,0.0,0
-1.032167985768877,0.733108108108108,1.0,1.0,0.0,2.0,0
-0.43453632236963496,0.17229729729729715,7.0,0.0,1.0,5.0,0
1.2919551496726198,0.4999999999999999,4.0,0.0,1.0,0.0,0
-0.3681328042141636,0.5979729729729729,7.0,1.0,0.0,3.0,1
0.561516449962435,0.8513513513513512,5.0,0.0,1.0,0.0,0
0.9599375588952631,0.7212837837837837,3.0,0.0,1.0,1.0,0
0.2959023773405497,0.8547297297297295,5.0,0.0,1.0,4.0,0
1.0927445952062058,0.6689189189189187,5.0,0.0,1.0,3.0,1
1.2255516315171484,0.5641891891891891,3.0,1.0,0.0,5.0,0
-2.16102779441189,0.7179054054054052,4.0,0.0,1.0,4.0,0
2.487218476471104,0.8192567567567567,3.0,1.0,0.0,5.0,1
-2.4930453851892462,0.47128378378378366,6.0,1.0,0.0,0.0,0
1.8895868130718618,0.8124999999999997,7.0,1.0,0.0,3.0,1
-0.43453632236963496,0.8547297297297295,5.0,1.0,0.0,3.0,0
0.4287094136514924,0.7888513513513512,8.0,1.0,0.0,2.0,0
0.03028830471866437,0.29054054054054046,4.0,0.0,1.0,5.0,0
-0.832957431302463,0.3969594594594593,0.0,1.0,0.0,0.0,0
-1.7626066854790616,0.8361486486486486,5.0,1.0,0.0,0.0,0
-1.7626066854790616,0.9915540540540538,0.0,0.0,1.0,4.0,0
1.4247621859835624,0.260135135135135,3.0,1.0,0.0,3.0,0
0.03028830471866437,0.7162162162162159,3.0,1.0,0.0,3.0,1
0.8935340407397917,0.17229729729729715,5.0,1.0,0.0,2.0,0
-0.5673433586805776,0.0625,0.0,0.0,1.0,4.0,0
-0.9657644676134056,0.48479729729729726,1.0,0.0,1.0,2.0,0
-0.7665539131469916,0.5591216216216214,8.0,1.0,0.0,4.0,0
0.8271305225843204,0.6469594594594591,2.0,0.0,1.0,2.0,1
1.2919551496726198,0.09966216216216206,1.0,1.0,0.0,4.0,0
2.487218476471104,0.36655405405405406,8.0,1.0,0.0,3.0,0
0.0966918228741357,0.3918918918918918,7.0,1.0,0.0,0.0,0
0.8935340407397917,0.8479729729729729,8.0,1.0,0.0,4.0,1
-1.032167985768877,0.1182432432432432,9.0,1.0,0.0,1.0,0
0.8271305225843204,0.6148648648648646,6.0,1.0,0.0,4.0,1
1.0927445952062058,0.8293918918918916,0.0,1.0,0.0,5.0,1
2.022393849382804,0.0557432432432432,8.0,0.0,1.0,0.0,0
-0.7001503949915203,0.3344594594594593,9.0,1.0,0.0,1.0,0
-0.16892224974774964,0.2010135135135135,2.0,0.0,1.0,1.0,0
-0.5673433586805776,0.37331081081081063,7.0,1.0,0.0,3.0,0
1.4247621859835624,0.8277027027027025,1.0,0.0,1.0,4.0,1
-2.4930453851892462,0.6841216216216214,2.0,0.0,1.0,4.0,0
1.2919551496726198,0.6570945945945944,7.0,1.0,0.0,4.0,1
-1.9618172399454756,0.1317567567567568,9.0,1.0,0.0,2.0,0
0.22949885918507837,0.7736486486486484,4.0,1.0,0.0,0.0,0
1.0263410770507344,0.4172297297297295,5.0,0.0,1.0,1.0,0
-2.0946242762564182,0.17567567567567566,7.0,0.0,1.0,4.0,0
-0.5673433586805776,0.5439189189189187,1.0,0.0,1.0,1.0,0
0.8935340407397917,0.322635135135135,1.0,1.0,0.0,0.0,0
0.03028830471866437,0.7077702702702703,4.0,0.0,1.0,4.0,0
-1.2977820583907622,0.45777027027027006,6.0,1.0,0.0,3.0,0
-0.7665539131469916,0.39358108108108103,9.0,0.0,1.0,5.0,0
0.22949885918507837,0.011824324324324342,2.0,0.0,1.0,4.0,0
-0.633746876836049,0.1385135135135135,8.0,0.0,1.0,3.0,0
-0.43453632236963496,0.7195945945945946,6.0,0.0,1.0,1.0,0
0.22949885918507837,0.24493243243243235,9.0,1.0,0.0,0.0,0
0.7607270044288491,0.36993243243243235,9.0,0.0,1.0,2.0,0
-0.16892224974774964,0.14864864864864857,0.0,0.0,1.0,1.0,0
-0.633746876836049,0.9290540540540536,9.0,1.0,0.0,5.0,1
-0.8993609494579343,0.8327702702702703,0.0,1.0,0.0,2.0,1
0.0966918228741357,0.3158783783783784,6.0,0.0,1.0,0.0,0
0.36230589549602105,0.45608108108108103,4.0,0.0,1.0,1.0,0
-0.3681328042141636,0.6874999999999997,6.0,1.0,0.0,1.0,0
0.4951129318069637,0.8564189189189185,7.0,1.0,0.0,2.0,0
-1.6962031673235902,0.8885135135135135,6.0,1.0,0.0,1.0,0
0.9599375588952631,0.2804054054054054,6.0,1.0,0.0,4.0,0
-1.231378540235291,0.4054054054054054,6.0,1.0,0.0,4.0,0
-0.16892224974774964,0.21790540540540537,2.0,1.0,0.0,0.0,0
-0.7665539131469916,0.9324324324324323,3.0,0.0,1.0,4.0,0
0.9599375588952631,0.6841216216216214,5.0,0.0,1.0,1.0,1
0.9599375588952631,0.2466216216216216,8.0,1.0,0.0,2.0,0
1.6903762586054478,0.29391891891891897,3.0,1.0,0.0,2.0,0
1.2919551496726198,0.6554054054054052,0.0,0.0,1.0,4.0,1
-1.8954137217900044,0.22804054054054046,4.0,1.0,0.0,2.0,0
0.561516449962435,0.5945945945945946,7.0,0.0,1.0,4.0,1
1.756779776760919,0.49831081081081063,5.0,1.0,0.0,2.0,0
-2.825062975966603,0.8699324324324321,3.0,1.0,0.0,4.0,0
0.22949885918507837,0.3682432432432431,2.0,0.0,1.0,5.0,0
1.2255516315171484,0.6587837837837834,1.0,1.0,0.0,1.0,1
1.4247621859835624,0.1875,3.0,1.0,0.0,2.0,0
0.6279199681179064,0.4797297297297295,9.0,1.0,0.0,1.0,0
-1.5633961310126476,0.24831081081081063,2.0,1.0,0.0,2.0,0
0.4951129318069637,0.9256756756756753,8.0,1.0,0.0,5.0,0
0.8935340407397917,0.787162162162162,4.0,1.0,0.0,5.0,1
-0.43453632236963496,0.8192567567567567,7.0,0.0,1.0,1.0,0
0.4287094136514924,0.797297297297297,5.0,1.0,0.0,0.0,0
-2.0946242762564182,0.2989864864864863,3.0,0.0,1.0,5.0,0
-1.3641855765462336,0.572635135135135,8.0,1.0,0.0,3.0,0
0.2959023773405497,0.5168918918918918,4.0,0.0,1.0,5.0,0
0.6279199681179064,0.9239864864864863,9.0,0.0,1.0,1.0,0
-0.633746876836049,0.23141891891891886,7.0,1.0,0.0,0.0,0
-0.9657644676134056,0.7432432432432431,9.0,1.0,0.0,0.0,0
0.6943234862733777,0.7567567567567565,4.0,1.0,0.0,2.0,0
0.16309534102960704,0.5506756756756755,0.0,0.0,1.0,1.0,0
0.8935340407397917,0.7567567567567565,9.0,1.0,0.0,4.0,1
1.6903762586054478,0.7212837837837837,1.0,1.0,0.0,5.0,1
1.159148113361677,0.18918918918918914,7.0,1.0,0.0,2.0,1
0.6943234862733777,0.5844594594594593,9.0,1.0,0.0,5.0,0
0.561516449962435,0.3057432432432431,4.0,1.0,0.0,5.0,0
-0.7001503949915203,0.22128378378378366,5.0,1.0,0.0,0.0,0
1.557569222294505,0.42905405405405406,9.0,0.0,1.0,0.0,0
-1.231378540235291,0.1351351351351351,1.0,0.0,1.0,1.0,0
0.561516449962435,0.6672297297297297,1.0,1.0,0.0,5.0,0
-0.036115213436806966,0.16722972972972971,8.0,0.0,1.0,1.0,0
-0.7665539131469916,0.697635135135135,2.0,0.0,1.0,2.0,1
-1.3641855765462336,0.6570945945945944,6.0,0.0,1.0,4.0,0
0.4951129318069637,0.2466216216216216,0.0,1.0,0.0,2.0,0
0.8271305225843204,0.7398648648648646,4.0,0.0,1.0,5.0,1
0.36230589549602105,0.14527027027027029,7.0,1.0,0.0,2.0,0
-1.629799649168119,0.20439189189189177,5.0,0.0,1.0,3.0,0
-1.4969926128571762,0.18243243243243235,8.0,0.0,1.0,2.0,0
1.4247621859835624,0.1976351351351351,2.0,1.0,0.0,2.0,0
1.2255516315171484,0.27195945945945954,1.0,1.0,0.0,0.0,0
-0.7665539131469916,0.41554054054054046,0.0,1.0,0.0,0.0,0
0.8271305225843204,0.41891891891891875,1.0,1.0,0.0,2.0,1
0.0966918228741357,0.7516891891891891,3.0,1.0,0.0,2.0,0
0.8271305225843204,0.6013513513513512,3.0,1.0,0.0,1.0,1
0.36230589549602105,0.9020270270270269,3.0,0.0,1.0,0.0,0
-1.4969926128571762,0.33277027027027006,7.0,0.0,1.0,4.0,0
-1.2977820583907622,0.2432432432432433,4.0,0.0,1.0,4.0,0
0.8935340407397917,0.9070945945945944,2.0,1.0,0.0,5.0,1
0.4287094136514924,0.4341216216216216,3.0,1.0,0.0,5.0,0
-1.3641855765462336,0.8277027027027025,9.0,1.0,0.0,0.0,0
-0.16892224974774964,0.8631756756756755,3.0,0.0,1.0,2.0,1
1.6239727404499764,0.22297297297297292,9.0,0.0,1.0,4.0,1
1.756779776760919,0.5506756756756755,9.0,1.0,0.0,1.0,0
-0.036115213436806966,0.581081081081081,4.0,0.0,1.0,0.0,0
-0.43453632236963496,0.7770270270270269,0.0,1.0,0.0,4.0,1
-0.3017292860586923,0.5320945945945946,7.0,0.0,1.0,2.0,0
0.22949885918507837,0.233108108108108,5.0,0.0,1.0,5.0,0
-1.1649750220798196,0.18243243243243235,0.0,1.0,0.0,5.0,0
0.4951129318069637,0.14527027027027029,9.0,1.0,0.0,4.0,0
0.6943234862733777,0.3513513513513512,0.0,1.0,0.0,5.0,0
-0.633746876836049,0.697635135135135,0.0,1.0,0.0,4.0,1
-1.829010203634533,0.26858108108108103,6.0,0.0,1.0,4.0,0
0.36230589549602105,0.5878378378378376,7.0,1.0,0.0,2.0,1
-0.3017292860586923,0.7381756756756755,2.0,0.0,1.0,3.0,1
0.0966918228741357,0.608108108108108,3.0,0.0,1.0,5.0,1
0.7607270044288491,0.21114864864864857,7.0,1.0,0.0,0.0,0
0.03028830471866437,0.797297297297297,9.0,1.0,0.0,3.0,1
-0.43453632236963496,0.545608108108108,8.0,1.0,0.0,2.0,0
2.487218476471104,0.6469594594594591,8.0,0.0,1.0,1.0,1
0.561516449962435,0.4374999999999999,7.0,0.0,1.0,2.0,0
-1.3641855765462336,0.46452702702702686,9.0,1.0,0.0,5.0,0
-0.5673433586805776,0.7854729729729727,1.0,1.0,0.0,4.0,1
1.6239727404499764,0.7466216216216216,5.0,0.0,1.0,5.0,1
0.22949885918507837,0.6959459459459457,7.0,0.0,1.0,4.0,0
-2.360238348878304,0.4442567567567567,4.0,1.0,0.0,4.0,0
0.6943234862733777,0.8445945945945942,8.0,1.0,0.0,4.0,1
-2.8914664941220742,0.09628378378378377,4.0,1.0,0.0,1.0,0
-0.43453632236963496,0.3158783783783784,8.0,1.0,0.0,3.0,0
-1.5633961310126476,0.7736486486486484,1.0,1.0,0.0,2.0,0
0.16309534102960704,0.8445945945945942,9.0,0.0,1.0,5.0,0
-1.430589094701705,0.1976351351351351,9.0,0.0,1.0,5.0,0
0.16309534102960704,0.3445945945945944,9.0,0.0,1.0,2.0,0
0.9599375588952631,0.44932432432432423,3.0,1.0,0.0,3.0,1
2.022393849382804,0.5658783783783782,4.0,0.0,1.0,5.0,0
-0.43453632236963496,0.4864864864864863,0.0,1.0,0.0,3.0,0
-0.23532576790322096,0.8766891891891891,0.0,1.0,0.0,2.0,0
-0.43453632236963496,0.6942567567567567,9.0,1.0,0.0,5.0,0
0.7607270044288491,0.1773648648648648,5.0,1.0,0.0,2.0,0
0.03028830471866437,0.608108108108108,4.0,0.0,1.0,2.0,0
0.16309534102960704,0.7668918918918918,2.0,0.0,1.0,0.0,0
1.4247621859835624,0.7820945945945944,8.0,1.0,0.0,1.0,0
0.6943234862733777,0.6858108108108106,8.0,1.0,0.0,5.0,0
0.6279199681179064,0.08277027027027029,8.0,0.0,1.0,5.0,0
-0.5009398405251063,0.2364864864864865,7.0,0.0,1.0,2.0,0
-0.8993609494579343,0.2010135135135135,6.0,1.0,0.0,0.0,0
0.0966918228741357,0.7922297297297297,8.0,1.0,0.0,5.0,0
-0.3017292860586923,0.9104729729729727,2.0,1.0,0.0,4.0,0
0.22949885918507837,0.5422297297297295,3.0,1.0,0.0,1.0,0
-1.3641855765462336,0.7685810810810808,5.0,1.0,0.0,5.0,1
1.955990331227333,0.7162162162162159,7.0,1.0,0.0,2.0,1
-1.4969926128571762,0.5591216216216214,5.0,0.0,1.0,3.0,0
-0.9657644676134056,0.9510135135135133,9.0,1.0,0.0,2.0,0
-1.1649750220798196,0.6638513513513512,4.0,0.0,1.0,4.0,0
-0.036115213436806966,0.10979729729729726,3.0,1.0,0.0,0.0,0
-0.3017292860586923,0.9239864864864863,0.0,1.0,0.0,0.0,0
0.2959023773405497,0.19932432432432423,0.0,1.0,0.0,4.0,0
-0.633746876836049,0.6925675675675674,4.0,0.0,1.0,2.0,0
-0.9657644676134056,0.5506756756756755,1.0,1.0,0.0,4.0,0
0.0966918228741357,0.09966216216216206,1.0,1.0,0.0,1.0,0
-0.5673433586805776,0.6638513513513512,1.0,1.0,0.0,5.0,1
-0.3017292860586923,0.5202702702702701,7.0,1.0,0.0,5.0,0
-0.9657644676134056,0.9054054054054054,3.0,1.0,0.0,0.0,0
-1.1649750220798196,0.7179054054054052,7.0,1.0,0.0,1.0,0
0.36230589549602105,0.5270270270270269,8.0,1.0,0.0,5.0,0
1.2255516315171484,0.8293918918918916,5.0,0.0,1.0,0.0,1
-0.16892224974774964,0.1942567567567568,2.0,0.0,1.0,4.0,0
0.6943234862733777,0.3293918918918918,0.0,1.0,0.0,5.0,0
1.8231832949163904,0.706081081081081,9.0,1.0,0.0,2.0,1
1.159148113361677,0.31756756756756743,8.0,1.0,0.0,5.0,0
1.8231832949163904,0.6165540540540538,3.0,1.0,0.0,0.0,0
-1.3641855765462336,0.108108108108108,0.0,1.0,0.0,2.0,0
0.36230589549602105,0.7415540540540538,7.0,1.0,0.0,1.0,0
0.6279199681179064,0.7094594594594593,7.0,1.0,0.0,0.0,0
0.16309534102960704,0.5929054054054054,1.0,0.0,1.0,2.0,0
-0.5673433586805776,0.8749999999999999,5.0,1.0,0.0,1.0,0
-0.036115213436806966,0.4763513513513512,8.0,1.0,0.0,0.0,0
-0.7001503949915203,0.358108108108108,0.0,0.0,1.0,5.0,0
0.22949885918507837,0.5118243243243242,3.0,1.0,0.0,2.0,0
-1.6962031673235902,0.32770270270270274,3.0,0.0,1.0,0.0,0
